Name,Predicted,Actual
rub_1.wav,rub,rub
rub_2.wav,rub,rub
rub_3.wav,rub,rub
rub_4.wav,rub,rub
rub_5.wav,rub,rub
rub_6.wav,rub,rub
rub_7.wav,rub,rub
rub_8.wav,rub,rub
rub_9.wav,rub,rub
rub_10.wav,rub,rub
rub_11.wav,rub,rub
rub_12.wav,rub,rub
rub_13.wav,rub,rub
rub_14.wav,rub,rub
rub_15.wav,rub,rub
rub_16.wav,rub,rub
rub_17.wav,rub,rub
rub_18.wav,rub,rub
rub_19.wav,rub,rub
rub_20.wav,rub,rub
rub_21.wav,rub,rub
rub_22.wav,wood,rub
rub_23.wav,rub,rub
rub_24.wav,rub,rub
rub_25.wav,rub,rub
rub_26.wav,rub,rub
rub_27.wav,rub,rub
rub_28.wav,whistling,rub
rub_29.wav,rub,rub
rub_30.wav,rub,rub
rub_31.wav,rub,rub
rub_32.wav,scratch,rub
rub_33.wav,rub,rub
rub_34.wav,rub,rub
rub_35.wav,rub,rub
rub_36.wav,rub,rub
rub_37.wav,rub,rub
rub_38.wav,rub,rub
rub_39.wav,rub,rub
rub_40.wav,rub,rub
rub_41.wav,rub,rub
rub_42.wav,rub,rub
rub_43.wav,rub,rub
rub_44.wav,rub,rub
rub_45.wav,rub,rub
rub_46.wav,rub,rub
rub_47.wav,rub,rub
rub_48.wav,rub,rub
rub_49.wav,rub,rub
rub_50.wav,rub,rub
rub_51.wav,rub,rub
rub_52.wav,rub,rub
rub_53.wav,rub,rub
rub_54.wav,rub,rub
rub_55.wav,rub,rub
rub_56.wav,rub,rub
rub_57.wav,rub,rub
rub_58.wav,rub,rub
rub_59.wav,rub,rub
rub_60.wav,rub,rub
rub_61.wav,rub,rub
rub_62.wav,rub,rub
rub_63.wav,rub,rub
rub_64.wav,rub,rub
rub_65.wav,rub,rub
rub_66.wav,rub,rub
rub_67.wav,rub,rub
rub_68.wav,rub,rub
rub_69.wav,rub,rub
rub_70.wav,rub,rub
rub_71.wav,rub,rub
rub_72.wav,rub,rub
rub_73.wav,rub,rub
rub_74.wav,rub,rub
rub_75.wav,rub,rub
rub_76.wav,rub,rub
rub_77.wav,rub,rub
rub_78.wav,rub,rub
rub_79.wav,rub,rub
rub_80.wav,rub,rub
rub_81.wav,rub,rub
rub_82.wav,rub,rub
rub_83.wav,rub,rub
rub_84.wav,rub,rub
rub_85.wav,rub,rub
rub_86.wav,rub,rub
rub_87.wav,rub,rub
rub_88.wav,rub,rub
rub_89.wav,rub,rub
rub_90.wav,rub,rub
rub_91.wav,rub,rub
rub_92.wav,rub,rub
rub_93.wav,rub,rub
rub_94.wav,rub,rub
rub_95.wav,rub,rub
rub_96.wav,rub,rub
rub_97.wav,rub,rub
rub_98.wav,rub,rub
rub_99.wav,rub,rub
rub_100.wav,rub,rub
rub_101.wav,rub,rub
rub_102.wav,rub,rub
rub_103.wav,rub,rub
rub_104.wav,rub,rub
rub_105.wav,rub,rub
rub_106.wav,rub,rub
rub_107.wav,rub,rub
rub_108.wav,rub,rub
rub_109.wav,rub,rub
rub_110.wav,rub,rub
rub_111.wav,rub,rub
rub_112.wav,rub,rub
rub_113.wav,scratch,rub
rub_114.wav,rub,rub
rub_115.wav,rub,rub
rub_116.wav,rub,rub
rub_117.wav,rub,rub
rub_118.wav,rub,rub
rub_119.wav,rub,rub
rub_120.wav,rub,rub
rub_121.wav,rub,rub
rub_122.wav,rub,rub
rub_123.wav,rub,rub
rub_124.wav,rub,rub
rub_125.wav,rub,rub
rub_126.wav,rub,rub
rub_127.wav,rub,rub
rub_128.wav,rub,rub
rub_129.wav,heavy_equipment,rub
rub_130.wav,rub,rub
rub_131.wav,rub,rub
rub_132.wav,rub,rub
rub_133.wav,rub,rub
rub_134.wav,rub,rub
rub_135.wav,rub,rub
rub_136.wav,rub,rub
rub_137.wav,rub,rub
rub_138.wav,rub,rub
rub_139.wav,rub,rub
rub_140.wav,rub,rub
rub_141.wav,rub,rub
rub_142.wav,rub,rub
rub_143.wav,rub,rub
rub_144.wav,rub,rub
rub_145.wav,rub,rub
rub_146.wav,rub,rub
rub_147.wav,rub,rub
rub_148.wav,rub,rub
rub_149.wav,rub,rub
rub_150.wav,rub,rub
rub_151.wav,rub,rub
rub_152.wav,rub,rub
rub_153.wav,rub,rub
rub_154.wav,rub,rub
rub_155.wav,rub,rub
rub_156.wav,rub,rub
rub_157.wav,rub,rub
rub_158.wav,rub,rub
rub_159.wav,rub,rub
rub_160.wav,rub,rub
rub_161.wav,rub,rub
rub_162.wav,rub,rub
rub_163.wav,rub,rub
rub_164.wav,scratch,rub
rub_165.wav,rub,rub
rub_166.wav,rub,rub
rub_167.wav,rub,rub
rub_168.wav,rub,rub
rub_169.wav,rub,rub
rub_170.wav,rub,rub
rub_171.wav,rub,rub
rub_172.wav,rub,rub
rub_173.wav,rub,rub
rub_174.wav,rub,rub
rub_175.wav,rub,rub
rub_176.wav,rub,rub
rub_177.wav,rub,rub
rub_178.wav,rub,rub
rub_179.wav,rub,rub
rub_180.wav,rub,rub
rub_181.wav,rub,rub
rub_182.wav,rub,rub
rub_183.wav,rub,rub
rub_184.wav,scratch,rub
rub_185.wav,rub,rub
rub_186.wav,rub,rub
rub_187.wav,rub,rub
rub_188.wav,rub,rub
rub_189.wav,rub,rub
rub_190.wav,rub,rub
rub_191.wav,scratch,rub
rub_192.wav,rub,rub
rub_193.wav,rub,rub
rub_194.wav,rub,rub
rub_195.wav,rub,rub
rub_196.wav,rub,rub
rub_197.wav,rub,rub
rub_198.wav,rub,rub
rub_199.wav,rub,rub
rub_200.wav,rub,rub
rub_201.wav,rub,rub
rub_202.wav,rub,rub
rub_203.wav,rub,rub
rub_204.wav,rub,rub
rub_205.wav,rub,rub
rub_206.wav,dog,rub
rub_207.wav,rub,rub
rub_208.wav,rub,rub
rub_209.wav,rub,rub
rub_210.wav,rub,rub
rub_211.wav,rub,rub
rub_212.wav,rub,rub
rub_213.wav,rub,rub
rub_214.wav,rub,rub
rub_215.wav,rub,rub
rub_216.wav,rub,rub
rub_217.wav,rub,rub
rub_218.wav,rub,rub
rub_219.wav,rub,rub
rub_220.wav,rub,rub
rub_221.wav,rub,rub
rub_222.wav,rub,rub
rub_223.wav,rub,rub
rub_224.wav,rub,rub
rub_225.wav,rub,rub
rub_226.wav,rub,rub
rub_227.wav,crying_sobbing_wail,rub
rub_228.wav,rub,rub
rub_229.wav,rub,rub
rub_230.wav,rub,rub
rub_231.wav,rub,rub
rub_232.wav,heavy_equipment,rub
rub_233.wav,rub,rub
rub_234.wav,rub,rub
rub_235.wav,rub,rub
rub_236.wav,rub,rub
rub_237.wav,rub,rub
rub_238.wav,rub,rub
rub_239.wav,rub,rub
rub_240.wav,rub,rub
rub_241.wav,rub,rub
rub_242.wav,rub,rub
rub_243.wav,rub,rub
rub_244.wav,rub,rub
rub_245.wav,rub,rub
rub_246.wav,rub,rub
rub_247.wav,rub,rub
rub_248.wav,rub,rub
rub_249.wav,rub,rub
rub_250.wav,rub,rub
rub_251.wav,rub,rub
rub_252.wav,rub,rub
rub_253.wav,rub,rub
rub_254.wav,rub,rub
rub_255.wav,rub,rub
rub_256.wav,rub,rub
rub_257.wav,crying_sobbing_wail,rub
rub_258.wav,rub,rub
rub_259.wav,rub,rub
rub_260.wav,scratch,rub
rub_261.wav,rub,rub
rub_262.wav,rub,rub
rub_263.wav,rub,rub
rub_264.wav,rub,rub
rub_265.wav,rub,rub
rub_266.wav,rub,rub
rub_267.wav,rub,rub
rub_268.wav,rub,rub
rub_269.wav,rub,rub
rub_270.wav,rub,rub
rub_271.wav,rub,rub
rub_272.wav,rub,rub
rub_273.wav,scratch,rub
rub_274.wav,rub,rub
rub_275.wav,whistling,rub
rub_276.wav,rub,rub
rub_277.wav,rub,rub
rub_278.wav,rub,rub
rub_279.wav,rub,rub
rub_280.wav,rub,rub
rub_281.wav,rub,rub
rub_282.wav,rub,rub
rub_283.wav,rub,rub
rub_284.wav,rub,rub
rub_285.wav,rub,rub
rub_286.wav,rub,rub
rub_287.wav,rub,rub
rub_288.wav,rub,rub
rub_289.wav,rub,rub
rub_290.wav,rub,rub
rub_291.wav,rub,rub
rub_292.wav,rub,rub
rub_293.wav,rub,rub
rub_294.wav,rub,rub
rub_295.wav,rub,rub
rub_296.wav,rub,rub
rub_297.wav,rub,rub
rub_298.wav,rub,rub
rub_299.wav,rub,rub
rub_300.wav,rub,rub
rub_301.wav,rub,rub
rub_302.wav,rub,rub
rub_303.wav,rub,rub
rub_304.wav,rub,rub
rub_305.wav,rub,rub
rub_306.wav,rub,rub
rub_307.wav,rub,rub
rub_308.wav,rub,rub
rub_309.wav,rub,rub
rub_310.wav,rub,rub
rub_311.wav,rub,rub
rub_312.wav,rub,rub
rub_313.wav,rub,rub
rub_314.wav,rub,rub
rub_315.wav,rub,rub
rub_316.wav,rub,rub
rub_317.wav,rub,rub
rub_318.wav,rub,rub
rub_319.wav,rub,rub
rub_320.wav,rub,rub
rub_321.wav,rub,rub
rub_322.wav,rub,rub
rub_323.wav,rub,rub
rub_324.wav,rub,rub
rub_325.wav,rub,rub
rub_326.wav,rub,rub
rub_327.wav,rub,rub
rub_328.wav,rub,rub
rub_329.wav,rub,rub
rub_330.wav,rub,rub
rub_331.wav,rub,rub
rub_332.wav,rub,rub
rub_333.wav,rub,rub
rub_334.wav,rub,rub
rub_335.wav,rub,rub
rub_336.wav,rub,rub
rub_337.wav,rub,rub
rub_338.wav,rub,rub
rub_339.wav,rub,rub
rub_340.wav,rub,rub
rub_341.wav,rub,rub
rub_342.wav,rub,rub
rub_343.wav,rub,rub
rub_344.wav,rub,rub
rub_345.wav,rub,rub
rub_346.wav,rub,rub
rub_347.wav,rub,rub
rub_348.wav,rub,rub
rub_349.wav,rub,rub
rub_350.wav,rub,rub
rub_351.wav,rub,rub
rub_352.wav,rub,rub
rub_353.wav,rub,rub
rub_354.wav,rub,rub
rub_355.wav,rub,rub
rub_356.wav,rub,rub
rub_357.wav,rub,rub
rub_358.wav,rub,rub
rub_359.wav,rub,rub
rub_360.wav,rub,rub
rub_361.wav,rub,rub
rub_362.wav,rub,rub
rub_363.wav,scratch,rub
rub_364.wav,rub,rub
rub_365.wav,rub,rub
rub_366.wav,rub,rub
rub_367.wav,rub,rub
rub_368.wav,rub,rub
rub_369.wav,metal,rub
rub_370.wav,rub,rub
rub_371.wav,rub,rub
rub_372.wav,rub,rub
rub_373.wav,rub,rub
rub_374.wav,rub,rub
rub_375.wav,rub,rub
rub_376.wav,rub,rub
rub_377.wav,rub,rub
rub_378.wav,rub,rub
rub_379.wav,rub,rub
rub_380.wav,scratch,rub
rub_381.wav,rub,rub
rub_382.wav,rub,rub
rub_383.wav,rub,rub
rub_384.wav,rub,rub
rub_385.wav,rub,rub
rub_386.wav,rub,rub
rub_387.wav,rub,rub
rub_388.wav,rub,rub
rub_389.wav,rub,rub
rub_390.wav,rub,rub
rub_391.wav,rub,rub
rub_392.wav,rub,rub
rub_393.wav,rub,rub
rub_394.wav,rub,rub
rub_395.wav,rub,rub
rub_396.wav,rub,rub
rub_397.wav,rub,rub
rub_398.wav,rub,rub
rub_399.wav,rub,rub
rub_400.wav,rub,rub
rub_401.wav,rub,rub
rub_402.wav,rub,rub
rub_403.wav,rub,rub
rub_404.wav,rub,rub
rub_405.wav,rub,rub
rub_406.wav,rub,rub
rub_407.wav,rub,rub
rub_408.wav,rub,rub
rub_409.wav,rub,rub
rub_410.wav,rub,rub
rub_411.wav,rub,rub
rub_412.wav,rub,rub
rub_413.wav,rub,rub
rub_414.wav,rub,rub
rub_415.wav,rub,rub
rub_416.wav,rub,rub
rub_417.wav,rub,rub
rub_418.wav,rub,rub
rub_419.wav,rub,rub
rub_420.wav,rub,rub
rub_421.wav,rub,rub
rub_422.wav,rub,rub
rub_423.wav,rub,rub
rub_424.wav,rub,rub
rub_425.wav,rub,rub
rub_426.wav,rub,rub
rub_427.wav,rub,rub
rub_428.wav,rub,rub
rub_429.wav,whistling,rub
rub_430.wav,rub,rub
rub_431.wav,rub,rub
rub_432.wav,rub,rub
rub_433.wav,rub,rub
rub_434.wav,rub,rub
rub_435.wav,rub,rub
rub_436.wav,rub,rub
rub_437.wav,rub,rub
rub_438.wav,rub,rub
rub_439.wav,rub,rub
rub_440.wav,rub,rub
rub_441.wav,rub,rub
rub_442.wav,rub,rub
rub_443.wav,rub,rub
rub_444.wav,rub,rub
rub_445.wav,rub,rub
rub_446.wav,rub,rub
rub_447.wav,rub,rub
rub_448.wav,rub,rub
rub_449.wav,rub,rub
rub_450.wav,rub,rub
rub_451.wav,rub,rub
rub_452.wav,rub,rub
rub_453.wav,rub,rub
rub_454.wav,rub,rub
rub_455.wav,rub,rub
rub_456.wav,rub,rub
rub_457.wav,rub,rub
rub_458.wav,rub,rub
rub_459.wav,rub,rub
rub_460.wav,rub,rub
rub_461.wav,scratch,rub
rub_462.wav,rub,rub
rub_463.wav,rub,rub
rub_464.wav,rub,rub
rub_465.wav,rub,rub
rub_466.wav,rub,rub
rub_467.wav,rub,rub
rub_468.wav,rub,rub
rub_469.wav,rub,rub
rub_470.wav,rub,rub
rub_471.wav,rub,rub
rub_472.wav,rub,rub
rub_473.wav,rub,rub
rub_474.wav,rub,rub
rub_475.wav,rub,rub
rub_476.wav,cough,rub
rub_477.wav,rub,rub
rub_478.wav,rub,rub
rub_479.wav,rub,rub
rub_480.wav,scratch,rub
rub_481.wav,rub,rub
rub_482.wav,rub,rub
rub_483.wav,rub,rub
rub_484.wav,rub,rub
rub_485.wav,rub,rub
rub_486.wav,whispering,rub
rub_487.wav,scratch,rub
rub_488.wav,rub,rub
rub_489.wav,rub,rub
rub_490.wav,rub,rub
rub_491.wav,rub,rub
rub_492.wav,rub,rub
rub_493.wav,rub,rub
rub_494.wav,rub,rub
rub_495.wav,rub,rub
rub_496.wav,rub,rub
rub_497.wav,rub,rub
rub_498.wav,thunder,rub
rub_499.wav,rub,rub
rub_500.wav,rub,rub
rub_501.wav,rub,rub
rub_502.wav,rub,rub
rub_503.wav,rub,rub
rub_504.wav,rub,rub
rub_505.wav,rub,rub
rub_506.wav,crying_sobbing_wail,rub
rub_507.wav,rub,rub
rub_508.wav,rub,rub
rub_509.wav,rub,rub
rub_510.wav,rub,rub
rub_511.wav,rub,rub
rub_512.wav,rub,rub
rub_513.wav,rub,rub
rub_514.wav,rub,rub
rub_515.wav,rub,rub
rub_516.wav,dog,rub
rub_517.wav,rub,rub
rub_518.wav,rub,rub
rub_519.wav,rub,rub
rub_520.wav,rub,rub
rub_521.wav,rub,rub
rub_522.wav,rub,rub
rub_523.wav,rub,rub
rub_524.wav,rub,rub
rub_525.wav,rub,rub
rub_526.wav,rub,rub
rub_527.wav,whispering,rub
rub_528.wav,rub,rub
rub_529.wav,rub,rub
rub_530.wav,rub,rub
rub_531.wav,rub,rub
rub_532.wav,rub,rub
rub_533.wav,rub,rub
rub_534.wav,scratch,rub
rub_535.wav,rub,rub
rub_536.wav,rub,rub
rub_537.wav,rub,rub
rub_538.wav,rub,rub
rub_539.wav,rub,rub
rub_540.wav,rub,rub
rub_541.wav,rub,rub
rub_542.wav,rub,rub
rub_543.wav,rub,rub
rub_544.wav,rub,rub
rub_545.wav,rub,rub
rub_546.wav,rub,rub
rub_547.wav,rub,rub
rub_548.wav,rub,rub
rub_549.wav,rub,rub
rub_550.wav,rub,rub
rub_551.wav,rub,rub
rub_552.wav,rub,rub
rub_553.wav,rub,rub
rub_554.wav,rub,rub
rub_555.wav,rub,rub
rub_556.wav,rub,rub
rub_557.wav,rub,rub
rub_558.wav,sniff,rub
rub_559.wav,rub,rub
rub_560.wav,rub,rub
rub_561.wav,rub,rub
rub_562.wav,rub,rub
rub_563.wav,rub,rub
rub_564.wav,rub,rub
rub_565.wav,rub,rub
rub_566.wav,rub,rub
rub_567.wav,rub,rub
rub_568.wav,rub,rub
rub_569.wav,rub,rub
rub_570.wav,rub,rub
rub_571.wav,rub,rub
rub_572.wav,rub,rub
rub_573.wav,rub,rub
rub_574.wav,rub,rub
rub_575.wav,rub,rub
rub_576.wav,rub,rub
rub_577.wav,rub,rub
rub_578.wav,rub,rub
rub_579.wav,rub,rub
rub_580.wav,rub,rub
rub_581.wav,rub,rub
rub_582.wav,whistling,rub
rub_583.wav,rub,rub
rub_584.wav,rub,rub
rub_585.wav,rub,rub
rub_586.wav,rub,rub
rub_587.wav,rub,rub
rub_588.wav,rub,rub
rub_589.wav,scratch,rub
rub_590.wav,metal,rub
rub_591.wav,rub,rub
rub_592.wav,rub,rub
rub_593.wav,rub,rub
rub_594.wav,rub,rub
rub_595.wav,rub,rub
rub_596.wav,rub,rub
rub_597.wav,rub,rub
rub_598.wav,rub,rub
rub_599.wav,rub,rub
rub_600.wav,rub,rub
rub_601.wav,rub,rub
rub_602.wav,rub,rub
rub_603.wav,rub,rub
rub_604.wav,scratch,rub
rub_605.wav,rub,rub
rub_606.wav,rub,rub
rub_607.wav,rub,rub
rub_608.wav,rub,rub
rub_609.wav,rub,rub
rub_610.wav,whistling,rub
rub_611.wav,rub,rub
rub_612.wav,rub,rub
rub_613.wav,rub,rub
rub_614.wav,rub,rub
rub_615.wav,rub,rub
rub_616.wav,rub,rub
rub_617.wav,rub,rub
rub_618.wav,rub,rub
rub_619.wav,rub,rub
rub_620.wav,rub,rub
rub_621.wav,rub,rub
rub_622.wav,rub,rub
rub_623.wav,rub,rub
rub_624.wav,rub,rub
rub_625.wav,rub,rub
rub_626.wav,rub,rub
rub_627.wav,rub,rub
rub_628.wav,rub,rub
rub_629.wav,rub,rub
rub_630.wav,scratch,rub
rub_631.wav,rub,rub
rub_632.wav,rub,rub
rub_633.wav,rub,rub
rub_634.wav,tools,rub
rub_635.wav,rub,rub
rub_636.wav,sneeze,rub
rub_637.wav,rub,rub
rub_638.wav,rub,rub
rub_639.wav,rub,rub
rub_640.wav,rub,rub
rub_641.wav,rub,rub
rub_642.wav,rub,rub
rub_643.wav,crying_sobbing_wail,rub
rub_644.wav,rub,rub
rub_645.wav,rub,rub
rub_646.wav,rub,rub
rub_647.wav,rub,rub
rub_648.wav,rub,rub
rub_649.wav,rub,rub
rub_650.wav,rub,rub
rub_651.wav,rub,rub
rub_652.wav,rub,rub
rub_653.wav,rub,rub
rub_654.wav,rub,rub
rub_655.wav,rub,rub
rub_656.wav,rub,rub
rub_657.wav,rub,rub
rub_658.wav,rub,rub
rub_659.wav,rub,rub
rub_660.wav,rub,rub
rub_661.wav,rub,rub
rub_662.wav,rub,rub
rub_663.wav,rub,rub
rub_664.wav,whistling,rub
rub_665.wav,rub,rub
rub_666.wav,rub,rub
rub_667.wav,rub,rub
rub_668.wav,rub,rub
rub_669.wav,rub,rub
rub_670.wav,rub,rub
rub_671.wav,rub,rub
rub_672.wav,rub,rub
rub_673.wav,rub,rub
rub_674.wav,rub,rub
rub_675.wav,rub,rub
rub_676.wav,rub,rub
rub_677.wav,rub,rub
rub_678.wav,rub,rub
rub_679.wav,rub,rub
rub_680.wav,rub,rub
rub_681.wav,rub,rub
rub_682.wav,rub,rub
rub_683.wav,rub,rub
rub_684.wav,rub,rub
rub_685.wav,rub,rub
rub_686.wav,rub,rub
rub_687.wav,rub,rub
rub_688.wav,rub,rub
rub_689.wav,rub,rub
rub_690.wav,rub,rub
rub_691.wav,rub,rub
rub_692.wav,rub,rub
rub_693.wav,rub,rub
rub_694.wav,rub,rub
rub_695.wav,rub,rub
rub_696.wav,rub,rub
rub_697.wav,rub,rub
rub_698.wav,rub,rub
rub_699.wav,rub,rub
rub_700.wav,rub,rub
rub_701.wav,rub,rub
rub_702.wav,rub,rub
rub_703.wav,rub,rub
rub_704.wav,rub,rub
rub_705.wav,rub,rub
rub_706.wav,rub,rub
rub_707.wav,rub,rub
rub_708.wav,rub,rub
rub_709.wav,rub,rub
rub_710.wav,rub,rub
rub_711.wav,rub,rub
rub_712.wav,rub,rub
rub_713.wav,rub,rub
rub_714.wav,rub,rub
rub_715.wav,rub,rub
rub_716.wav,rub,rub
rub_717.wav,rub,rub
rub_718.wav,rub,rub
rub_719.wav,rub,rub
rub_720.wav,rub,rub
rub_721.wav,rub,rub
rub_722.wav,rub,rub
rub_723.wav,rub,rub
rub_724.wav,rub,rub
rub_725.wav,rub,rub
rub_726.wav,rub,rub
rub_727.wav,rub,rub
rub_728.wav,rub,rub
rub_729.wav,rub,rub
rub_730.wav,rub,rub
rub_731.wav,rub,rub
rub_732.wav,rub,rub
rub_733.wav,rub,rub
rub_734.wav,scratch,rub
rub_735.wav,rub,rub
rub_736.wav,rub,rub
rub_737.wav,rub,rub
rub_738.wav,rub,rub
rub_739.wav,rub,rub
rub_740.wav,whistling,rub
rub_741.wav,rub,rub
rub_742.wav,rub,rub
rub_743.wav,rub,rub
rub_744.wav,rub,rub
rub_745.wav,rub,rub
rub_746.wav,rub,rub
rub_747.wav,rub,rub
rub_748.wav,rub,rub
rub_749.wav,rub,rub
rub_750.wav,rub,rub
rub_751.wav,rub,rub
rub_752.wav,rub,rub
rub_753.wav,rub,rub
rub_754.wav,rub,rub
rub_755.wav,rub,rub
rub_756.wav,rub,rub
rub_757.wav,rub,rub
rub_758.wav,rub,rub
rub_759.wav,rub,rub
rub_760.wav,rub,rub
rub_761.wav,rub,rub
rub_762.wav,rub,rub
rub_763.wav,rub,rub
rub_764.wav,rub,rub
rub_765.wav,rub,rub
rub_766.wav,rub,rub
rub_767.wav,rub,rub
rub_768.wav,safety_alarm,rub
rub_769.wav,rub,rub
rub_770.wav,rub,rub
rub_771.wav,rub,rub
rub_772.wav,rub,rub
rub_773.wav,rub,rub
rub_774.wav,rub,rub
rub_775.wav,rub,rub
rub_776.wav,rub,rub
rub_777.wav,rub,rub
rub_778.wav,rub,rub
rub_779.wav,rub,rub
rub_780.wav,rub,rub
rub_781.wav,rub,rub
rub_782.wav,rub,rub
rub_783.wav,rub,rub
rub_784.wav,rub,rub
rub_785.wav,rub,rub
rub_786.wav,rub,rub
rub_787.wav,rub,rub
rub_788.wav,rub,rub
rub_789.wav,rub,rub
rub_790.wav,rub,rub
rub_791.wav,rub,rub
rub_792.wav,rub,rub
rub_793.wav,rub,rub
rub_794.wav,rub,rub
rub_795.wav,rub,rub
rub_796.wav,rub,rub
rub_797.wav,rub,rub
rub_798.wav,rub,rub
rub_799.wav,rub,rub
rub_800.wav,rub,rub
rub_801.wav,rub,rub
rub_802.wav,rub,rub
rub_803.wav,scratch,rub
rub_804.wav,rub,rub
rub_805.wav,rub,rub
rub_806.wav,rub,rub
rub_807.wav,rub,rub
rub_808.wav,rub,rub
rub_809.wav,rub,rub
rub_810.wav,rub,rub
rub_811.wav,rub,rub
rub_812.wav,rub,rub
rub_813.wav,rub,rub
rub_814.wav,rub,rub
rub_815.wav,rub,rub
rub_816.wav,rub,rub
rub_817.wav,rub,rub
rub_818.wav,rub,rub
rub_819.wav,rub,rub
rub_820.wav,rub,rub
rub_821.wav,rub,rub
rub_822.wav,rub,rub
rub_823.wav,rub,rub
rub_824.wav,rub,rub
rub_825.wav,rub,rub
rub_826.wav,rub,rub
rub_827.wav,rub,rub
rub_828.wav,rub,rub
rub_829.wav,rub,rub
rub_830.wav,rub,rub
rub_831.wav,rub,rub
rub_832.wav,rub,rub
rub_833.wav,rub,rub
rub_834.wav,rub,rub
rub_835.wav,rub,rub
rub_836.wav,rub,rub
rub_837.wav,rub,rub
rub_838.wav,dog,rub
rub_839.wav,rub,rub
rub_840.wav,rub,rub
rub_841.wav,rub,rub
rub_842.wav,rub,rub
rub_843.wav,rub,rub
rub_844.wav,rub,rub
rub_845.wav,rub,rub
rub_846.wav,rub,rub
rub_847.wav,rub,rub
rub_848.wav,rub,rub
rub_849.wav,rub,rub
rub_850.wav,rub,rub
rub_851.wav,rub,rub
rub_852.wav,rub,rub
rub_853.wav,rub,rub
rub_854.wav,rub,rub
rub_855.wav,rub,rub
rub_856.wav,rub,rub
rub_857.wav,rub,rub
rub_858.wav,rub,rub
rub_859.wav,rub,rub
rub_860.wav,rub,rub
rub_861.wav,rub,rub
rub_862.wav,rub,rub
rub_863.wav,rub,rub
rub_864.wav,rub,rub
rub_865.wav,rub,rub
rub_866.wav,rub,rub
rub_867.wav,rub,rub
rub_868.wav,rub,rub
rub_869.wav,rub,rub
rub_870.wav,rub,rub
rub_871.wav,rub,rub
rub_872.wav,rub,rub
rub_873.wav,siren,rub
rub_874.wav,rub,rub
rub_875.wav,rub,rub
rub_876.wav,rub,rub
rub_877.wav,rub,rub
rub_878.wav,rub,rub
rub_879.wav,rub,rub
rub_880.wav,rub,rub
rub_881.wav,rub,rub
rub_882.wav,rub,rub
rub_883.wav,rub,rub
rub_884.wav,rub,rub
rub_885.wav,rub,rub
rub_886.wav,rub,rub
rub_887.wav,rub,rub
rub_888.wav,rub,rub
rub_889.wav,rub,rub
rub_890.wav,rub,rub
rub_891.wav,rub,rub
rub_892.wav,rub,rub
rub_893.wav,rub,rub
rub_894.wav,rub,rub
rub_895.wav,rub,rub
rub_896.wav,rub,rub
rub_897.wav,rub,rub
rub_898.wav,rub,rub
rub_899.wav,rub,rub
rub_900.wav,rub,rub
rub_901.wav,rub,rub
rub_902.wav,rub,rub
rub_903.wav,rub,rub
rub_904.wav,rub,rub
rub_905.wav,rub,rub
rub_906.wav,rub,rub
rub_907.wav,rub,rub
rub_908.wav,rub,rub
rub_909.wav,rub,rub
rub_910.wav,rub,rub
rub_911.wav,rub,rub
rub_912.wav,rub,rub
rub_913.wav,rub,rub
rub_914.wav,rub,rub
rub_915.wav,rub,rub
rub_916.wav,rub,rub
rub_917.wav,rub,rub
rub_918.wav,rub,rub
rub_919.wav,rub,rub
rub_920.wav,rub,rub
rub_921.wav,rub,rub
rub_922.wav,whistling,rub
rub_923.wav,rub,rub
rub_924.wav,rub,rub
rub_925.wav,rub,rub
rub_926.wav,rub,rub
rub_927.wav,rub,rub
rub_928.wav,rub,rub
rub_929.wav,rub,rub
rub_930.wav,rub,rub
rub_931.wav,water,rub
rub_932.wav,rub,rub
rub_933.wav,rub,rub
rub_934.wav,rub,rub
rub_935.wav,rub,rub
rub_936.wav,rub,rub
rub_937.wav,rub,rub
rub_938.wav,rub,rub
rub_939.wav,rub,rub
rub_940.wav,rub,rub
rub_941.wav,rub,rub
rub_942.wav,rub,rub
rub_943.wav,rub,rub
rub_944.wav,rub,rub
rub_945.wav,rub,rub
rub_946.wav,rub,rub
rub_947.wav,rub,rub
rub_948.wav,rub,rub
rub_949.wav,rub,rub
rub_950.wav,rub,rub
rub_951.wav,rub,rub
rub_952.wav,rub,rub
rub_953.wav,rub,rub
rub_954.wav,rub,rub
rub_955.wav,rub,rub
rub_956.wav,rub,rub
rub_957.wav,rub,rub
rub_958.wav,rub,rub
rub_959.wav,rub,rub
rub_960.wav,rub,rub
rub_961.wav,rub,rub
rub_962.wav,rub,rub
rub_963.wav,rub,rub
rub_964.wav,rub,rub
rub_965.wav,rub,rub
rub_966.wav,rub,rub
rub_967.wav,rub,rub
rub_968.wav,rub,rub
rub_969.wav,rub,rub
rub_970.wav,rub,rub
rub_971.wav,rub,rub
rub_972.wav,rub,rub
rub_973.wav,rub,rub
rub_974.wav,scratch,rub
rub_975.wav,rub,rub
rub_976.wav,rub,rub
rub_977.wav,rub,rub
rub_978.wav,rub,rub
rub_979.wav,rub,rub
rub_980.wav,rub,rub
rub_981.wav,rub,rub
rub_982.wav,rub,rub
rub_983.wav,rub,rub
rub_984.wav,rub,rub
rub_985.wav,rub,rub
rub_986.wav,rub,rub
rub_987.wav,rub,rub
rub_988.wav,rub,rub
rub_989.wav,rub,rub
rub_990.wav,rub,rub
rub_991.wav,rub,rub
rub_992.wav,rub,rub
rub_993.wav,rub,rub
rub_994.wav,rub,rub
rub_995.wav,scratch,rub
rub_996.wav,rub,rub
rub_997.wav,rub,rub
rub_998.wav,rub,rub
rub_999.wav,heavy_equipment,rub
rub_1000.wav,rub,rub
whistling_1.wav,whistling,whistling
whistling_2.wav,whistling,whistling
whistling_3.wav,whistling,whistling
whistling_4.wav,whistling,whistling
whistling_5.wav,whistling,whistling
whistling_6.wav,whistling,whistling
whistling_7.wav,whistling,whistling
whistling_8.wav,whistling,whistling
whistling_9.wav,whistling,whistling
whistling_10.wav,whistling,whistling
whistling_11.wav,whistling,whistling
whistling_12.wav,whistling,whistling
whistling_13.wav,whistling,whistling
whistling_14.wav,whistling,whistling
whistling_15.wav,whistling,whistling
whistling_16.wav,whistling,whistling
whistling_17.wav,whistling,whistling
whistling_18.wav,whistling,whistling
whistling_19.wav,whistling,whistling
whistling_20.wav,whistling,whistling
whistling_21.wav,whistling,whistling
whistling_22.wav,whistling,whistling
whistling_23.wav,whistling,whistling
whistling_24.wav,whistling,whistling
whistling_25.wav,whistling,whistling
whistling_26.wav,whistling,whistling
whistling_27.wav,whistling,whistling
whistling_28.wav,whistling,whistling
whistling_29.wav,whistling,whistling
whistling_30.wav,whistling,whistling
whistling_31.wav,whistling,whistling
whistling_32.wav,whistling,whistling
whistling_33.wav,whistling,whistling
whistling_34.wav,whistling,whistling
whistling_35.wav,whistling,whistling
whistling_36.wav,whistling,whistling
whistling_37.wav,whistling,whistling
whistling_38.wav,whistling,whistling
whistling_39.wav,whistling,whistling
whistling_40.wav,whistling,whistling
whistling_41.wav,whistling,whistling
whistling_42.wav,whistling,whistling
whistling_43.wav,whistling,whistling
whistling_44.wav,whistling,whistling
whistling_45.wav,whistling,whistling
whistling_46.wav,whistling,whistling
whistling_47.wav,whistling,whistling
whistling_48.wav,whistling,whistling
whistling_49.wav,whistling,whistling
whistling_50.wav,whistling,whistling
whistling_51.wav,whistling,whistling
whistling_52.wav,whistling,whistling
whistling_53.wav,whistling,whistling
whistling_54.wav,whistling,whistling
whistling_55.wav,whistling,whistling
whistling_56.wav,whistling,whistling
whistling_57.wav,whistling,whistling
whistling_58.wav,whistling,whistling
whistling_59.wav,whistling,whistling
whistling_60.wav,whistling,whistling
whistling_61.wav,whistling,whistling
whistling_62.wav,whistling,whistling
whistling_63.wav,whistling,whistling
whistling_64.wav,whistling,whistling
whistling_65.wav,whistling,whistling
whistling_66.wav,whistling,whistling
whistling_67.wav,whistling,whistling
whistling_68.wav,whistling,whistling
whistling_69.wav,whistling,whistling
whistling_70.wav,whistling,whistling
whistling_71.wav,whistling,whistling
whistling_72.wav,whistling,whistling
whistling_73.wav,whistling,whistling
whistling_74.wav,whistling,whistling
whistling_75.wav,whistling,whistling
whistling_76.wav,whistling,whistling
whistling_77.wav,whistling,whistling
whistling_78.wav,whistling,whistling
whistling_79.wav,whistling,whistling
whistling_80.wav,whistling,whistling
whistling_81.wav,whistling,whistling
whistling_82.wav,whistling,whistling
whistling_83.wav,whistling,whistling
whistling_84.wav,whistling,whistling
whistling_85.wav,whistling,whistling
whistling_86.wav,whistling,whistling
whistling_87.wav,whistling,whistling
whistling_88.wav,whistling,whistling
whistling_89.wav,whistling,whistling
whistling_90.wav,whistling,whistling
whistling_91.wav,whistling,whistling
whistling_92.wav,whistling,whistling
whistling_93.wav,whistling,whistling
whistling_94.wav,whistling,whistling
whistling_95.wav,whistling,whistling
whistling_96.wav,whistling,whistling
whistling_97.wav,whistling,whistling
whistling_98.wav,whistling,whistling
whistling_99.wav,whistling,whistling
whistling_100.wav,whistling,whistling
whistling_101.wav,whistling,whistling
whistling_102.wav,whistling,whistling
whistling_103.wav,whistling,whistling
whistling_104.wav,whistling,whistling
whistling_105.wav,whistling,whistling
whistling_106.wav,whistling,whistling
whistling_107.wav,whistling,whistling
whistling_108.wav,whistling,whistling
whistling_109.wav,whistling,whistling
whistling_110.wav,whistling,whistling
whistling_111.wav,whistling,whistling
whistling_112.wav,whistling,whistling
whistling_113.wav,whistling,whistling
whistling_114.wav,whistling,whistling
whistling_115.wav,whistling,whistling
whistling_116.wav,whistling,whistling
whistling_117.wav,whistling,whistling
whistling_118.wav,whistling,whistling
whistling_119.wav,whistling,whistling
whistling_120.wav,whistling,whistling
whistling_121.wav,whistling,whistling
whistling_122.wav,whistling,whistling
whistling_123.wav,whistling,whistling
whistling_124.wav,whistling,whistling
whistling_125.wav,whistling,whistling
whistling_126.wav,whistling,whistling
whistling_127.wav,whistling,whistling
whistling_128.wav,whistling,whistling
whistling_129.wav,whistling,whistling
whistling_130.wav,whistling,whistling
whistling_131.wav,whistling,whistling
whistling_132.wav,whistling,whistling
whistling_133.wav,whistling,whistling
whistling_134.wav,whistling,whistling
whistling_135.wav,whistling,whistling
whistling_136.wav,whistling,whistling
whistling_137.wav,whistling,whistling
whistling_138.wav,whistling,whistling
whistling_139.wav,whistling,whistling
whistling_140.wav,whistling,whistling
whistling_141.wav,whistling,whistling
whistling_142.wav,whistling,whistling
whistling_143.wav,whistling,whistling
whistling_144.wav,whistling,whistling
whistling_145.wav,whistling,whistling
whistling_146.wav,whistling,whistling
whistling_147.wav,whistling,whistling
whistling_148.wav,whistling,whistling
whistling_149.wav,whistling,whistling
whistling_150.wav,whistling,whistling
whistling_151.wav,whistling,whistling
whistling_152.wav,whistling,whistling
whistling_153.wav,whistling,whistling
whistling_154.wav,whistling,whistling
whistling_155.wav,whistling,whistling
whistling_156.wav,whistling,whistling
whistling_157.wav,whistling,whistling
whistling_158.wav,whistling,whistling
whistling_159.wav,whistling,whistling
whistling_160.wav,whistling,whistling
whistling_161.wav,whistling,whistling
whistling_162.wav,whistling,whistling
whistling_163.wav,whistling,whistling
whistling_164.wav,whistling,whistling
whistling_165.wav,whistling,whistling
whistling_166.wav,whistling,whistling
whistling_167.wav,whistling,whistling
whistling_168.wav,whistling,whistling
whistling_169.wav,whistling,whistling
whistling_170.wav,whistling,whistling
whistling_171.wav,whistling,whistling
whistling_172.wav,whistling,whistling
whistling_173.wav,whistling,whistling
whistling_174.wav,whistling,whistling
whistling_175.wav,whistling,whistling
whistling_176.wav,whistling,whistling
whistling_177.wav,whistling,whistling
whistling_178.wav,whistling,whistling
whistling_179.wav,whistling,whistling
whistling_180.wav,whistling,whistling
whistling_181.wav,whistling,whistling
whistling_182.wav,whistling,whistling
whistling_183.wav,whistling,whistling
whistling_184.wav,whistling,whistling
whistling_185.wav,whistling,whistling
whistling_186.wav,whistling,whistling
whistling_187.wav,whistling,whistling
whistling_188.wav,whistling,whistling
whistling_189.wav,whistling,whistling
whistling_190.wav,whistling,whistling
whistling_191.wav,whistling,whistling
whistling_192.wav,whistling,whistling
whistling_193.wav,whistling,whistling
whistling_194.wav,whistling,whistling
whistling_195.wav,whistling,whistling
whistling_196.wav,whistling,whistling
whistling_197.wav,whistling,whistling
whistling_198.wav,whistling,whistling
whistling_199.wav,whistling,whistling
whistling_200.wav,whistling,whistling
whistling_201.wav,whistling,whistling
whistling_202.wav,whistling,whistling
whistling_203.wav,whistling,whistling
whistling_204.wav,whistling,whistling
whistling_205.wav,whistling,whistling
whistling_206.wav,whistling,whistling
whistling_207.wav,whistling,whistling
whistling_208.wav,whistling,whistling
whistling_209.wav,whistling,whistling
whistling_210.wav,whistling,whistling
whistling_211.wav,whistling,whistling
whistling_212.wav,whistling,whistling
whistling_213.wav,whistling,whistling
whistling_214.wav,whistling,whistling
whistling_215.wav,whistling,whistling
whistling_216.wav,crying_sobbing_wail,whistling
whistling_217.wav,whistling,whistling
whistling_218.wav,whistling,whistling
whistling_219.wav,whistling,whistling
whistling_220.wav,whistling,whistling
whistling_221.wav,whistling,whistling
whistling_222.wav,whistling,whistling
whistling_223.wav,whistling,whistling
whistling_224.wav,whistling,whistling
whistling_225.wav,whistling,whistling
whistling_226.wav,whistling,whistling
whistling_227.wav,whistling,whistling
whistling_228.wav,whistling,whistling
whistling_229.wav,whistling,whistling
whistling_230.wav,whistling,whistling
whistling_231.wav,whistling,whistling
whistling_232.wav,whistling,whistling
whistling_233.wav,whistling,whistling
whistling_234.wav,whistling,whistling
whistling_235.wav,whistling,whistling
whistling_236.wav,whistling,whistling
whistling_237.wav,whistling,whistling
whistling_238.wav,whistling,whistling
whistling_239.wav,whistling,whistling
whistling_240.wav,whistling,whistling
whistling_241.wav,whistling,whistling
whistling_242.wav,whistling,whistling
whistling_243.wav,whistling,whistling
whistling_244.wav,whistling,whistling
whistling_245.wav,whistling,whistling
whistling_246.wav,whistling,whistling
whistling_247.wav,whistling,whistling
whistling_248.wav,whistling,whistling
whistling_249.wav,whistling,whistling
whistling_250.wav,whistling,whistling
whistling_251.wav,whistling,whistling
whistling_252.wav,whistling,whistling
whistling_253.wav,whistling,whistling
whistling_254.wav,whistling,whistling
whistling_255.wav,whistling,whistling
whistling_256.wav,whistling,whistling
whistling_257.wav,whistling,whistling
whistling_258.wav,whistling,whistling
whistling_259.wav,whistling,whistling
whistling_260.wav,whistling,whistling
whistling_261.wav,whistling,whistling
whistling_262.wav,whistling,whistling
whistling_263.wav,whistling,whistling
whistling_264.wav,whistling,whistling
whistling_265.wav,whistling,whistling
whistling_266.wav,whistling,whistling
whistling_267.wav,whistling,whistling
whistling_268.wav,whistling,whistling
whistling_269.wav,whistling,whistling
whistling_270.wav,whistling,whistling
whistling_271.wav,whistling,whistling
whistling_272.wav,whistling,whistling
whistling_273.wav,whistling,whistling
whistling_274.wav,whistling,whistling
whistling_275.wav,whistling,whistling
whistling_276.wav,whistling,whistling
whistling_277.wav,whistling,whistling
whistling_278.wav,whistling,whistling
whistling_279.wav,whistling,whistling
whistling_280.wav,whistling,whistling
whistling_281.wav,whistling,whistling
whistling_282.wav,whistling,whistling
whistling_283.wav,whistling,whistling
whistling_284.wav,whistling,whistling
whistling_285.wav,whistling,whistling
whistling_286.wav,whistling,whistling
whistling_287.wav,whistling,whistling
whistling_288.wav,whistling,whistling
whistling_289.wav,whistling,whistling
whistling_290.wav,whistling,whistling
whistling_291.wav,whistling,whistling
whistling_292.wav,whistling,whistling
whistling_293.wav,whistling,whistling
whistling_294.wav,whistling,whistling
whistling_295.wav,whistling,whistling
whistling_296.wav,whistling,whistling
whistling_297.wav,whistling,whistling
whistling_298.wav,whistling,whistling
whistling_299.wav,whistling,whistling
whistling_300.wav,whistling,whistling
whistling_301.wav,whistling,whistling
whistling_302.wav,whistling,whistling
whistling_303.wav,whistling,whistling
whistling_304.wav,whistling,whistling
whistling_305.wav,whistling,whistling
whistling_306.wav,whistling,whistling
whistling_307.wav,whistling,whistling
whistling_308.wav,whistling,whistling
whistling_309.wav,whistling,whistling
whistling_310.wav,whistling,whistling
whistling_311.wav,whistling,whistling
whistling_312.wav,whistling,whistling
whistling_313.wav,whistling,whistling
whistling_314.wav,whistling,whistling
whistling_315.wav,whistling,whistling
whistling_316.wav,whistling,whistling
whistling_317.wav,whistling,whistling
whistling_318.wav,whistling,whistling
whistling_319.wav,whistling,whistling
whistling_320.wav,whistling,whistling
whistling_321.wav,whistling,whistling
whistling_322.wav,whistling,whistling
whistling_323.wav,whistling,whistling
whistling_324.wav,whistling,whistling
whistling_325.wav,whistling,whistling
whistling_326.wav,whistling,whistling
whistling_327.wav,whistling,whistling
whistling_328.wav,whistling,whistling
whistling_329.wav,whistling,whistling
whistling_330.wav,whistling,whistling
whistling_331.wav,whistling,whistling
whistling_332.wav,whistling,whistling
whistling_333.wav,whistling,whistling
whistling_334.wav,whistling,whistling
whistling_335.wav,whistling,whistling
whistling_336.wav,whistling,whistling
whistling_337.wav,whistling,whistling
whistling_338.wav,whistling,whistling
whistling_339.wav,whistling,whistling
whistling_340.wav,whistling,whistling
whistling_341.wav,whistling,whistling
whistling_342.wav,whistling,whistling
whistling_343.wav,whistling,whistling
whistling_344.wav,whistling,whistling
whistling_345.wav,whistling,whistling
whistling_346.wav,whistling,whistling
whistling_347.wav,whistling,whistling
whistling_348.wav,whistling,whistling
whistling_349.wav,whistling,whistling
whistling_350.wav,whistling,whistling
whistling_351.wav,whistling,whistling
whistling_352.wav,whistling,whistling
whistling_353.wav,whistling,whistling
whistling_354.wav,whistling,whistling
whistling_355.wav,whistling,whistling
whistling_356.wav,whistling,whistling
whistling_357.wav,whistling,whistling
whistling_358.wav,whistling,whistling
whistling_359.wav,whistling,whistling
whistling_360.wav,whistling,whistling
whistling_361.wav,whistling,whistling
whistling_362.wav,whistling,whistling
whistling_363.wav,whistling,whistling
whistling_364.wav,whistling,whistling
whistling_365.wav,whistling,whistling
whistling_366.wav,whistling,whistling
whistling_367.wav,whistling,whistling
whistling_368.wav,whistling,whistling
whistling_369.wav,whistling,whistling
whistling_370.wav,whistling,whistling
whistling_371.wav,whistling,whistling
whistling_372.wav,whistling,whistling
whistling_373.wav,whistling,whistling
whistling_374.wav,whistling,whistling
whistling_375.wav,whistling,whistling
whistling_376.wav,whistling,whistling
whistling_377.wav,whistling,whistling
whistling_378.wav,whistling,whistling
whistling_379.wav,whistling,whistling
whistling_380.wav,whistling,whistling
whistling_381.wav,whistling,whistling
whistling_382.wav,whistling,whistling
whistling_383.wav,whistling,whistling
whistling_384.wav,screaming,whistling
whistling_385.wav,whistling,whistling
whistling_386.wav,whistling,whistling
whistling_387.wav,whistling,whistling
whistling_388.wav,whistling,whistling
whistling_389.wav,whistling,whistling
whistling_390.wav,whistling,whistling
whistling_391.wav,whistling,whistling
whistling_392.wav,sneeze,whistling
whistling_393.wav,whistling,whistling
whistling_394.wav,whistling,whistling
whistling_395.wav,whistling,whistling
whistling_396.wav,whistling,whistling
whistling_397.wav,whistling,whistling
whistling_398.wav,whistling,whistling
whistling_399.wav,whistling,whistling
whistling_400.wav,whistling,whistling
whistling_401.wav,whistling,whistling
whistling_402.wav,whistling,whistling
whistling_403.wav,whistling,whistling
whistling_404.wav,whistling,whistling
whistling_405.wav,whistling,whistling
whistling_406.wav,whistling,whistling
whistling_407.wav,whistling,whistling
whistling_408.wav,whistling,whistling
whistling_409.wav,whistling,whistling
whistling_410.wav,whistling,whistling
whistling_411.wav,whistling,whistling
whistling_412.wav,whistling,whistling
whistling_413.wav,whistling,whistling
whistling_414.wav,whistling,whistling
whistling_415.wav,whistling,whistling
whistling_416.wav,whistling,whistling
whistling_417.wav,whistling,whistling
whistling_418.wav,whistling,whistling
whistling_419.wav,whistling,whistling
whistling_420.wav,whistling,whistling
whistling_421.wav,whistling,whistling
whistling_422.wav,whistling,whistling
whistling_423.wav,whistling,whistling
whistling_424.wav,whistling,whistling
whistling_425.wav,whistling,whistling
whistling_426.wav,whistling,whistling
whistling_427.wav,whistling,whistling
whistling_428.wav,whistling,whistling
whistling_429.wav,whistling,whistling
whistling_430.wav,whistling,whistling
whistling_431.wav,whistling,whistling
whistling_432.wav,whistling,whistling
whistling_433.wav,whistling,whistling
whistling_434.wav,whistling,whistling
whistling_435.wav,whistling,whistling
whistling_436.wav,whistling,whistling
whistling_437.wav,whistling,whistling
whistling_438.wav,whistling,whistling
whistling_439.wav,whistling,whistling
whistling_440.wav,whistling,whistling
whistling_441.wav,whistling,whistling
whistling_442.wav,whistling,whistling
whistling_443.wav,whistling,whistling
whistling_444.wav,whistling,whistling
whistling_445.wav,whistling,whistling
whistling_446.wav,whistling,whistling
whistling_447.wav,whistling,whistling
whistling_448.wav,whistling,whistling
whistling_449.wav,whistling,whistling
whistling_450.wav,whistling,whistling
whistling_451.wav,whistling,whistling
whistling_452.wav,whistling,whistling
whistling_453.wav,whistling,whistling
whistling_454.wav,whistling,whistling
whistling_455.wav,whistling,whistling
whistling_456.wav,whistling,whistling
whistling_457.wav,whistling,whistling
whistling_458.wav,whistling,whistling
whistling_459.wav,whistling,whistling
whistling_460.wav,whistling,whistling
whistling_461.wav,whistling,whistling
whistling_462.wav,whistling,whistling
whistling_463.wav,whistling,whistling
whistling_464.wav,whistling,whistling
whistling_465.wav,whistling,whistling
whistling_466.wav,whistling,whistling
whistling_467.wav,whistling,whistling
whistling_468.wav,whistling,whistling
whistling_469.wav,whistling,whistling
whistling_470.wav,whistling,whistling
whistling_471.wav,whistling,whistling
whistling_472.wav,crying_sobbing_wail,whistling
whistling_473.wav,whistling,whistling
whistling_474.wav,whistling,whistling
whistling_475.wav,whistling,whistling
whistling_476.wav,whistling,whistling
whistling_477.wav,whistling,whistling
whistling_478.wav,whistling,whistling
whistling_479.wav,whistling,whistling
whistling_480.wav,whistling,whistling
whistling_481.wav,whistling,whistling
whistling_482.wav,whistling,whistling
whistling_483.wav,whistling,whistling
whistling_484.wav,whistling,whistling
whistling_485.wav,whistling,whistling
whistling_486.wav,whistling,whistling
whistling_487.wav,whistling,whistling
whistling_488.wav,whistling,whistling
whistling_489.wav,whistling,whistling
whistling_490.wav,whistling,whistling
whistling_491.wav,whistling,whistling
whistling_492.wav,whistling,whistling
whistling_493.wav,whistling,whistling
whistling_494.wav,whistling,whistling
whistling_495.wav,whistling,whistling
whistling_496.wav,whistling,whistling
whistling_497.wav,whistling,whistling
whistling_498.wav,whistling,whistling
whistling_499.wav,whistling,whistling
whistling_500.wav,whistling,whistling
whistling_501.wav,whistling,whistling
whistling_502.wav,whistling,whistling
whistling_503.wav,whistling,whistling
whistling_504.wav,whistling,whistling
whistling_505.wav,whistling,whistling
whistling_506.wav,whistling,whistling
whistling_507.wav,whistling,whistling
whistling_508.wav,whistling,whistling
whistling_509.wav,whistling,whistling
whistling_510.wav,whistling,whistling
whistling_511.wav,whistling,whistling
whistling_512.wav,whistling,whistling
whistling_513.wav,whistling,whistling
whistling_514.wav,whistling,whistling
whistling_515.wav,whistling,whistling
whistling_516.wav,whistling,whistling
whistling_517.wav,whistling,whistling
whistling_518.wav,whistling,whistling
whistling_519.wav,whistling,whistling
whistling_520.wav,whistling,whistling
whistling_521.wav,whistling,whistling
whistling_522.wav,whistling,whistling
whistling_523.wav,whistling,whistling
whistling_524.wav,whistling,whistling
whistling_525.wav,whistling,whistling
whistling_526.wav,whistling,whistling
whistling_527.wav,whistling,whistling
whistling_528.wav,whistling,whistling
whistling_529.wav,whistling,whistling
whistling_530.wav,whistling,whistling
whistling_531.wav,whistling,whistling
whistling_532.wav,whistling,whistling
whistling_533.wav,whistling,whistling
whistling_534.wav,whistling,whistling
whistling_535.wav,whistling,whistling
whistling_536.wav,whistling,whistling
whistling_537.wav,whistling,whistling
whistling_538.wav,whistling,whistling
whistling_539.wav,whistling,whistling
whistling_540.wav,whistling,whistling
whistling_541.wav,whistling,whistling
whistling_542.wav,whistling,whistling
whistling_543.wav,whistling,whistling
whistling_544.wav,whistling,whistling
whistling_545.wav,whistling,whistling
whistling_546.wav,whistling,whistling
whistling_547.wav,whistling,whistling
whistling_548.wav,whistling,whistling
whistling_549.wav,whistling,whistling
whistling_550.wav,whistling,whistling
whistling_551.wav,whistling,whistling
whistling_552.wav,whistling,whistling
whistling_553.wav,whistling,whistling
whistling_554.wav,whistling,whistling
whistling_555.wav,whistling,whistling
whistling_556.wav,whistling,whistling
whistling_557.wav,whistling,whistling
whistling_558.wav,whistling,whistling
whistling_559.wav,whistling,whistling
whistling_560.wav,whistling,whistling
whistling_561.wav,whistling,whistling
whistling_562.wav,whistling,whistling
whistling_563.wav,whistling,whistling
whistling_564.wav,whistling,whistling
whistling_565.wav,whistling,whistling
whistling_566.wav,whistling,whistling
whistling_567.wav,whistling,whistling
whistling_568.wav,whistling,whistling
whistling_569.wav,whistling,whistling
whistling_570.wav,whistling,whistling
whistling_571.wav,whistling,whistling
whistling_572.wav,whistling,whistling
whistling_573.wav,whistling,whistling
whistling_574.wav,whistling,whistling
whistling_575.wav,whistling,whistling
whistling_576.wav,whistling,whistling
whistling_577.wav,whistling,whistling
whistling_578.wav,whistling,whistling
whistling_579.wav,whistling,whistling
whistling_580.wav,whistling,whistling
whistling_581.wav,whistling,whistling
whistling_582.wav,whistling,whistling
whistling_583.wav,whistling,whistling
whistling_584.wav,whistling,whistling
whistling_585.wav,whistling,whistling
whistling_586.wav,whistling,whistling
whistling_587.wav,whistling,whistling
whistling_588.wav,whistling,whistling
whistling_589.wav,whistling,whistling
whistling_590.wav,whistling,whistling
whistling_591.wav,whistling,whistling
whistling_592.wav,whistling,whistling
whistling_593.wav,whistling,whistling
whistling_594.wav,whistling,whistling
whistling_595.wav,whistling,whistling
whistling_596.wav,whistling,whistling
whistling_597.wav,whistling,whistling
whistling_598.wav,whistling,whistling
whistling_599.wav,whistling,whistling
whistling_600.wav,whistling,whistling
whistling_601.wav,whistling,whistling
whistling_602.wav,whistling,whistling
whistling_603.wav,whistling,whistling
whistling_604.wav,whistling,whistling
whistling_605.wav,whistling,whistling
whistling_606.wav,whistling,whistling
whistling_607.wav,whistling,whistling
whistling_608.wav,whistling,whistling
whistling_609.wav,whistling,whistling
whistling_610.wav,whistling,whistling
whistling_611.wav,whistling,whistling
whistling_612.wav,whistling,whistling
whistling_613.wav,whistling,whistling
whistling_614.wav,whistling,whistling
whistling_615.wav,whistling,whistling
whistling_616.wav,whistling,whistling
whistling_617.wav,whistling,whistling
whistling_618.wav,whistling,whistling
whistling_619.wav,whistling,whistling
whistling_620.wav,whistling,whistling
whistling_621.wav,whistling,whistling
whistling_622.wav,whistling,whistling
whistling_623.wav,whistling,whistling
whistling_624.wav,whistling,whistling
whistling_625.wav,whistling,whistling
whistling_626.wav,whistling,whistling
whistling_627.wav,whistling,whistling
whistling_628.wav,whistling,whistling
whistling_629.wav,whistling,whistling
whistling_630.wav,whistling,whistling
whistling_631.wav,whistling,whistling
whistling_632.wav,whistling,whistling
whistling_633.wav,whistling,whistling
whistling_634.wav,whistling,whistling
whistling_635.wav,whistling,whistling
whistling_636.wav,whistling,whistling
whistling_637.wav,whistling,whistling
whistling_638.wav,whistling,whistling
whistling_639.wav,whistling,whistling
whistling_640.wav,whistling,whistling
whistling_641.wav,whistling,whistling
whistling_642.wav,whistling,whistling
whistling_643.wav,whistling,whistling
whistling_644.wav,whistling,whistling
whistling_645.wav,whistling,whistling
whistling_646.wav,whistling,whistling
whistling_647.wav,whistling,whistling
whistling_648.wav,whistling,whistling
whistling_649.wav,whistling,whistling
whistling_650.wav,whistling,whistling
whistling_651.wav,whistling,whistling
whistling_652.wav,whistling,whistling
whistling_653.wav,whistling,whistling
whistling_654.wav,whistling,whistling
whistling_655.wav,whistling,whistling
whistling_656.wav,whistling,whistling
whistling_657.wav,whistling,whistling
whistling_658.wav,whistling,whistling
whistling_659.wav,whistling,whistling
whistling_660.wav,whistling,whistling
whistling_661.wav,whistling,whistling
whistling_662.wav,whistling,whistling
whistling_663.wav,whistling,whistling
whistling_664.wav,whistling,whistling
whistling_665.wav,whistling,whistling
whistling_666.wav,whistling,whistling
whistling_667.wav,whistling,whistling
whistling_668.wav,whistling,whistling
whistling_669.wav,whistling,whistling
whistling_670.wav,crying_sobbing_wail,whistling
whistling_671.wav,whistling,whistling
whistling_672.wav,whistling,whistling
whistling_673.wav,whistling,whistling
whistling_674.wav,whistling,whistling
whistling_675.wav,whistling,whistling
whistling_676.wav,whistling,whistling
whistling_677.wav,whistling,whistling
whistling_678.wav,whistling,whistling
whistling_679.wav,whistling,whistling
whistling_680.wav,whistling,whistling
whistling_681.wav,whistling,whistling
whistling_682.wav,whistling,whistling
whistling_683.wav,whistling,whistling
whistling_684.wav,whistling,whistling
whistling_685.wav,whistling,whistling
whistling_686.wav,whistling,whistling
whistling_687.wav,whistling,whistling
whistling_688.wav,whistling,whistling
whistling_689.wav,whistling,whistling
whistling_690.wav,whistling,whistling
whistling_691.wav,whistling,whistling
whistling_692.wav,whistling,whistling
whistling_693.wav,whistling,whistling
whistling_694.wav,whistling,whistling
whistling_695.wav,whistling,whistling
whistling_696.wav,whistling,whistling
whistling_697.wav,whistling,whistling
whistling_698.wav,whistling,whistling
whistling_699.wav,whistling,whistling
whistling_700.wav,whistling,whistling
whistling_701.wav,whistling,whistling
whistling_702.wav,whistling,whistling
whistling_703.wav,whistling,whistling
whistling_704.wav,whistling,whistling
whistling_705.wav,whistling,whistling
whistling_706.wav,whistling,whistling
whistling_707.wav,whistling,whistling
whistling_708.wav,whistling,whistling
whistling_709.wav,whistling,whistling
whistling_710.wav,whistling,whistling
whistling_711.wav,whistling,whistling
whistling_712.wav,whistling,whistling
whistling_713.wav,whistling,whistling
whistling_714.wav,whistling,whistling
whistling_715.wav,whistling,whistling
whistling_716.wav,whistling,whistling
whistling_717.wav,whistling,whistling
whistling_718.wav,whistling,whistling
whistling_719.wav,whistling,whistling
whistling_720.wav,whistling,whistling
whistling_721.wav,whistling,whistling
whistling_722.wav,whistling,whistling
whistling_723.wav,whistling,whistling
whistling_724.wav,whistling,whistling
whistling_725.wav,whistling,whistling
whistling_726.wav,whistling,whistling
whistling_727.wav,whistling,whistling
whistling_728.wav,whistling,whistling
whistling_729.wav,whistling,whistling
whistling_730.wav,whistling,whistling
whistling_731.wav,whistling,whistling
whistling_732.wav,whistling,whistling
whistling_733.wav,whistling,whistling
whistling_734.wav,whistling,whistling
whistling_735.wav,whistling,whistling
whistling_736.wav,whistling,whistling
whistling_737.wav,whistling,whistling
whistling_738.wav,whistling,whistling
whistling_739.wav,whistling,whistling
whistling_740.wav,whistling,whistling
whistling_741.wav,whistling,whistling
whistling_742.wav,whistling,whistling
whistling_743.wav,whistling,whistling
whistling_744.wav,whistling,whistling
whistling_745.wav,whistling,whistling
whistling_746.wav,whistling,whistling
whistling_747.wav,whistling,whistling
whistling_748.wav,whistling,whistling
whistling_749.wav,whistling,whistling
whistling_750.wav,whistling,whistling
whistling_751.wav,whistling,whistling
whistling_752.wav,whistling,whistling
whistling_753.wav,whistling,whistling
whistling_754.wav,whistling,whistling
whistling_755.wav,whistling,whistling
whistling_756.wav,whistling,whistling
whistling_757.wav,whistling,whistling
whistling_758.wav,whistling,whistling
whistling_759.wav,whistling,whistling
whistling_760.wav,whistling,whistling
whistling_761.wav,whistling,whistling
whistling_762.wav,whistling,whistling
whistling_763.wav,whistling,whistling
whistling_764.wav,whistling,whistling
whistling_765.wav,whistling,whistling
whistling_766.wav,whistling,whistling
whistling_767.wav,whistling,whistling
whistling_768.wav,whistling,whistling
whistling_769.wav,whistling,whistling
whistling_770.wav,whistling,whistling
whistling_771.wav,whistling,whistling
whistling_772.wav,whistling,whistling
whistling_773.wav,whistling,whistling
whistling_774.wav,whistling,whistling
whistling_775.wav,whistling,whistling
whistling_776.wav,whistling,whistling
whistling_777.wav,whistling,whistling
whistling_778.wav,whistling,whistling
whistling_779.wav,whistling,whistling
whistling_780.wav,whistling,whistling
whistling_781.wav,whistling,whistling
whistling_782.wav,whistling,whistling
whistling_783.wav,whistling,whistling
whistling_784.wav,whistling,whistling
whistling_785.wav,whistling,whistling
whistling_786.wav,whistling,whistling
whistling_787.wav,whistling,whistling
whistling_788.wav,whistling,whistling
whistling_789.wav,whistling,whistling
whistling_790.wav,whistling,whistling
whistling_791.wav,whistling,whistling
whistling_792.wav,whistling,whistling
whistling_793.wav,whistling,whistling
whistling_794.wav,whistling,whistling
whistling_795.wav,whistling,whistling
whistling_796.wav,whistling,whistling
whistling_797.wav,whistling,whistling
whistling_798.wav,whistling,whistling
whistling_799.wav,whistling,whistling
whistling_800.wav,whistling,whistling
whistling_801.wav,whistling,whistling
whistling_802.wav,whistling,whistling
whistling_803.wav,whistling,whistling
whistling_804.wav,whistling,whistling
whistling_805.wav,whistling,whistling
whistling_806.wav,whistling,whistling
whistling_807.wav,whistling,whistling
whistling_808.wav,crying_sobbing_wail,whistling
whistling_809.wav,whistling,whistling
whistling_810.wav,whistling,whistling
whistling_811.wav,whistling,whistling
whistling_812.wav,whistling,whistling
whistling_813.wav,whistling,whistling
whistling_814.wav,whistling,whistling
whistling_815.wav,whistling,whistling
whistling_816.wav,whistling,whistling
whistling_817.wav,whistling,whistling
whistling_818.wav,whistling,whistling
whistling_819.wav,whistling,whistling
whistling_820.wav,whistling,whistling
whistling_821.wav,whistling,whistling
whistling_822.wav,whistling,whistling
whistling_823.wav,whistling,whistling
whistling_824.wav,whistling,whistling
whistling_825.wav,whistling,whistling
whistling_826.wav,whistling,whistling
whistling_827.wav,whistling,whistling
whistling_828.wav,whistling,whistling
whistling_829.wav,whistling,whistling
whistling_830.wav,whistling,whistling
whistling_831.wav,whistling,whistling
whistling_832.wav,whistling,whistling
whistling_833.wav,whistling,whistling
whistling_834.wav,whistling,whistling
whistling_835.wav,whistling,whistling
whistling_836.wav,whistling,whistling
whistling_837.wav,whistling,whistling
whistling_838.wav,whistling,whistling
whistling_839.wav,whistling,whistling
whistling_840.wav,whistling,whistling
whistling_841.wav,whistling,whistling
whistling_842.wav,whistling,whistling
whistling_843.wav,whistling,whistling
whistling_844.wav,whistling,whistling
whistling_845.wav,whistling,whistling
whistling_846.wav,whistling,whistling
whistling_847.wav,whistling,whistling
whistling_848.wav,whistling,whistling
whistling_849.wav,whistling,whistling
whistling_850.wav,whistling,whistling
whistling_851.wav,whistling,whistling
whistling_852.wav,whistling,whistling
whistling_853.wav,whistling,whistling
whistling_854.wav,whistling,whistling
whistling_855.wav,whistling,whistling
whistling_856.wav,whistling,whistling
whistling_857.wav,whistling,whistling
whistling_858.wav,whistling,whistling
whistling_859.wav,whistling,whistling
whistling_860.wav,whistling,whistling
whistling_861.wav,whistling,whistling
whistling_862.wav,whistling,whistling
whistling_863.wav,whistling,whistling
whistling_864.wav,whistling,whistling
whistling_865.wav,whistling,whistling
whistling_866.wav,whistling,whistling
whistling_867.wav,whistling,whistling
whistling_868.wav,whistling,whistling
whistling_869.wav,whistling,whistling
whistling_870.wav,whistling,whistling
whistling_871.wav,whistling,whistling
whistling_872.wav,whistling,whistling
whistling_873.wav,whistling,whistling
whistling_874.wav,whistling,whistling
whistling_875.wav,whistling,whistling
whistling_876.wav,whistling,whistling
whistling_877.wav,whistling,whistling
whistling_878.wav,whistling,whistling
whistling_879.wav,whistling,whistling
whistling_880.wav,whistling,whistling
whistling_881.wav,whistling,whistling
whistling_882.wav,whistling,whistling
whistling_883.wav,whistling,whistling
whistling_884.wav,whistling,whistling
whistling_885.wav,whistling,whistling
whistling_886.wav,whistling,whistling
whistling_887.wav,whistling,whistling
whistling_888.wav,whistling,whistling
whistling_889.wav,whistling,whistling
whistling_890.wav,whistling,whistling
whistling_891.wav,whistling,whistling
whistling_892.wav,whistling,whistling
whistling_893.wav,whistling,whistling
whistling_894.wav,whistling,whistling
whistling_895.wav,whistling,whistling
whistling_896.wav,whistling,whistling
whistling_897.wav,whistling,whistling
whistling_898.wav,whistling,whistling
whistling_899.wav,whistling,whistling
whistling_900.wav,whistling,whistling
whistling_901.wav,whistling,whistling
whistling_902.wav,whistling,whistling
whistling_903.wav,whistling,whistling
whistling_904.wav,whistling,whistling
whistling_905.wav,whistling,whistling
whistling_906.wav,whistling,whistling
whistling_907.wav,whistling,whistling
whistling_908.wav,whistling,whistling
whistling_909.wav,whistling,whistling
whistling_910.wav,whistling,whistling
whistling_911.wav,whistling,whistling
whistling_912.wav,whistling,whistling
whistling_913.wav,whistling,whistling
whistling_914.wav,whistling,whistling
whistling_915.wav,whistling,whistling
whistling_916.wav,whistling,whistling
whistling_917.wav,whistling,whistling
whistling_918.wav,whistling,whistling
whistling_919.wav,whistling,whistling
whistling_920.wav,whistling,whistling
whistling_921.wav,whistling,whistling
whistling_922.wav,whistling,whistling
whistling_923.wav,whistling,whistling
whistling_924.wav,whistling,whistling
whistling_925.wav,whistling,whistling
whistling_926.wav,whistling,whistling
whistling_927.wav,whistling,whistling
whistling_928.wav,whistling,whistling
whistling_929.wav,whistling,whistling
whistling_930.wav,whistling,whistling
whistling_931.wav,whistling,whistling
whistling_932.wav,whistling,whistling
whistling_933.wav,whistling,whistling
whistling_934.wav,whistling,whistling
whistling_935.wav,whistling,whistling
whistling_936.wav,whistling,whistling
whistling_937.wav,whistling,whistling
whistling_938.wav,whistling,whistling
whistling_939.wav,whistling,whistling
whistling_940.wav,whistling,whistling
whistling_941.wav,whistling,whistling
whistling_942.wav,whistling,whistling
whistling_943.wav,whistling,whistling
whistling_944.wav,whistling,whistling
whistling_945.wav,whistling,whistling
whistling_946.wav,whistling,whistling
whistling_947.wav,whistling,whistling
whistling_948.wav,whistling,whistling
whistling_949.wav,whistling,whistling
whistling_950.wav,whistling,whistling
whistling_951.wav,whistling,whistling
whistling_952.wav,whistling,whistling
whistling_953.wav,whistling,whistling
whistling_954.wav,whistling,whistling
whistling_955.wav,whistling,whistling
whistling_956.wav,whistling,whistling
whistling_957.wav,whistling,whistling
whistling_958.wav,whistling,whistling
whistling_959.wav,whistling,whistling
whistling_960.wav,whistling,whistling
whistling_961.wav,whistling,whistling
whistling_962.wav,whistling,whistling
whistling_963.wav,whistling,whistling
whistling_964.wav,whistling,whistling
whistling_965.wav,whistling,whistling
whistling_966.wav,whistling,whistling
whistling_967.wav,whistling,whistling
whistling_968.wav,whistling,whistling
whistling_969.wav,whistling,whistling
whistling_970.wav,whistling,whistling
whistling_971.wav,whistling,whistling
whistling_972.wav,whistling,whistling
whistling_973.wav,whistling,whistling
whistling_974.wav,whistling,whistling
whistling_975.wav,whistling,whistling
whistling_976.wav,whistling,whistling
whistling_977.wav,whistling,whistling
whistling_978.wav,whistling,whistling
whistling_979.wav,whistling,whistling
whistling_980.wav,whistling,whistling
whistling_981.wav,whistling,whistling
whistling_982.wav,whistling,whistling
whistling_983.wav,whistling,whistling
whistling_984.wav,whistling,whistling
whistling_985.wav,whistling,whistling
whistling_986.wav,whistling,whistling
whistling_987.wav,whistling,whistling
whistling_988.wav,whistling,whistling
whistling_989.wav,whistling,whistling
whistling_990.wav,whistling,whistling
whistling_991.wav,whistling,whistling
whistling_992.wav,whistling,whistling
whistling_993.wav,whistling,whistling
whistling_994.wav,whistling,whistling
whistling_995.wav,whistling,whistling
whistling_996.wav,whistling,whistling
whistling_997.wav,whistling,whistling
whistling_998.wav,whistling,whistling
whistling_999.wav,whistling,whistling
whistling_1000.wav,whistling,whistling
telephone_bell_1.wav,telephone_bell,telephone_bell
telephone_bell_2.wav,telephone_bell,telephone_bell
telephone_bell_3.wav,telephone_bell,telephone_bell
telephone_bell_4.wav,telephone_bell,telephone_bell
telephone_bell_5.wav,telephone_bell,telephone_bell
telephone_bell_6.wav,telephone_bell,telephone_bell
telephone_bell_7.wav,telephone_bell,telephone_bell
telephone_bell_8.wav,telephone_bell,telephone_bell
telephone_bell_9.wav,telephone_bell,telephone_bell
telephone_bell_10.wav,telephone_bell,telephone_bell
telephone_bell_11.wav,telephone_bell,telephone_bell
telephone_bell_12.wav,telephone_bell,telephone_bell
telephone_bell_13.wav,telephone_bell,telephone_bell
telephone_bell_14.wav,telephone_bell,telephone_bell
telephone_bell_15.wav,telephone_bell,telephone_bell
telephone_bell_16.wav,telephone_bell,telephone_bell
telephone_bell_17.wav,telephone_bell,telephone_bell
telephone_bell_18.wav,telephone_bell,telephone_bell
telephone_bell_19.wav,telephone_bell,telephone_bell
telephone_bell_20.wav,telephone_bell,telephone_bell
telephone_bell_21.wav,telephone_bell,telephone_bell
telephone_bell_22.wav,telephone_bell,telephone_bell
telephone_bell_23.wav,telephone_bell,telephone_bell
telephone_bell_24.wav,telephone_bell,telephone_bell
telephone_bell_25.wav,telephone_bell,telephone_bell
telephone_bell_26.wav,telephone_bell,telephone_bell
telephone_bell_27.wav,telephone_bell,telephone_bell
telephone_bell_28.wav,telephone_bell,telephone_bell
telephone_bell_29.wav,telephone_bell,telephone_bell
telephone_bell_30.wav,telephone_bell,telephone_bell
telephone_bell_31.wav,telephone_bell,telephone_bell
telephone_bell_32.wav,telephone_bell,telephone_bell
telephone_bell_33.wav,telephone_bell,telephone_bell
telephone_bell_34.wav,telephone_bell,telephone_bell
telephone_bell_35.wav,telephone_bell,telephone_bell
telephone_bell_36.wav,telephone_bell,telephone_bell
telephone_bell_37.wav,telephone_bell,telephone_bell
telephone_bell_38.wav,telephone_bell,telephone_bell
telephone_bell_39.wav,telephone_bell,telephone_bell
telephone_bell_40.wav,telephone_bell,telephone_bell
telephone_bell_41.wav,telephone_bell,telephone_bell
telephone_bell_42.wav,telephone_bell,telephone_bell
telephone_bell_43.wav,telephone_bell,telephone_bell
telephone_bell_44.wav,telephone_bell,telephone_bell
telephone_bell_45.wav,telephone_bell,telephone_bell
telephone_bell_46.wav,telephone_bell,telephone_bell
telephone_bell_47.wav,telephone_bell,telephone_bell
telephone_bell_48.wav,telephone_bell,telephone_bell
telephone_bell_49.wav,telephone_bell,telephone_bell
telephone_bell_50.wav,telephone_bell,telephone_bell
telephone_bell_51.wav,telephone_bell,telephone_bell
telephone_bell_52.wav,telephone_bell,telephone_bell
telephone_bell_53.wav,telephone_bell,telephone_bell
telephone_bell_54.wav,telephone_bell,telephone_bell
telephone_bell_55.wav,telephone_bell,telephone_bell
telephone_bell_56.wav,telephone_bell,telephone_bell
telephone_bell_57.wav,telephone_bell,telephone_bell
telephone_bell_58.wav,telephone_bell,telephone_bell
telephone_bell_59.wav,telephone_bell,telephone_bell
telephone_bell_60.wav,telephone_bell,telephone_bell
telephone_bell_61.wav,telephone_bell,telephone_bell
telephone_bell_62.wav,telephone_bell,telephone_bell
telephone_bell_63.wav,telephone_bell,telephone_bell
telephone_bell_64.wav,telephone_bell,telephone_bell
telephone_bell_65.wav,telephone_bell,telephone_bell
telephone_bell_66.wav,telephone_bell,telephone_bell
telephone_bell_67.wav,telephone_bell,telephone_bell
telephone_bell_68.wav,telephone_bell,telephone_bell
telephone_bell_69.wav,telephone_bell,telephone_bell
telephone_bell_70.wav,telephone_bell,telephone_bell
telephone_bell_71.wav,telephone_bell,telephone_bell
telephone_bell_72.wav,telephone_bell,telephone_bell
telephone_bell_73.wav,telephone_bell,telephone_bell
telephone_bell_74.wav,telephone_bell,telephone_bell
telephone_bell_75.wav,telephone_bell,telephone_bell
telephone_bell_76.wav,telephone_bell,telephone_bell
telephone_bell_77.wav,telephone_bell,telephone_bell
telephone_bell_78.wav,telephone_bell,telephone_bell
telephone_bell_79.wav,telephone_bell,telephone_bell
telephone_bell_80.wav,telephone_bell,telephone_bell
telephone_bell_81.wav,telephone_bell,telephone_bell
telephone_bell_82.wav,telephone_bell,telephone_bell
telephone_bell_83.wav,telephone_bell,telephone_bell
telephone_bell_84.wav,telephone_bell,telephone_bell
telephone_bell_85.wav,telephone_bell,telephone_bell
telephone_bell_86.wav,telephone_bell,telephone_bell
telephone_bell_87.wav,telephone_bell,telephone_bell
telephone_bell_88.wav,telephone_bell,telephone_bell
telephone_bell_89.wav,telephone_bell,telephone_bell
telephone_bell_90.wav,telephone_bell,telephone_bell
telephone_bell_91.wav,telephone_bell,telephone_bell
telephone_bell_92.wav,telephone_bell,telephone_bell
telephone_bell_93.wav,telephone_bell,telephone_bell
telephone_bell_94.wav,telephone_bell,telephone_bell
telephone_bell_95.wav,telephone_bell,telephone_bell
telephone_bell_96.wav,telephone_bell,telephone_bell
telephone_bell_97.wav,telephone_bell,telephone_bell
telephone_bell_98.wav,telephone_bell,telephone_bell
telephone_bell_99.wav,telephone_bell,telephone_bell
telephone_bell_100.wav,telephone_bell,telephone_bell
telephone_bell_101.wav,telephone_bell,telephone_bell
telephone_bell_102.wav,telephone_bell,telephone_bell
telephone_bell_103.wav,telephone_bell,telephone_bell
telephone_bell_104.wav,telephone_bell,telephone_bell
telephone_bell_105.wav,telephone_bell,telephone_bell
telephone_bell_106.wav,telephone_bell,telephone_bell
telephone_bell_107.wav,telephone_bell,telephone_bell
telephone_bell_108.wav,telephone_bell,telephone_bell
telephone_bell_109.wav,telephone_bell,telephone_bell
telephone_bell_110.wav,telephone_bell,telephone_bell
telephone_bell_111.wav,telephone_bell,telephone_bell
telephone_bell_112.wav,telephone_bell,telephone_bell
telephone_bell_113.wav,telephone_bell,telephone_bell
telephone_bell_114.wav,telephone_bell,telephone_bell
telephone_bell_115.wav,telephone_bell,telephone_bell
telephone_bell_116.wav,telephone_bell,telephone_bell
telephone_bell_117.wav,telephone_bell,telephone_bell
telephone_bell_118.wav,telephone_bell,telephone_bell
telephone_bell_119.wav,telephone_bell,telephone_bell
telephone_bell_120.wav,telephone_bell,telephone_bell
telephone_bell_121.wav,telephone_bell,telephone_bell
telephone_bell_122.wav,telephone_bell,telephone_bell
telephone_bell_123.wav,telephone_bell,telephone_bell
telephone_bell_124.wav,telephone_bell,telephone_bell
telephone_bell_125.wav,telephone_bell,telephone_bell
telephone_bell_126.wav,telephone_bell,telephone_bell
telephone_bell_127.wav,telephone_bell,telephone_bell
telephone_bell_128.wav,telephone_bell,telephone_bell
telephone_bell_129.wav,telephone_bell,telephone_bell
telephone_bell_130.wav,telephone_bell,telephone_bell
telephone_bell_131.wav,telephone_bell,telephone_bell
telephone_bell_132.wav,telephone_bell,telephone_bell
telephone_bell_133.wav,telephone_bell,telephone_bell
telephone_bell_134.wav,telephone_bell,telephone_bell
telephone_bell_135.wav,telephone_bell,telephone_bell
telephone_bell_136.wav,telephone_bell,telephone_bell
telephone_bell_137.wav,telephone_bell,telephone_bell
telephone_bell_138.wav,telephone_bell,telephone_bell
telephone_bell_139.wav,telephone_bell,telephone_bell
telephone_bell_140.wav,telephone_bell,telephone_bell
telephone_bell_141.wav,telephone_bell,telephone_bell
telephone_bell_142.wav,telephone_bell,telephone_bell
telephone_bell_143.wav,telephone_bell,telephone_bell
telephone_bell_144.wav,telephone_bell,telephone_bell
telephone_bell_145.wav,telephone_bell,telephone_bell
telephone_bell_146.wav,telephone_bell,telephone_bell
telephone_bell_147.wav,telephone_bell,telephone_bell
telephone_bell_148.wav,telephone_bell,telephone_bell
telephone_bell_149.wav,telephone_bell,telephone_bell
telephone_bell_150.wav,telephone_bell,telephone_bell
telephone_bell_151.wav,telephone_bell,telephone_bell
telephone_bell_152.wav,telephone_bell,telephone_bell
telephone_bell_153.wav,telephone_bell,telephone_bell
telephone_bell_154.wav,telephone_bell,telephone_bell
telephone_bell_155.wav,telephone_bell,telephone_bell
telephone_bell_156.wav,telephone_bell,telephone_bell
telephone_bell_157.wav,telephone_bell,telephone_bell
telephone_bell_158.wav,telephone_bell,telephone_bell
telephone_bell_159.wav,telephone_bell,telephone_bell
telephone_bell_160.wav,telephone_bell,telephone_bell
telephone_bell_161.wav,telephone_bell,telephone_bell
telephone_bell_162.wav,telephone_bell,telephone_bell
telephone_bell_163.wav,telephone_bell,telephone_bell
telephone_bell_164.wav,telephone_bell,telephone_bell
telephone_bell_165.wav,telephone_bell,telephone_bell
telephone_bell_166.wav,telephone_bell,telephone_bell
telephone_bell_167.wav,telephone_bell,telephone_bell
telephone_bell_168.wav,telephone_bell,telephone_bell
telephone_bell_169.wav,telephone_bell,telephone_bell
telephone_bell_170.wav,telephone_bell,telephone_bell
telephone_bell_171.wav,telephone_bell,telephone_bell
telephone_bell_172.wav,telephone_bell,telephone_bell
telephone_bell_173.wav,telephone_bell,telephone_bell
telephone_bell_174.wav,telephone_bell,telephone_bell
telephone_bell_175.wav,telephone_bell,telephone_bell
telephone_bell_176.wav,telephone_bell,telephone_bell
telephone_bell_177.wav,telephone_bell,telephone_bell
telephone_bell_178.wav,telephone_bell,telephone_bell
telephone_bell_179.wav,telephone_bell,telephone_bell
telephone_bell_180.wav,telephone_bell,telephone_bell
telephone_bell_181.wav,telephone_bell,telephone_bell
telephone_bell_182.wav,telephone_bell,telephone_bell
telephone_bell_183.wav,telephone_bell,telephone_bell
telephone_bell_184.wav,telephone_bell,telephone_bell
telephone_bell_185.wav,telephone_bell,telephone_bell
telephone_bell_186.wav,telephone_bell,telephone_bell
telephone_bell_187.wav,telephone_bell,telephone_bell
telephone_bell_188.wav,telephone_bell,telephone_bell
telephone_bell_189.wav,telephone_bell,telephone_bell
telephone_bell_190.wav,telephone_bell,telephone_bell
telephone_bell_191.wav,telephone_bell,telephone_bell
telephone_bell_192.wav,telephone_bell,telephone_bell
telephone_bell_193.wav,telephone_bell,telephone_bell
telephone_bell_194.wav,telephone_bell,telephone_bell
telephone_bell_195.wav,telephone_bell,telephone_bell
telephone_bell_196.wav,telephone_bell,telephone_bell
telephone_bell_197.wav,telephone_bell,telephone_bell
telephone_bell_198.wav,telephone_bell,telephone_bell
telephone_bell_199.wav,telephone_bell,telephone_bell
telephone_bell_200.wav,telephone_bell,telephone_bell
telephone_bell_201.wav,telephone_bell,telephone_bell
telephone_bell_202.wav,telephone_bell,telephone_bell
telephone_bell_203.wav,telephone_bell,telephone_bell
telephone_bell_204.wav,telephone_bell,telephone_bell
telephone_bell_205.wav,telephone_bell,telephone_bell
telephone_bell_206.wav,telephone_bell,telephone_bell
telephone_bell_207.wav,telephone_bell,telephone_bell
telephone_bell_208.wav,telephone_bell,telephone_bell
telephone_bell_209.wav,telephone_bell,telephone_bell
telephone_bell_210.wav,telephone_bell,telephone_bell
telephone_bell_211.wav,telephone_bell,telephone_bell
telephone_bell_212.wav,telephone_bell,telephone_bell
telephone_bell_213.wav,telephone_bell,telephone_bell
telephone_bell_214.wav,telephone_bell,telephone_bell
telephone_bell_215.wav,telephone_bell,telephone_bell
telephone_bell_216.wav,telephone_bell,telephone_bell
telephone_bell_217.wav,telephone_bell,telephone_bell
telephone_bell_218.wav,telephone_bell,telephone_bell
telephone_bell_219.wav,telephone_bell,telephone_bell
telephone_bell_220.wav,telephone_bell,telephone_bell
telephone_bell_221.wav,telephone_bell,telephone_bell
telephone_bell_222.wav,telephone_bell,telephone_bell
telephone_bell_223.wav,telephone_bell,telephone_bell
telephone_bell_224.wav,telephone_bell,telephone_bell
telephone_bell_225.wav,telephone_bell,telephone_bell
telephone_bell_226.wav,telephone_bell,telephone_bell
telephone_bell_227.wav,telephone_bell,telephone_bell
telephone_bell_228.wav,telephone_bell,telephone_bell
telephone_bell_229.wav,telephone_bell,telephone_bell
telephone_bell_230.wav,telephone_bell,telephone_bell
telephone_bell_231.wav,telephone_bell,telephone_bell
telephone_bell_232.wav,telephone_bell,telephone_bell
telephone_bell_233.wav,telephone_bell,telephone_bell
telephone_bell_234.wav,telephone_bell,telephone_bell
telephone_bell_235.wav,telephone_bell,telephone_bell
telephone_bell_236.wav,telephone_bell,telephone_bell
telephone_bell_237.wav,telephone_bell,telephone_bell
telephone_bell_238.wav,telephone_bell,telephone_bell
telephone_bell_239.wav,telephone_bell,telephone_bell
telephone_bell_240.wav,telephone_bell,telephone_bell
telephone_bell_241.wav,telephone_bell,telephone_bell
telephone_bell_242.wav,telephone_bell,telephone_bell
telephone_bell_243.wav,telephone_bell,telephone_bell
telephone_bell_244.wav,telephone_bell,telephone_bell
telephone_bell_245.wav,telephone_bell,telephone_bell
telephone_bell_246.wav,telephone_bell,telephone_bell
telephone_bell_247.wav,telephone_bell,telephone_bell
telephone_bell_248.wav,telephone_bell,telephone_bell
telephone_bell_249.wav,telephone_bell,telephone_bell
telephone_bell_250.wav,telephone_bell,telephone_bell
telephone_bell_251.wav,telephone_bell,telephone_bell
telephone_bell_252.wav,telephone_bell,telephone_bell
telephone_bell_253.wav,telephone_bell,telephone_bell
telephone_bell_254.wav,telephone_bell,telephone_bell
telephone_bell_255.wav,telephone_bell,telephone_bell
telephone_bell_256.wav,telephone_bell,telephone_bell
telephone_bell_257.wav,telephone_bell,telephone_bell
telephone_bell_258.wav,telephone_bell,telephone_bell
telephone_bell_259.wav,telephone_bell,telephone_bell
telephone_bell_260.wav,telephone_bell,telephone_bell
telephone_bell_261.wav,telephone_bell,telephone_bell
telephone_bell_262.wav,telephone_bell,telephone_bell
telephone_bell_263.wav,telephone_bell,telephone_bell
telephone_bell_264.wav,telephone_bell,telephone_bell
telephone_bell_265.wav,telephone_bell,telephone_bell
telephone_bell_266.wav,telephone_bell,telephone_bell
telephone_bell_267.wav,telephone_bell,telephone_bell
telephone_bell_268.wav,telephone_bell,telephone_bell
telephone_bell_269.wav,telephone_bell,telephone_bell
telephone_bell_270.wav,telephone_bell,telephone_bell
telephone_bell_271.wav,telephone_bell,telephone_bell
telephone_bell_272.wav,telephone_bell,telephone_bell
telephone_bell_273.wav,telephone_bell,telephone_bell
telephone_bell_274.wav,telephone_bell,telephone_bell
telephone_bell_275.wav,telephone_bell,telephone_bell
telephone_bell_276.wav,telephone_bell,telephone_bell
telephone_bell_277.wav,telephone_bell,telephone_bell
telephone_bell_278.wav,telephone_bell,telephone_bell
telephone_bell_279.wav,telephone_bell,telephone_bell
telephone_bell_280.wav,telephone_bell,telephone_bell
telephone_bell_281.wav,telephone_bell,telephone_bell
telephone_bell_282.wav,telephone_bell,telephone_bell
telephone_bell_283.wav,telephone_bell,telephone_bell
telephone_bell_284.wav,telephone_bell,telephone_bell
telephone_bell_285.wav,telephone_bell,telephone_bell
telephone_bell_286.wav,telephone_bell,telephone_bell
telephone_bell_287.wav,telephone_bell,telephone_bell
telephone_bell_288.wav,telephone_bell,telephone_bell
telephone_bell_289.wav,telephone_bell,telephone_bell
telephone_bell_290.wav,telephone_bell,telephone_bell
telephone_bell_291.wav,telephone_bell,telephone_bell
telephone_bell_292.wav,telephone_bell,telephone_bell
telephone_bell_293.wav,telephone_bell,telephone_bell
telephone_bell_294.wav,telephone_bell,telephone_bell
telephone_bell_295.wav,telephone_bell,telephone_bell
telephone_bell_296.wav,telephone_bell,telephone_bell
telephone_bell_297.wav,telephone_bell,telephone_bell
telephone_bell_298.wav,telephone_bell,telephone_bell
telephone_bell_299.wav,telephone_bell,telephone_bell
telephone_bell_300.wav,telephone_bell,telephone_bell
telephone_bell_301.wav,telephone_bell,telephone_bell
telephone_bell_302.wav,telephone_bell,telephone_bell
telephone_bell_303.wav,telephone_bell,telephone_bell
telephone_bell_304.wav,telephone_bell,telephone_bell
telephone_bell_305.wav,telephone_bell,telephone_bell
telephone_bell_306.wav,telephone_bell,telephone_bell
telephone_bell_307.wav,telephone_bell,telephone_bell
telephone_bell_308.wav,telephone_bell,telephone_bell
telephone_bell_309.wav,telephone_bell,telephone_bell
telephone_bell_310.wav,telephone_bell,telephone_bell
telephone_bell_311.wav,telephone_bell,telephone_bell
telephone_bell_312.wav,telephone_bell,telephone_bell
telephone_bell_313.wav,telephone_bell,telephone_bell
telephone_bell_314.wav,telephone_bell,telephone_bell
telephone_bell_315.wav,telephone_bell,telephone_bell
telephone_bell_316.wav,telephone_bell,telephone_bell
telephone_bell_317.wav,telephone_bell,telephone_bell
telephone_bell_318.wav,telephone_bell,telephone_bell
telephone_bell_319.wav,telephone_bell,telephone_bell
telephone_bell_320.wav,telephone_bell,telephone_bell
telephone_bell_321.wav,telephone_bell,telephone_bell
telephone_bell_322.wav,telephone_bell,telephone_bell
telephone_bell_323.wav,telephone_bell,telephone_bell
telephone_bell_324.wav,telephone_bell,telephone_bell
telephone_bell_325.wav,telephone_bell,telephone_bell
telephone_bell_326.wav,telephone_bell,telephone_bell
telephone_bell_327.wav,telephone_bell,telephone_bell
telephone_bell_328.wav,telephone_bell,telephone_bell
telephone_bell_329.wav,telephone_bell,telephone_bell
telephone_bell_330.wav,telephone_bell,telephone_bell
telephone_bell_331.wav,telephone_bell,telephone_bell
telephone_bell_332.wav,telephone_bell,telephone_bell
telephone_bell_333.wav,telephone_bell,telephone_bell
telephone_bell_334.wav,telephone_bell,telephone_bell
telephone_bell_335.wav,telephone_bell,telephone_bell
telephone_bell_336.wav,telephone_bell,telephone_bell
telephone_bell_337.wav,telephone_bell,telephone_bell
telephone_bell_338.wav,telephone_bell,telephone_bell
telephone_bell_339.wav,telephone_bell,telephone_bell
telephone_bell_340.wav,telephone_bell,telephone_bell
telephone_bell_341.wav,telephone_bell,telephone_bell
telephone_bell_342.wav,telephone_bell,telephone_bell
telephone_bell_343.wav,telephone_bell,telephone_bell
telephone_bell_344.wav,telephone_bell,telephone_bell
telephone_bell_345.wav,telephone_bell,telephone_bell
telephone_bell_346.wav,telephone_bell,telephone_bell
telephone_bell_347.wav,telephone_bell,telephone_bell
telephone_bell_348.wav,telephone_bell,telephone_bell
telephone_bell_349.wav,telephone_bell,telephone_bell
telephone_bell_350.wav,telephone_bell,telephone_bell
telephone_bell_351.wav,telephone_bell,telephone_bell
telephone_bell_352.wav,telephone_bell,telephone_bell
telephone_bell_353.wav,telephone_bell,telephone_bell
telephone_bell_354.wav,telephone_bell,telephone_bell
telephone_bell_355.wav,telephone_bell,telephone_bell
telephone_bell_356.wav,telephone_bell,telephone_bell
telephone_bell_357.wav,telephone_bell,telephone_bell
telephone_bell_358.wav,telephone_bell,telephone_bell
telephone_bell_359.wav,telephone_bell,telephone_bell
telephone_bell_360.wav,telephone_bell,telephone_bell
telephone_bell_361.wav,telephone_bell,telephone_bell
telephone_bell_362.wav,telephone_bell,telephone_bell
telephone_bell_363.wav,telephone_bell,telephone_bell
telephone_bell_364.wav,telephone_bell,telephone_bell
telephone_bell_365.wav,telephone_bell,telephone_bell
telephone_bell_366.wav,telephone_bell,telephone_bell
telephone_bell_367.wav,telephone_bell,telephone_bell
telephone_bell_368.wav,telephone_bell,telephone_bell
telephone_bell_369.wav,telephone_bell,telephone_bell
telephone_bell_370.wav,telephone_bell,telephone_bell
telephone_bell_371.wav,telephone_bell,telephone_bell
telephone_bell_372.wav,telephone_bell,telephone_bell
telephone_bell_373.wav,telephone_bell,telephone_bell
telephone_bell_374.wav,telephone_bell,telephone_bell
telephone_bell_375.wav,telephone_bell,telephone_bell
telephone_bell_376.wav,telephone_bell,telephone_bell
telephone_bell_377.wav,telephone_bell,telephone_bell
telephone_bell_378.wav,telephone_bell,telephone_bell
telephone_bell_379.wav,telephone_bell,telephone_bell
telephone_bell_380.wav,telephone_bell,telephone_bell
telephone_bell_381.wav,telephone_bell,telephone_bell
telephone_bell_382.wav,telephone_bell,telephone_bell
telephone_bell_383.wav,telephone_bell,telephone_bell
telephone_bell_384.wav,telephone_bell,telephone_bell
telephone_bell_385.wav,telephone_bell,telephone_bell
telephone_bell_386.wav,telephone_bell,telephone_bell
telephone_bell_387.wav,telephone_bell,telephone_bell
telephone_bell_388.wav,telephone_bell,telephone_bell
telephone_bell_389.wav,telephone_bell,telephone_bell
telephone_bell_390.wav,telephone_bell,telephone_bell
telephone_bell_391.wav,telephone_bell,telephone_bell
telephone_bell_392.wav,telephone_bell,telephone_bell
telephone_bell_393.wav,telephone_bell,telephone_bell
telephone_bell_394.wav,telephone_bell,telephone_bell
telephone_bell_395.wav,telephone_bell,telephone_bell
telephone_bell_396.wav,telephone_bell,telephone_bell
telephone_bell_397.wav,telephone_bell,telephone_bell
telephone_bell_398.wav,telephone_bell,telephone_bell
telephone_bell_399.wav,telephone_bell,telephone_bell
telephone_bell_400.wav,telephone_bell,telephone_bell
telephone_bell_401.wav,telephone_bell,telephone_bell
telephone_bell_402.wav,telephone_bell,telephone_bell
telephone_bell_403.wav,telephone_bell,telephone_bell
telephone_bell_404.wav,telephone_bell,telephone_bell
telephone_bell_405.wav,telephone_bell,telephone_bell
telephone_bell_406.wav,telephone_bell,telephone_bell
telephone_bell_407.wav,telephone_bell,telephone_bell
telephone_bell_408.wav,telephone_bell,telephone_bell
telephone_bell_409.wav,telephone_bell,telephone_bell
telephone_bell_410.wav,telephone_bell,telephone_bell
telephone_bell_411.wav,telephone_bell,telephone_bell
telephone_bell_412.wav,telephone_bell,telephone_bell
telephone_bell_413.wav,telephone_bell,telephone_bell
telephone_bell_414.wav,telephone_bell,telephone_bell
telephone_bell_415.wav,telephone_bell,telephone_bell
telephone_bell_416.wav,telephone_bell,telephone_bell
telephone_bell_417.wav,telephone_bell,telephone_bell
telephone_bell_418.wav,telephone_bell,telephone_bell
telephone_bell_419.wav,telephone_bell,telephone_bell
telephone_bell_420.wav,telephone_bell,telephone_bell
telephone_bell_421.wav,telephone_bell,telephone_bell
telephone_bell_422.wav,telephone_bell,telephone_bell
telephone_bell_423.wav,telephone_bell,telephone_bell
telephone_bell_424.wav,telephone_bell,telephone_bell
telephone_bell_425.wav,telephone_bell,telephone_bell
telephone_bell_426.wav,telephone_bell,telephone_bell
telephone_bell_427.wav,telephone_bell,telephone_bell
telephone_bell_428.wav,telephone_bell,telephone_bell
telephone_bell_429.wav,telephone_bell,telephone_bell
telephone_bell_430.wav,telephone_bell,telephone_bell
telephone_bell_431.wav,telephone_bell,telephone_bell
telephone_bell_432.wav,telephone_bell,telephone_bell
telephone_bell_433.wav,telephone_bell,telephone_bell
telephone_bell_434.wav,telephone_bell,telephone_bell
telephone_bell_435.wav,telephone_bell,telephone_bell
telephone_bell_436.wav,telephone_bell,telephone_bell
telephone_bell_437.wav,telephone_bell,telephone_bell
telephone_bell_438.wav,telephone_bell,telephone_bell
telephone_bell_439.wav,telephone_bell,telephone_bell
telephone_bell_440.wav,telephone_bell,telephone_bell
telephone_bell_441.wav,telephone_bell,telephone_bell
telephone_bell_442.wav,telephone_bell,telephone_bell
telephone_bell_443.wav,telephone_bell,telephone_bell
telephone_bell_444.wav,telephone_bell,telephone_bell
telephone_bell_445.wav,telephone_bell,telephone_bell
telephone_bell_446.wav,telephone_bell,telephone_bell
telephone_bell_447.wav,telephone_bell,telephone_bell
telephone_bell_448.wav,telephone_bell,telephone_bell
telephone_bell_449.wav,telephone_bell,telephone_bell
telephone_bell_450.wav,telephone_bell,telephone_bell
telephone_bell_451.wav,telephone_bell,telephone_bell
telephone_bell_452.wav,telephone_bell,telephone_bell
telephone_bell_453.wav,telephone_bell,telephone_bell
telephone_bell_454.wav,telephone_bell,telephone_bell
telephone_bell_455.wav,telephone_bell,telephone_bell
telephone_bell_456.wav,telephone_bell,telephone_bell
telephone_bell_457.wav,telephone_bell,telephone_bell
telephone_bell_458.wav,telephone_bell,telephone_bell
telephone_bell_459.wav,telephone_bell,telephone_bell
telephone_bell_460.wav,telephone_bell,telephone_bell
telephone_bell_461.wav,telephone_bell,telephone_bell
telephone_bell_462.wav,telephone_bell,telephone_bell
telephone_bell_463.wav,telephone_bell,telephone_bell
telephone_bell_464.wav,telephone_bell,telephone_bell
telephone_bell_465.wav,telephone_bell,telephone_bell
telephone_bell_466.wav,telephone_bell,telephone_bell
telephone_bell_467.wav,telephone_bell,telephone_bell
telephone_bell_468.wav,telephone_bell,telephone_bell
telephone_bell_469.wav,telephone_bell,telephone_bell
telephone_bell_470.wav,telephone_bell,telephone_bell
telephone_bell_471.wav,telephone_bell,telephone_bell
telephone_bell_472.wav,telephone_bell,telephone_bell
telephone_bell_473.wav,telephone_bell,telephone_bell
telephone_bell_474.wav,telephone_bell,telephone_bell
telephone_bell_475.wav,telephone_bell,telephone_bell
telephone_bell_476.wav,telephone_bell,telephone_bell
telephone_bell_477.wav,telephone_bell,telephone_bell
telephone_bell_478.wav,telephone_bell,telephone_bell
telephone_bell_479.wav,telephone_bell,telephone_bell
telephone_bell_480.wav,telephone_bell,telephone_bell
telephone_bell_481.wav,safety_alarm,telephone_bell
telephone_bell_482.wav,telephone_bell,telephone_bell
telephone_bell_483.wav,telephone_bell,telephone_bell
telephone_bell_484.wav,telephone_bell,telephone_bell
telephone_bell_485.wav,telephone_bell,telephone_bell
telephone_bell_486.wav,telephone_bell,telephone_bell
telephone_bell_487.wav,telephone_bell,telephone_bell
telephone_bell_488.wav,telephone_bell,telephone_bell
telephone_bell_489.wav,telephone_bell,telephone_bell
telephone_bell_490.wav,telephone_bell,telephone_bell
telephone_bell_491.wav,telephone_bell,telephone_bell
telephone_bell_492.wav,telephone_bell,telephone_bell
telephone_bell_493.wav,telephone_bell,telephone_bell
telephone_bell_494.wav,telephone_bell,telephone_bell
telephone_bell_495.wav,telephone_bell,telephone_bell
telephone_bell_496.wav,telephone_bell,telephone_bell
telephone_bell_497.wav,telephone_bell,telephone_bell
telephone_bell_498.wav,telephone_bell,telephone_bell
telephone_bell_499.wav,telephone_bell,telephone_bell
telephone_bell_500.wav,telephone_bell,telephone_bell
telephone_bell_501.wav,telephone_bell,telephone_bell
telephone_bell_502.wav,telephone_bell,telephone_bell
telephone_bell_503.wav,telephone_bell,telephone_bell
telephone_bell_504.wav,telephone_bell,telephone_bell
telephone_bell_505.wav,telephone_bell,telephone_bell
telephone_bell_506.wav,telephone_bell,telephone_bell
telephone_bell_507.wav,telephone_bell,telephone_bell
telephone_bell_508.wav,telephone_bell,telephone_bell
telephone_bell_509.wav,telephone_bell,telephone_bell
telephone_bell_510.wav,telephone_bell,telephone_bell
telephone_bell_511.wav,telephone_bell,telephone_bell
telephone_bell_512.wav,telephone_bell,telephone_bell
telephone_bell_513.wav,telephone_bell,telephone_bell
telephone_bell_514.wav,telephone_bell,telephone_bell
telephone_bell_515.wav,telephone_bell,telephone_bell
telephone_bell_516.wav,telephone_bell,telephone_bell
telephone_bell_517.wav,telephone_bell,telephone_bell
telephone_bell_518.wav,telephone_bell,telephone_bell
telephone_bell_519.wav,telephone_bell,telephone_bell
telephone_bell_520.wav,telephone_bell,telephone_bell
telephone_bell_521.wav,telephone_bell,telephone_bell
telephone_bell_522.wav,telephone_bell,telephone_bell
telephone_bell_523.wav,telephone_bell,telephone_bell
telephone_bell_524.wav,telephone_bell,telephone_bell
telephone_bell_525.wav,telephone_bell,telephone_bell
telephone_bell_526.wav,telephone_bell,telephone_bell
telephone_bell_527.wav,telephone_bell,telephone_bell
telephone_bell_528.wav,telephone_bell,telephone_bell
telephone_bell_529.wav,telephone_bell,telephone_bell
telephone_bell_530.wav,telephone_bell,telephone_bell
telephone_bell_531.wav,telephone_bell,telephone_bell
telephone_bell_532.wav,telephone_bell,telephone_bell
telephone_bell_533.wav,telephone_bell,telephone_bell
telephone_bell_534.wav,telephone_bell,telephone_bell
telephone_bell_535.wav,telephone_bell,telephone_bell
telephone_bell_536.wav,telephone_bell,telephone_bell
telephone_bell_537.wav,telephone_bell,telephone_bell
telephone_bell_538.wav,telephone_bell,telephone_bell
telephone_bell_539.wav,telephone_bell,telephone_bell
telephone_bell_540.wav,telephone_bell,telephone_bell
telephone_bell_541.wav,telephone_bell,telephone_bell
telephone_bell_542.wav,telephone_bell,telephone_bell
telephone_bell_543.wav,telephone_bell,telephone_bell
telephone_bell_544.wav,telephone_bell,telephone_bell
telephone_bell_545.wav,telephone_bell,telephone_bell
telephone_bell_546.wav,telephone_bell,telephone_bell
telephone_bell_547.wav,telephone_bell,telephone_bell
telephone_bell_548.wav,telephone_bell,telephone_bell
telephone_bell_549.wav,telephone_bell,telephone_bell
telephone_bell_550.wav,telephone_bell,telephone_bell
telephone_bell_551.wav,telephone_bell,telephone_bell
telephone_bell_552.wav,telephone_bell,telephone_bell
telephone_bell_553.wav,telephone_bell,telephone_bell
telephone_bell_554.wav,telephone_bell,telephone_bell
telephone_bell_555.wav,telephone_bell,telephone_bell
telephone_bell_556.wav,telephone_bell,telephone_bell
telephone_bell_557.wav,telephone_bell,telephone_bell
telephone_bell_558.wav,telephone_bell,telephone_bell
telephone_bell_559.wav,telephone_bell,telephone_bell
telephone_bell_560.wav,telephone_bell,telephone_bell
telephone_bell_561.wav,telephone_bell,telephone_bell
telephone_bell_562.wav,telephone_bell,telephone_bell
telephone_bell_563.wav,telephone_bell,telephone_bell
telephone_bell_564.wav,telephone_bell,telephone_bell
telephone_bell_565.wav,telephone_bell,telephone_bell
telephone_bell_566.wav,telephone_bell,telephone_bell
telephone_bell_567.wav,telephone_bell,telephone_bell
telephone_bell_568.wav,telephone_bell,telephone_bell
telephone_bell_569.wav,telephone_bell,telephone_bell
telephone_bell_570.wav,telephone_bell,telephone_bell
telephone_bell_571.wav,telephone_bell,telephone_bell
telephone_bell_572.wav,telephone_bell,telephone_bell
telephone_bell_573.wav,telephone_bell,telephone_bell
telephone_bell_574.wav,telephone_bell,telephone_bell
telephone_bell_575.wav,telephone_bell,telephone_bell
telephone_bell_576.wav,telephone_bell,telephone_bell
telephone_bell_577.wav,telephone_bell,telephone_bell
telephone_bell_578.wav,telephone_bell,telephone_bell
telephone_bell_579.wav,telephone_bell,telephone_bell
telephone_bell_580.wav,telephone_bell,telephone_bell
telephone_bell_581.wav,telephone_bell,telephone_bell
telephone_bell_582.wav,telephone_bell,telephone_bell
telephone_bell_583.wav,telephone_bell,telephone_bell
telephone_bell_584.wav,telephone_bell,telephone_bell
telephone_bell_585.wav,telephone_bell,telephone_bell
telephone_bell_586.wav,telephone_bell,telephone_bell
telephone_bell_587.wav,telephone_bell,telephone_bell
telephone_bell_588.wav,telephone_bell,telephone_bell
telephone_bell_589.wav,telephone_bell,telephone_bell
telephone_bell_590.wav,telephone_bell,telephone_bell
telephone_bell_591.wav,telephone_bell,telephone_bell
telephone_bell_592.wav,telephone_bell,telephone_bell
telephone_bell_593.wav,safety_alarm,telephone_bell
telephone_bell_594.wav,telephone_bell,telephone_bell
telephone_bell_595.wav,telephone_bell,telephone_bell
telephone_bell_596.wav,telephone_bell,telephone_bell
telephone_bell_597.wav,telephone_bell,telephone_bell
telephone_bell_598.wav,telephone_bell,telephone_bell
telephone_bell_599.wav,telephone_bell,telephone_bell
telephone_bell_600.wav,telephone_bell,telephone_bell
telephone_bell_601.wav,telephone_bell,telephone_bell
telephone_bell_602.wav,telephone_bell,telephone_bell
telephone_bell_603.wav,telephone_bell,telephone_bell
telephone_bell_604.wav,telephone_bell,telephone_bell
telephone_bell_605.wav,telephone_bell,telephone_bell
telephone_bell_606.wav,telephone_bell,telephone_bell
telephone_bell_607.wav,telephone_bell,telephone_bell
telephone_bell_608.wav,telephone_bell,telephone_bell
telephone_bell_609.wav,telephone_bell,telephone_bell
telephone_bell_610.wav,telephone_bell,telephone_bell
telephone_bell_611.wav,telephone_bell,telephone_bell
telephone_bell_612.wav,telephone_bell,telephone_bell
telephone_bell_613.wav,telephone_bell,telephone_bell
telephone_bell_614.wav,telephone_bell,telephone_bell
telephone_bell_615.wav,telephone_bell,telephone_bell
telephone_bell_616.wav,telephone_bell,telephone_bell
telephone_bell_617.wav,telephone_bell,telephone_bell
telephone_bell_618.wav,telephone_bell,telephone_bell
telephone_bell_619.wav,telephone_bell,telephone_bell
telephone_bell_620.wav,telephone_bell,telephone_bell
telephone_bell_621.wav,telephone_bell,telephone_bell
telephone_bell_622.wav,telephone_bell,telephone_bell
telephone_bell_623.wav,telephone_bell,telephone_bell
telephone_bell_624.wav,telephone_bell,telephone_bell
telephone_bell_625.wav,telephone_bell,telephone_bell
telephone_bell_626.wav,telephone_bell,telephone_bell
telephone_bell_627.wav,telephone_bell,telephone_bell
telephone_bell_628.wav,telephone_bell,telephone_bell
telephone_bell_629.wav,telephone_bell,telephone_bell
telephone_bell_630.wav,telephone_bell,telephone_bell
telephone_bell_631.wav,telephone_bell,telephone_bell
telephone_bell_632.wav,telephone_bell,telephone_bell
telephone_bell_633.wav,telephone_bell,telephone_bell
telephone_bell_634.wav,telephone_bell,telephone_bell
telephone_bell_635.wav,telephone_bell,telephone_bell
telephone_bell_636.wav,telephone_bell,telephone_bell
telephone_bell_637.wav,telephone_bell,telephone_bell
telephone_bell_638.wav,telephone_bell,telephone_bell
telephone_bell_639.wav,telephone_bell,telephone_bell
telephone_bell_640.wav,telephone_bell,telephone_bell
telephone_bell_641.wav,telephone_bell,telephone_bell
telephone_bell_642.wav,telephone_bell,telephone_bell
telephone_bell_643.wav,telephone_bell,telephone_bell
telephone_bell_644.wav,telephone_bell,telephone_bell
telephone_bell_645.wav,telephone_bell,telephone_bell
telephone_bell_646.wav,telephone_bell,telephone_bell
telephone_bell_647.wav,telephone_bell,telephone_bell
telephone_bell_648.wav,telephone_bell,telephone_bell
telephone_bell_649.wav,telephone_bell,telephone_bell
telephone_bell_650.wav,telephone_bell,telephone_bell
telephone_bell_651.wav,telephone_bell,telephone_bell
telephone_bell_652.wav,telephone_bell,telephone_bell
telephone_bell_653.wav,telephone_bell,telephone_bell
telephone_bell_654.wav,telephone_bell,telephone_bell
telephone_bell_655.wav,telephone_bell,telephone_bell
telephone_bell_656.wav,telephone_bell,telephone_bell
telephone_bell_657.wav,telephone_bell,telephone_bell
telephone_bell_658.wav,telephone_bell,telephone_bell
telephone_bell_659.wav,telephone_bell,telephone_bell
telephone_bell_660.wav,telephone_bell,telephone_bell
telephone_bell_661.wav,telephone_bell,telephone_bell
telephone_bell_662.wav,telephone_bell,telephone_bell
telephone_bell_663.wav,telephone_bell,telephone_bell
telephone_bell_664.wav,telephone_bell,telephone_bell
telephone_bell_665.wav,telephone_bell,telephone_bell
telephone_bell_666.wav,telephone_bell,telephone_bell
telephone_bell_667.wav,telephone_bell,telephone_bell
telephone_bell_668.wav,telephone_bell,telephone_bell
telephone_bell_669.wav,telephone_bell,telephone_bell
telephone_bell_670.wav,telephone_bell,telephone_bell
telephone_bell_671.wav,telephone_bell,telephone_bell
telephone_bell_672.wav,telephone_bell,telephone_bell
telephone_bell_673.wav,telephone_bell,telephone_bell
telephone_bell_674.wav,telephone_bell,telephone_bell
telephone_bell_675.wav,telephone_bell,telephone_bell
telephone_bell_676.wav,telephone_bell,telephone_bell
telephone_bell_677.wav,telephone_bell,telephone_bell
telephone_bell_678.wav,telephone_bell,telephone_bell
telephone_bell_679.wav,telephone_bell,telephone_bell
telephone_bell_680.wav,telephone_bell,telephone_bell
telephone_bell_681.wav,telephone_bell,telephone_bell
telephone_bell_682.wav,telephone_bell,telephone_bell
telephone_bell_683.wav,telephone_bell,telephone_bell
telephone_bell_684.wav,telephone_bell,telephone_bell
telephone_bell_685.wav,telephone_bell,telephone_bell
telephone_bell_686.wav,telephone_bell,telephone_bell
telephone_bell_687.wav,telephone_bell,telephone_bell
telephone_bell_688.wav,telephone_bell,telephone_bell
telephone_bell_689.wav,telephone_bell,telephone_bell
telephone_bell_690.wav,telephone_bell,telephone_bell
telephone_bell_691.wav,telephone_bell,telephone_bell
telephone_bell_692.wav,telephone_bell,telephone_bell
telephone_bell_693.wav,telephone_bell,telephone_bell
telephone_bell_694.wav,telephone_bell,telephone_bell
telephone_bell_695.wav,telephone_bell,telephone_bell
telephone_bell_696.wav,telephone_bell,telephone_bell
telephone_bell_697.wav,telephone_bell,telephone_bell
telephone_bell_698.wav,telephone_bell,telephone_bell
telephone_bell_699.wav,telephone_bell,telephone_bell
telephone_bell_700.wav,telephone_bell,telephone_bell
telephone_bell_701.wav,telephone_bell,telephone_bell
telephone_bell_702.wav,telephone_bell,telephone_bell
telephone_bell_703.wav,telephone_bell,telephone_bell
telephone_bell_704.wav,telephone_bell,telephone_bell
telephone_bell_705.wav,telephone_bell,telephone_bell
telephone_bell_706.wav,telephone_bell,telephone_bell
telephone_bell_707.wav,telephone_bell,telephone_bell
telephone_bell_708.wav,telephone_bell,telephone_bell
telephone_bell_709.wav,telephone_bell,telephone_bell
telephone_bell_710.wav,telephone_bell,telephone_bell
telephone_bell_711.wav,telephone_bell,telephone_bell
telephone_bell_712.wav,telephone_bell,telephone_bell
telephone_bell_713.wav,telephone_bell,telephone_bell
telephone_bell_714.wav,telephone_bell,telephone_bell
telephone_bell_715.wav,telephone_bell,telephone_bell
telephone_bell_716.wav,telephone_bell,telephone_bell
telephone_bell_717.wav,telephone_bell,telephone_bell
telephone_bell_718.wav,telephone_bell,telephone_bell
telephone_bell_719.wav,telephone_bell,telephone_bell
telephone_bell_720.wav,telephone_bell,telephone_bell
telephone_bell_721.wav,telephone_bell,telephone_bell
telephone_bell_722.wav,telephone_bell,telephone_bell
telephone_bell_723.wav,telephone_bell,telephone_bell
telephone_bell_724.wav,telephone_bell,telephone_bell
telephone_bell_725.wav,telephone_bell,telephone_bell
telephone_bell_726.wav,telephone_bell,telephone_bell
telephone_bell_727.wav,telephone_bell,telephone_bell
telephone_bell_728.wav,telephone_bell,telephone_bell
telephone_bell_729.wav,telephone_bell,telephone_bell
telephone_bell_730.wav,telephone_bell,telephone_bell
telephone_bell_731.wav,telephone_bell,telephone_bell
telephone_bell_732.wav,telephone_bell,telephone_bell
telephone_bell_733.wav,telephone_bell,telephone_bell
telephone_bell_734.wav,telephone_bell,telephone_bell
telephone_bell_735.wav,telephone_bell,telephone_bell
telephone_bell_736.wav,telephone_bell,telephone_bell
telephone_bell_737.wav,telephone_bell,telephone_bell
telephone_bell_738.wav,telephone_bell,telephone_bell
telephone_bell_739.wav,telephone_bell,telephone_bell
telephone_bell_740.wav,telephone_bell,telephone_bell
telephone_bell_741.wav,telephone_bell,telephone_bell
telephone_bell_742.wav,telephone_bell,telephone_bell
telephone_bell_743.wav,telephone_bell,telephone_bell
telephone_bell_744.wav,telephone_bell,telephone_bell
telephone_bell_745.wav,telephone_bell,telephone_bell
telephone_bell_746.wav,telephone_bell,telephone_bell
telephone_bell_747.wav,telephone_bell,telephone_bell
telephone_bell_748.wav,telephone_bell,telephone_bell
telephone_bell_749.wav,telephone_bell,telephone_bell
telephone_bell_750.wav,telephone_bell,telephone_bell
telephone_bell_751.wav,telephone_bell,telephone_bell
telephone_bell_752.wav,telephone_bell,telephone_bell
telephone_bell_753.wav,telephone_bell,telephone_bell
telephone_bell_754.wav,telephone_bell,telephone_bell
telephone_bell_755.wav,telephone_bell,telephone_bell
telephone_bell_756.wav,telephone_bell,telephone_bell
telephone_bell_757.wav,telephone_bell,telephone_bell
telephone_bell_758.wav,telephone_bell,telephone_bell
telephone_bell_759.wav,telephone_bell,telephone_bell
telephone_bell_760.wav,telephone_bell,telephone_bell
telephone_bell_761.wav,telephone_bell,telephone_bell
telephone_bell_762.wav,telephone_bell,telephone_bell
telephone_bell_763.wav,telephone_bell,telephone_bell
telephone_bell_764.wav,telephone_bell,telephone_bell
telephone_bell_765.wav,telephone_bell,telephone_bell
telephone_bell_766.wav,telephone_bell,telephone_bell
telephone_bell_767.wav,telephone_bell,telephone_bell
telephone_bell_768.wav,telephone_bell,telephone_bell
telephone_bell_769.wav,telephone_bell,telephone_bell
telephone_bell_770.wav,telephone_bell,telephone_bell
telephone_bell_771.wav,telephone_bell,telephone_bell
telephone_bell_772.wav,telephone_bell,telephone_bell
telephone_bell_773.wav,telephone_bell,telephone_bell
telephone_bell_774.wav,telephone_bell,telephone_bell
telephone_bell_775.wav,telephone_bell,telephone_bell
telephone_bell_776.wav,telephone_bell,telephone_bell
telephone_bell_777.wav,telephone_bell,telephone_bell
telephone_bell_778.wav,telephone_bell,telephone_bell
telephone_bell_779.wav,telephone_bell,telephone_bell
telephone_bell_780.wav,telephone_bell,telephone_bell
telephone_bell_781.wav,telephone_bell,telephone_bell
telephone_bell_782.wav,telephone_bell,telephone_bell
telephone_bell_783.wav,telephone_bell,telephone_bell
telephone_bell_784.wav,telephone_bell,telephone_bell
telephone_bell_785.wav,telephone_bell,telephone_bell
telephone_bell_786.wav,telephone_bell,telephone_bell
telephone_bell_787.wav,telephone_bell,telephone_bell
telephone_bell_788.wav,telephone_bell,telephone_bell
telephone_bell_789.wav,telephone_bell,telephone_bell
telephone_bell_790.wav,telephone_bell,telephone_bell
telephone_bell_791.wav,telephone_bell,telephone_bell
telephone_bell_792.wav,telephone_bell,telephone_bell
telephone_bell_793.wav,telephone_bell,telephone_bell
telephone_bell_794.wav,telephone_bell,telephone_bell
telephone_bell_795.wav,telephone_bell,telephone_bell
telephone_bell_796.wav,telephone_bell,telephone_bell
telephone_bell_797.wav,telephone_bell,telephone_bell
telephone_bell_798.wav,telephone_bell,telephone_bell
telephone_bell_799.wav,telephone_bell,telephone_bell
telephone_bell_800.wav,telephone_bell,telephone_bell
telephone_bell_801.wav,telephone_bell,telephone_bell
telephone_bell_802.wav,telephone_bell,telephone_bell
telephone_bell_803.wav,telephone_bell,telephone_bell
telephone_bell_804.wav,telephone_bell,telephone_bell
telephone_bell_805.wav,telephone_bell,telephone_bell
telephone_bell_806.wav,telephone_bell,telephone_bell
telephone_bell_807.wav,telephone_bell,telephone_bell
telephone_bell_808.wav,telephone_bell,telephone_bell
telephone_bell_809.wav,telephone_bell,telephone_bell
telephone_bell_810.wav,telephone_bell,telephone_bell
telephone_bell_811.wav,telephone_bell,telephone_bell
telephone_bell_812.wav,telephone_bell,telephone_bell
telephone_bell_813.wav,telephone_bell,telephone_bell
telephone_bell_814.wav,telephone_bell,telephone_bell
telephone_bell_815.wav,telephone_bell,telephone_bell
telephone_bell_816.wav,telephone_bell,telephone_bell
telephone_bell_817.wav,telephone_bell,telephone_bell
telephone_bell_818.wav,telephone_bell,telephone_bell
telephone_bell_819.wav,telephone_bell,telephone_bell
telephone_bell_820.wav,telephone_bell,telephone_bell
telephone_bell_821.wav,telephone_bell,telephone_bell
telephone_bell_822.wav,telephone_bell,telephone_bell
telephone_bell_823.wav,telephone_bell,telephone_bell
telephone_bell_824.wav,telephone_bell,telephone_bell
telephone_bell_825.wav,telephone_bell,telephone_bell
telephone_bell_826.wav,telephone_bell,telephone_bell
telephone_bell_827.wav,telephone_bell,telephone_bell
telephone_bell_828.wav,telephone_bell,telephone_bell
telephone_bell_829.wav,telephone_bell,telephone_bell
telephone_bell_830.wav,telephone_bell,telephone_bell
telephone_bell_831.wav,telephone_bell,telephone_bell
telephone_bell_832.wav,telephone_bell,telephone_bell
telephone_bell_833.wav,telephone_bell,telephone_bell
telephone_bell_834.wav,telephone_bell,telephone_bell
telephone_bell_835.wav,telephone_bell,telephone_bell
telephone_bell_836.wav,telephone_bell,telephone_bell
telephone_bell_837.wav,telephone_bell,telephone_bell
telephone_bell_838.wav,telephone_bell,telephone_bell
telephone_bell_839.wav,telephone_bell,telephone_bell
telephone_bell_840.wav,telephone_bell,telephone_bell
telephone_bell_841.wav,telephone_bell,telephone_bell
telephone_bell_842.wav,telephone_bell,telephone_bell
telephone_bell_843.wav,telephone_bell,telephone_bell
telephone_bell_844.wav,telephone_bell,telephone_bell
telephone_bell_845.wav,telephone_bell,telephone_bell
telephone_bell_846.wav,telephone_bell,telephone_bell
telephone_bell_847.wav,telephone_bell,telephone_bell
telephone_bell_848.wav,telephone_bell,telephone_bell
telephone_bell_849.wav,telephone_bell,telephone_bell
telephone_bell_850.wav,telephone_bell,telephone_bell
telephone_bell_851.wav,telephone_bell,telephone_bell
telephone_bell_852.wav,telephone_bell,telephone_bell
telephone_bell_853.wav,telephone_bell,telephone_bell
telephone_bell_854.wav,telephone_bell,telephone_bell
telephone_bell_855.wav,telephone_bell,telephone_bell
telephone_bell_856.wav,telephone_bell,telephone_bell
telephone_bell_857.wav,telephone_bell,telephone_bell
telephone_bell_858.wav,telephone_bell,telephone_bell
telephone_bell_859.wav,telephone_bell,telephone_bell
telephone_bell_860.wav,telephone_bell,telephone_bell
telephone_bell_861.wav,telephone_bell,telephone_bell
telephone_bell_862.wav,telephone_bell,telephone_bell
telephone_bell_863.wav,telephone_bell,telephone_bell
telephone_bell_864.wav,telephone_bell,telephone_bell
telephone_bell_865.wav,telephone_bell,telephone_bell
telephone_bell_866.wav,telephone_bell,telephone_bell
telephone_bell_867.wav,telephone_bell,telephone_bell
telephone_bell_868.wav,telephone_bell,telephone_bell
telephone_bell_869.wav,whistling,telephone_bell
telephone_bell_870.wav,telephone_bell,telephone_bell
telephone_bell_871.wav,telephone_bell,telephone_bell
telephone_bell_872.wav,telephone_bell,telephone_bell
telephone_bell_873.wav,telephone_bell,telephone_bell
telephone_bell_874.wav,telephone_bell,telephone_bell
telephone_bell_875.wav,telephone_bell,telephone_bell
telephone_bell_876.wav,telephone_bell,telephone_bell
telephone_bell_877.wav,telephone_bell,telephone_bell
telephone_bell_878.wav,telephone_bell,telephone_bell
telephone_bell_879.wav,telephone_bell,telephone_bell
telephone_bell_880.wav,telephone_bell,telephone_bell
telephone_bell_881.wav,telephone_bell,telephone_bell
telephone_bell_882.wav,telephone_bell,telephone_bell
telephone_bell_883.wav,telephone_bell,telephone_bell
telephone_bell_884.wav,safety_alarm,telephone_bell
telephone_bell_885.wav,telephone_bell,telephone_bell
telephone_bell_886.wav,telephone_bell,telephone_bell
telephone_bell_887.wav,telephone_bell,telephone_bell
telephone_bell_888.wav,telephone_bell,telephone_bell
telephone_bell_889.wav,telephone_bell,telephone_bell
telephone_bell_890.wav,telephone_bell,telephone_bell
telephone_bell_891.wav,telephone_bell,telephone_bell
telephone_bell_892.wav,telephone_bell,telephone_bell
telephone_bell_893.wav,telephone_bell,telephone_bell
telephone_bell_894.wav,telephone_bell,telephone_bell
telephone_bell_895.wav,telephone_bell,telephone_bell
telephone_bell_896.wav,telephone_bell,telephone_bell
telephone_bell_897.wav,telephone_bell,telephone_bell
telephone_bell_898.wav,telephone_bell,telephone_bell
telephone_bell_899.wav,telephone_bell,telephone_bell
telephone_bell_900.wav,telephone_bell,telephone_bell
telephone_bell_901.wav,telephone_bell,telephone_bell
telephone_bell_902.wav,telephone_bell,telephone_bell
telephone_bell_903.wav,telephone_bell,telephone_bell
telephone_bell_904.wav,telephone_bell,telephone_bell
telephone_bell_905.wav,telephone_bell,telephone_bell
telephone_bell_906.wav,telephone_bell,telephone_bell
telephone_bell_907.wav,telephone_bell,telephone_bell
telephone_bell_908.wav,telephone_bell,telephone_bell
telephone_bell_909.wav,telephone_bell,telephone_bell
telephone_bell_910.wav,telephone_bell,telephone_bell
telephone_bell_911.wav,telephone_bell,telephone_bell
telephone_bell_912.wav,telephone_bell,telephone_bell
telephone_bell_913.wav,telephone_bell,telephone_bell
telephone_bell_914.wav,telephone_bell,telephone_bell
telephone_bell_915.wav,telephone_bell,telephone_bell
telephone_bell_916.wav,telephone_bell,telephone_bell
telephone_bell_917.wav,telephone_bell,telephone_bell
telephone_bell_918.wav,telephone_bell,telephone_bell
telephone_bell_919.wav,telephone_bell,telephone_bell
telephone_bell_920.wav,telephone_bell,telephone_bell
telephone_bell_921.wav,telephone_bell,telephone_bell
telephone_bell_922.wav,telephone_bell,telephone_bell
telephone_bell_923.wav,telephone_bell,telephone_bell
telephone_bell_924.wav,telephone_bell,telephone_bell
telephone_bell_925.wav,telephone_bell,telephone_bell
telephone_bell_926.wav,telephone_bell,telephone_bell
telephone_bell_927.wav,telephone_bell,telephone_bell
telephone_bell_928.wav,telephone_bell,telephone_bell
telephone_bell_929.wav,telephone_bell,telephone_bell
telephone_bell_930.wav,telephone_bell,telephone_bell
telephone_bell_931.wav,telephone_bell,telephone_bell
telephone_bell_932.wav,telephone_bell,telephone_bell
telephone_bell_933.wav,telephone_bell,telephone_bell
telephone_bell_934.wav,telephone_bell,telephone_bell
telephone_bell_935.wav,telephone_bell,telephone_bell
telephone_bell_936.wav,telephone_bell,telephone_bell
telephone_bell_937.wav,telephone_bell,telephone_bell
telephone_bell_938.wav,telephone_bell,telephone_bell
telephone_bell_939.wav,telephone_bell,telephone_bell
telephone_bell_940.wav,telephone_bell,telephone_bell
telephone_bell_941.wav,telephone_bell,telephone_bell
telephone_bell_942.wav,telephone_bell,telephone_bell
telephone_bell_943.wav,telephone_bell,telephone_bell
telephone_bell_944.wav,telephone_bell,telephone_bell
telephone_bell_945.wav,telephone_bell,telephone_bell
telephone_bell_946.wav,telephone_bell,telephone_bell
telephone_bell_947.wav,telephone_bell,telephone_bell
telephone_bell_948.wav,telephone_bell,telephone_bell
telephone_bell_949.wav,telephone_bell,telephone_bell
telephone_bell_950.wav,telephone_bell,telephone_bell
telephone_bell_951.wav,telephone_bell,telephone_bell
telephone_bell_952.wav,telephone_bell,telephone_bell
telephone_bell_953.wav,telephone_bell,telephone_bell
telephone_bell_954.wav,telephone_bell,telephone_bell
telephone_bell_955.wav,telephone_bell,telephone_bell
telephone_bell_956.wav,telephone_bell,telephone_bell
telephone_bell_957.wav,telephone_bell,telephone_bell
telephone_bell_958.wav,telephone_bell,telephone_bell
telephone_bell_959.wav,telephone_bell,telephone_bell
telephone_bell_960.wav,telephone_bell,telephone_bell
telephone_bell_961.wav,telephone_bell,telephone_bell
telephone_bell_962.wav,telephone_bell,telephone_bell
telephone_bell_963.wav,telephone_bell,telephone_bell
telephone_bell_964.wav,telephone_bell,telephone_bell
telephone_bell_965.wav,telephone_bell,telephone_bell
telephone_bell_966.wav,telephone_bell,telephone_bell
telephone_bell_967.wav,telephone_bell,telephone_bell
telephone_bell_968.wav,telephone_bell,telephone_bell
telephone_bell_969.wav,telephone_bell,telephone_bell
telephone_bell_970.wav,telephone_bell,telephone_bell
telephone_bell_971.wav,telephone_bell,telephone_bell
telephone_bell_972.wav,telephone_bell,telephone_bell
telephone_bell_973.wav,telephone_bell,telephone_bell
telephone_bell_974.wav,telephone_bell,telephone_bell
telephone_bell_975.wav,telephone_bell,telephone_bell
telephone_bell_976.wav,telephone_bell,telephone_bell
telephone_bell_977.wav,telephone_bell,telephone_bell
telephone_bell_978.wav,telephone_bell,telephone_bell
telephone_bell_979.wav,telephone_bell,telephone_bell
telephone_bell_980.wav,telephone_bell,telephone_bell
telephone_bell_981.wav,telephone_bell,telephone_bell
telephone_bell_982.wav,telephone_bell,telephone_bell
telephone_bell_983.wav,telephone_bell,telephone_bell
telephone_bell_984.wav,telephone_bell,telephone_bell
telephone_bell_985.wav,telephone_bell,telephone_bell
telephone_bell_986.wav,telephone_bell,telephone_bell
telephone_bell_987.wav,telephone_bell,telephone_bell
telephone_bell_988.wav,telephone_bell,telephone_bell
telephone_bell_989.wav,telephone_bell,telephone_bell
telephone_bell_990.wav,telephone_bell,telephone_bell
telephone_bell_991.wav,telephone_bell,telephone_bell
telephone_bell_992.wav,telephone_bell,telephone_bell
telephone_bell_993.wav,telephone_bell,telephone_bell
telephone_bell_994.wav,telephone_bell,telephone_bell
telephone_bell_995.wav,telephone_bell,telephone_bell
telephone_bell_996.wav,telephone_bell,telephone_bell
telephone_bell_997.wav,telephone_bell,telephone_bell
telephone_bell_998.wav,telephone_bell,telephone_bell
telephone_bell_999.wav,telephone_bell,telephone_bell
telephone_bell_1000.wav,telephone_bell,telephone_bell
wind_1.wav,wind,wind
wind_2.wav,wind,wind
wind_3.wav,wind,wind
wind_4.wav,heavy_equipment,wind
wind_5.wav,wind,wind
wind_6.wav,wind,wind
wind_7.wav,wind,wind
wind_8.wav,wind,wind
wind_9.wav,wind,wind
wind_10.wav,driving,wind
wind_11.wav,wind,wind
wind_12.wav,wind,wind
wind_13.wav,wind,wind
wind_14.wav,wind,wind
wind_15.wav,wind,wind
wind_16.wav,wind,wind
wind_17.wav,wind,wind
wind_18.wav,wind,wind
wind_19.wav,wind,wind
wind_20.wav,wind,wind
wind_21.wav,wind,wind
wind_22.wav,wind,wind
wind_23.wav,wind,wind
wind_24.wav,wind,wind
wind_25.wav,wind,wind
wind_26.wav,wind,wind
wind_27.wav,wind,wind
wind_28.wav,wind,wind
wind_29.wav,wind,wind
wind_30.wav,wind,wind
wind_31.wav,wind,wind
wind_32.wav,wind,wind
wind_33.wav,wind,wind
wind_34.wav,wind,wind
wind_35.wav,wind,wind
wind_36.wav,wind,wind
wind_37.wav,wind,wind
wind_38.wav,wind,wind
wind_39.wav,wind,wind
wind_40.wav,wind,wind
wind_41.wav,wind,wind
wind_42.wav,wind,wind
wind_43.wav,wind,wind
wind_44.wav,wind,wind
wind_45.wav,wind,wind
wind_46.wav,wind,wind
wind_47.wav,wind,wind
wind_48.wav,wind,wind
wind_49.wav,wind,wind
wind_50.wav,wind,wind
wind_51.wav,wind,wind
wind_52.wav,wind,wind
wind_53.wav,wind,wind
wind_54.wav,crying_sobbing_wail,wind
wind_55.wav,snoring,wind
wind_56.wav,wind,wind
wind_57.wav,wind,wind
wind_58.wav,wind,wind
wind_59.wav,wind,wind
wind_60.wav,wind,wind
wind_61.wav,wind,wind
wind_62.wav,wind,wind
wind_63.wav,wind,wind
wind_64.wav,wind,wind
wind_65.wav,wind,wind
wind_66.wav,wind,wind
wind_67.wav,wind,wind
wind_68.wav,wind,wind
wind_69.wav,wind,wind
wind_70.wav,wind,wind
wind_71.wav,wind,wind
wind_72.wav,wind,wind
wind_73.wav,wind,wind
wind_74.wav,wind,wind
wind_75.wav,wind,wind
wind_76.wav,wind,wind
wind_77.wav,wind,wind
wind_78.wav,wind,wind
wind_79.wav,wind,wind
wind_80.wav,wind,wind
wind_81.wav,wind,wind
wind_82.wav,wind,wind
wind_83.wav,wind,wind
wind_84.wav,wind,wind
wind_85.wav,wind,wind
wind_86.wav,wind,wind
wind_87.wav,wind,wind
wind_88.wav,wind,wind
wind_89.wav,wind,wind
wind_90.wav,wind,wind
wind_91.wav,wind,wind
wind_92.wav,wind,wind
wind_93.wav,wind,wind
wind_94.wav,wind,wind
wind_95.wav,wind,wind
wind_96.wav,wind,wind
wind_97.wav,wind,wind
wind_98.wav,wind,wind
wind_99.wav,wind,wind
wind_100.wav,wind,wind
wind_101.wav,wind,wind
wind_102.wav,wind,wind
wind_103.wav,wind,wind
wind_104.wav,wind,wind
wind_105.wav,wind,wind
wind_106.wav,wind,wind
wind_107.wav,wind,wind
wind_108.wav,wind,wind
wind_109.wav,wind,wind
wind_110.wav,wind,wind
wind_111.wav,wind,wind
wind_112.wav,wind,wind
wind_113.wav,wind,wind
wind_114.wav,wind,wind
wind_115.wav,wind,wind
wind_116.wav,wind,wind
wind_117.wav,wind,wind
wind_118.wav,wind,wind
wind_119.wav,wind,wind
wind_120.wav,wind,wind
wind_121.wav,wind,wind
wind_122.wav,wind,wind
wind_123.wav,wind,wind
wind_124.wav,wind,wind
wind_125.wav,wind,wind
wind_126.wav,wind,wind
wind_127.wav,wind,wind
wind_128.wav,driving,wind
wind_129.wav,wind,wind
wind_130.wav,wind,wind
wind_131.wav,wind,wind
wind_132.wav,wind,wind
wind_133.wav,wind,wind
wind_134.wav,wind,wind
wind_135.wav,wind,wind
wind_136.wav,wind,wind
wind_137.wav,wind,wind
wind_138.wav,wind,wind
wind_139.wav,wind,wind
wind_140.wav,wind,wind
wind_141.wav,wind,wind
wind_142.wav,wind,wind
wind_143.wav,wind,wind
wind_144.wav,wind,wind
wind_145.wav,wind,wind
wind_146.wav,wind,wind
wind_147.wav,wind,wind
wind_148.wav,wind,wind
wind_149.wav,wind,wind
wind_150.wav,crying_sobbing_wail,wind
wind_151.wav,wind,wind
wind_152.wav,wind,wind
wind_153.wav,wind,wind
wind_154.wav,wind,wind
wind_155.wav,wind,wind
wind_156.wav,wind,wind
wind_157.wav,wind,wind
wind_158.wav,wind,wind
wind_159.wav,wind,wind
wind_160.wav,wind,wind
wind_161.wav,wind,wind
wind_162.wav,wind,wind
wind_163.wav,wind,wind
wind_164.wav,wind,wind
wind_165.wav,wind,wind
wind_166.wav,wind,wind
wind_167.wav,wind,wind
wind_168.wav,wind,wind
wind_169.wav,wind,wind
wind_170.wav,wind,wind
wind_171.wav,wind,wind
wind_172.wav,wind,wind
wind_173.wav,wind,wind
wind_174.wav,wind,wind
wind_175.wav,wind,wind
wind_176.wav,wind,wind
wind_177.wav,wind,wind
wind_178.wav,wind,wind
wind_179.wav,wind,wind
wind_180.wav,wind,wind
wind_181.wav,wind,wind
wind_182.wav,wind,wind
wind_183.wav,wind,wind
wind_184.wav,wind,wind
wind_185.wav,wind,wind
wind_186.wav,wind,wind
wind_187.wav,wind,wind
wind_188.wav,wind,wind
wind_189.wav,wind,wind
wind_190.wav,wind,wind
wind_191.wav,wind,wind
wind_192.wav,wind,wind
wind_193.wav,wind,wind
wind_194.wav,wind,wind
wind_195.wav,wind,wind
wind_196.wav,wind,wind
wind_197.wav,wind,wind
wind_198.wav,wind,wind
wind_199.wav,wind,wind
wind_200.wav,wind,wind
wind_201.wav,wind,wind
wind_202.wav,wind,wind
wind_203.wav,wind,wind
wind_204.wav,wind,wind
wind_205.wav,wind,wind
wind_206.wav,wind,wind
wind_207.wav,wind,wind
wind_208.wav,wind,wind
wind_209.wav,wind,wind
wind_210.wav,wind,wind
wind_211.wav,wind,wind
wind_212.wav,wind,wind
wind_213.wav,wind,wind
wind_214.wav,wind,wind
wind_215.wav,wind,wind
wind_216.wav,wind,wind
wind_217.wav,telephone_bell,wind
wind_218.wav,wind,wind
wind_219.wav,wind,wind
wind_220.wav,wind,wind
wind_221.wav,wind,wind
wind_222.wav,wind,wind
wind_223.wav,wind,wind
wind_224.wav,wind,wind
wind_225.wav,wind,wind
wind_226.wav,wind,wind
wind_227.wav,wind,wind
wind_228.wav,wind,wind
wind_229.wav,wind,wind
wind_230.wav,wind,wind
wind_231.wav,wind,wind
wind_232.wav,wind,wind
wind_233.wav,wind,wind
wind_234.wav,wind,wind
wind_235.wav,wind,wind
wind_236.wav,wind,wind
wind_237.wav,wind,wind
wind_238.wav,wind,wind
wind_239.wav,wind,wind
wind_240.wav,heavy_equipment,wind
wind_241.wav,wind,wind
wind_242.wav,wind,wind
wind_243.wav,wind,wind
wind_244.wav,wind,wind
wind_245.wav,wind,wind
wind_246.wav,wind,wind
wind_247.wav,wind,wind
wind_248.wav,wind,wind
wind_249.wav,wind,wind
wind_250.wav,wind,wind
wind_251.wav,wind,wind
wind_252.wav,wind,wind
wind_253.wav,wind,wind
wind_254.wav,wind,wind
wind_255.wav,wind,wind
wind_256.wav,crying_sobbing_wail,wind
wind_257.wav,wind,wind
wind_258.wav,wind,wind
wind_259.wav,wind,wind
wind_260.wav,wind,wind
wind_261.wav,wind,wind
wind_262.wav,wind,wind
wind_263.wav,wind,wind
wind_264.wav,wind,wind
wind_265.wav,wind,wind
wind_266.wav,wind,wind
wind_267.wav,wind,wind
wind_268.wav,wind,wind
wind_269.wav,wind,wind
wind_270.wav,wind,wind
wind_271.wav,wind,wind
wind_272.wav,wind,wind
wind_273.wav,wind,wind
wind_274.wav,wind,wind
wind_275.wav,wind,wind
wind_276.wav,wind,wind
wind_277.wav,wind,wind
wind_278.wav,wind,wind
wind_279.wav,wind,wind
wind_280.wav,wind,wind
wind_281.wav,wind,wind
wind_282.wav,wind,wind
wind_283.wav,wind,wind
wind_284.wav,wind,wind
wind_285.wav,wind,wind
wind_286.wav,wind,wind
wind_287.wav,wind,wind
wind_288.wav,wind,wind
wind_289.wav,wind,wind
wind_290.wav,wind,wind
wind_291.wav,wind,wind
wind_292.wav,wind,wind
wind_293.wav,wind,wind
wind_294.wav,wind,wind
wind_295.wav,wind,wind
wind_296.wav,wind,wind
wind_297.wav,wind,wind
wind_298.wav,wind,wind
wind_299.wav,wind,wind
wind_300.wav,snoring,wind
wind_301.wav,wind,wind
wind_302.wav,wind,wind
wind_303.wav,wind,wind
wind_304.wav,wind,wind
wind_305.wav,wind,wind
wind_306.wav,wind,wind
wind_307.wav,wind,wind
wind_308.wav,wind,wind
wind_309.wav,wind,wind
wind_310.wav,wind,wind
wind_311.wav,wind,wind
wind_312.wav,wind,wind
wind_313.wav,wind,wind
wind_314.wav,wind,wind
wind_315.wav,wind,wind
wind_316.wav,wind,wind
wind_317.wav,wind,wind
wind_318.wav,wind,wind
wind_319.wav,wind,wind
wind_320.wav,wind,wind
wind_321.wav,wind,wind
wind_322.wav,wind,wind
wind_323.wav,wind,wind
wind_324.wav,wind,wind
wind_325.wav,wind,wind
wind_326.wav,wind,wind
wind_327.wav,wind,wind
wind_328.wav,wind,wind
wind_329.wav,wind,wind
wind_330.wav,wind,wind
wind_331.wav,wind,wind
wind_332.wav,wind,wind
wind_333.wav,wind,wind
wind_334.wav,wind,wind
wind_335.wav,wind,wind
wind_336.wav,tools,wind
wind_337.wav,wind,wind
wind_338.wav,wind,wind
wind_339.wav,wind,wind
wind_340.wav,wind,wind
wind_341.wav,wind,wind
wind_342.wav,wind,wind
wind_343.wav,wind,wind
wind_344.wav,wind,wind
wind_345.wav,wind,wind
wind_346.wav,wind,wind
wind_347.wav,wind,wind
wind_348.wav,wind,wind
wind_349.wav,wind,wind
wind_350.wav,wind,wind
wind_351.wav,wind,wind
wind_352.wav,wind,wind
wind_353.wav,wind,wind
wind_354.wav,wind,wind
wind_355.wav,wind,wind
wind_356.wav,wind,wind
wind_357.wav,wind,wind
wind_358.wav,wind,wind
wind_359.wav,wind,wind
wind_360.wav,wind,wind
wind_361.wav,wind,wind
wind_362.wav,wind,wind
wind_363.wav,wind,wind
wind_364.wav,wind,wind
wind_365.wav,wind,wind
wind_366.wav,wind,wind
wind_367.wav,wind,wind
wind_368.wav,wind,wind
wind_369.wav,snoring,wind
wind_370.wav,wind,wind
wind_371.wav,wind,wind
wind_372.wav,wind,wind
wind_373.wav,wind,wind
wind_374.wav,wind,wind
wind_375.wav,wind,wind
wind_376.wav,wind,wind
wind_377.wav,wind,wind
wind_378.wav,wind,wind
wind_379.wav,wind,wind
wind_380.wav,wind,wind
wind_381.wav,wind,wind
wind_382.wav,wind,wind
wind_383.wav,wind,wind
wind_384.wav,wind,wind
wind_385.wav,wind,wind
wind_386.wav,wind,wind
wind_387.wav,wind,wind
wind_388.wav,wind,wind
wind_389.wav,wind,wind
wind_390.wav,wind,wind
wind_391.wav,wind,wind
wind_392.wav,wind,wind
wind_393.wav,wind,wind
wind_394.wav,wind,wind
wind_395.wav,wind,wind
wind_396.wav,wind,wind
wind_397.wav,wind,wind
wind_398.wav,wind,wind
wind_399.wav,wind,wind
wind_400.wav,wind,wind
wind_401.wav,wind,wind
wind_402.wav,wind,wind
wind_403.wav,wind,wind
wind_404.wav,wind,wind
wind_405.wav,wind,wind
wind_406.wav,wind,wind
wind_407.wav,wind,wind
wind_408.wav,wind,wind
wind_409.wav,wind,wind
wind_410.wav,wind,wind
wind_411.wav,wind,wind
wind_412.wav,wind,wind
wind_413.wav,wind,wind
wind_414.wav,wind,wind
wind_415.wav,wind,wind
wind_416.wav,wind,wind
wind_417.wav,wind,wind
wind_418.wav,wind,wind
wind_419.wav,wind,wind
wind_420.wav,wind,wind
wind_421.wav,wind,wind
wind_422.wav,wind,wind
wind_423.wav,wind,wind
wind_424.wav,wind,wind
wind_425.wav,wind,wind
wind_426.wav,wind,wind
wind_427.wav,wind,wind
wind_428.wav,wind,wind
wind_429.wav,wind,wind
wind_430.wav,wind,wind
wind_431.wav,wind,wind
wind_432.wav,wind,wind
wind_433.wav,wind,wind
wind_434.wav,wind,wind
wind_435.wav,wind,wind
wind_436.wav,wind,wind
wind_437.wav,wind,wind
wind_438.wav,wind,wind
wind_439.wav,wind,wind
wind_440.wav,wind,wind
wind_441.wav,wind,wind
wind_442.wav,wind,wind
wind_443.wav,wind,wind
wind_444.wav,wind,wind
wind_445.wav,wind,wind
wind_446.wav,wind,wind
wind_447.wav,wind,wind
wind_448.wav,wind,wind
wind_449.wav,wind,wind
wind_450.wav,wind,wind
wind_451.wav,wind,wind
wind_452.wav,wind,wind
wind_453.wav,wind,wind
wind_454.wav,wind,wind
wind_455.wav,wind,wind
wind_456.wav,wind,wind
wind_457.wav,wind,wind
wind_458.wav,wind,wind
wind_459.wav,wind,wind
wind_460.wav,wind,wind
wind_461.wav,wind,wind
wind_462.wav,wind,wind
wind_463.wav,wind,wind
wind_464.wav,wind,wind
wind_465.wav,wind,wind
wind_466.wav,wind,wind
wind_467.wav,wind,wind
wind_468.wav,wind,wind
wind_469.wav,wind,wind
wind_470.wav,wind,wind
wind_471.wav,wind,wind
wind_472.wav,wind,wind
wind_473.wav,driving,wind
wind_474.wav,wind,wind
wind_475.wav,wind,wind
wind_476.wav,wind,wind
wind_477.wav,wind,wind
wind_478.wav,wind,wind
wind_479.wav,wind,wind
wind_480.wav,wind,wind
wind_481.wav,wind,wind
wind_482.wav,wind,wind
wind_483.wav,wind,wind
wind_484.wav,wind,wind
wind_485.wav,wind,wind
wind_486.wav,wind,wind
wind_487.wav,wind,wind
wind_488.wav,wind,wind
wind_489.wav,wind,wind
wind_490.wav,wind,wind
wind_491.wav,wind,wind
wind_492.wav,wind,wind
wind_493.wav,wind,wind
wind_494.wav,wind,wind
wind_495.wav,wind,wind
wind_496.wav,wind,wind
wind_497.wav,wind,wind
wind_498.wav,wind,wind
wind_499.wav,wind,wind
wind_500.wav,heavy_equipment,wind
wind_501.wav,wind,wind
wind_502.wav,wind,wind
wind_503.wav,wind,wind
wind_504.wav,wind,wind
wind_505.wav,wind,wind
wind_506.wav,wind,wind
wind_507.wav,wind,wind
wind_508.wav,wind,wind
wind_509.wav,wind,wind
wind_510.wav,wind,wind
wind_511.wav,wind,wind
wind_512.wav,wind,wind
wind_513.wav,wind,wind
wind_514.wav,wind,wind
wind_515.wav,wind,wind
wind_516.wav,wind,wind
wind_517.wav,wind,wind
wind_518.wav,wind,wind
wind_519.wav,wind,wind
wind_520.wav,wind,wind
wind_521.wav,wind,wind
wind_522.wav,wind,wind
wind_523.wav,wind,wind
wind_524.wav,wind,wind
wind_525.wav,wind,wind
wind_526.wav,wind,wind
wind_527.wav,wind,wind
wind_528.wav,driving,wind
wind_529.wav,wind,wind
wind_530.wav,wind,wind
wind_531.wav,wind,wind
wind_532.wav,wind,wind
wind_533.wav,wind,wind
wind_534.wav,wind,wind
wind_535.wav,wind,wind
wind_536.wav,wind,wind
wind_537.wav,wind,wind
wind_538.wav,wind,wind
wind_539.wav,wind,wind
wind_540.wav,wind,wind
wind_541.wav,wind,wind
wind_542.wav,wind,wind
wind_543.wav,crying_sobbing_wail,wind
wind_544.wav,wind,wind
wind_545.wav,wind,wind
wind_546.wav,wind,wind
wind_547.wav,wind,wind
wind_548.wav,wind,wind
wind_549.wav,wind,wind
wind_550.wav,wind,wind
wind_551.wav,rain,wind
wind_552.wav,wind,wind
wind_553.wav,wind,wind
wind_554.wav,wind,wind
wind_555.wav,wind,wind
wind_556.wav,wind,wind
wind_557.wav,wind,wind
wind_558.wav,wind,wind
wind_559.wav,wind,wind
wind_560.wav,wind,wind
wind_561.wav,wind,wind
wind_562.wav,wind,wind
wind_563.wav,snoring,wind
wind_564.wav,wind,wind
wind_565.wav,wind,wind
wind_566.wav,wind,wind
wind_567.wav,wind,wind
wind_568.wav,wind,wind
wind_569.wav,wind,wind
wind_570.wav,wind,wind
wind_571.wav,wind,wind
wind_572.wav,wind,wind
wind_573.wav,wind,wind
wind_574.wav,wind,wind
wind_575.wav,wind,wind
wind_576.wav,wind,wind
wind_577.wav,wind,wind
wind_578.wav,wind,wind
wind_579.wav,wind,wind
wind_580.wav,wind,wind
wind_581.wav,wind,wind
wind_582.wav,wind,wind
wind_583.wav,wind,wind
wind_584.wav,wind,wind
wind_585.wav,wind,wind
wind_586.wav,wind,wind
wind_587.wav,wind,wind
wind_588.wav,wind,wind
wind_589.wav,wind,wind
wind_590.wav,wind,wind
wind_591.wav,wind,wind
wind_592.wav,wind,wind
wind_593.wav,wind,wind
wind_594.wav,wind,wind
wind_595.wav,wind,wind
wind_596.wav,wind,wind
wind_597.wav,wind,wind
wind_598.wav,wind,wind
wind_599.wav,wind,wind
wind_600.wav,wind,wind
wind_601.wav,wind,wind
wind_602.wav,wind,wind
wind_603.wav,wind,wind
wind_604.wav,engine,wind
wind_605.wav,wind,wind
wind_606.wav,wind,wind
wind_607.wav,wind,wind
wind_608.wav,wind,wind
wind_609.wav,wind,wind
wind_610.wav,cat,wind
wind_611.wav,wind,wind
wind_612.wav,wind,wind
wind_613.wav,wind,wind
wind_614.wav,wind,wind
wind_615.wav,wind,wind
wind_616.wav,wind,wind
wind_617.wav,wind,wind
wind_618.wav,wind,wind
wind_619.wav,wind,wind
wind_620.wav,wind,wind
wind_621.wav,wind,wind
wind_622.wav,wind,wind
wind_623.wav,wind,wind
wind_624.wav,wind,wind
wind_625.wav,wind,wind
wind_626.wav,wind,wind
wind_627.wav,wind,wind
wind_628.wav,wind,wind
wind_629.wav,wind,wind
wind_630.wav,engine,wind
wind_631.wav,wind,wind
wind_632.wav,wind,wind
wind_633.wav,wind,wind
wind_634.wav,wind,wind
wind_635.wav,wind,wind
wind_636.wav,wind,wind
wind_637.wav,wind,wind
wind_638.wav,wind,wind
wind_639.wav,wind,wind
wind_640.wav,wind,wind
wind_641.wav,wind,wind
wind_642.wav,wind,wind
wind_643.wav,wind,wind
wind_644.wav,wind,wind
wind_645.wav,wind,wind
wind_646.wav,wind,wind
wind_647.wav,wind,wind
wind_648.wav,wind,wind
wind_649.wav,wind,wind
wind_650.wav,wind,wind
wind_651.wav,wind,wind
wind_652.wav,wind,wind
wind_653.wav,wind,wind
wind_654.wav,wind,wind
wind_655.wav,wind,wind
wind_656.wav,wind,wind
wind_657.wav,wind,wind
wind_658.wav,wind,wind
wind_659.wav,wind,wind
wind_660.wav,wind,wind
wind_661.wav,wind,wind
wind_662.wav,wind,wind
wind_663.wav,wind,wind
wind_664.wav,wind,wind
wind_665.wav,wind,wind
wind_666.wav,wind,wind
wind_667.wav,engine,wind
wind_668.wav,wind,wind
wind_669.wav,wind,wind
wind_670.wav,wind,wind
wind_671.wav,wind,wind
wind_672.wav,wind,wind
wind_673.wav,wind,wind
wind_674.wav,wind,wind
wind_675.wav,wind,wind
wind_676.wav,wind,wind
wind_677.wav,wind,wind
wind_678.wav,wind,wind
wind_679.wav,wind,wind
wind_680.wav,wind,wind
wind_681.wav,wind,wind
wind_682.wav,wind,wind
wind_683.wav,wind,wind
wind_684.wav,wind,wind
wind_685.wav,wind,wind
wind_686.wav,wind,wind
wind_687.wav,wind,wind
wind_688.wav,wind,wind
wind_689.wav,wind,wind
wind_690.wav,wind,wind
wind_691.wav,wind,wind
wind_692.wav,wind,wind
wind_693.wav,wind,wind
wind_694.wav,wind,wind
wind_695.wav,wind,wind
wind_696.wav,wind,wind
wind_697.wav,wind,wind
wind_698.wav,wind,wind
wind_699.wav,wind,wind
wind_700.wav,wind,wind
wind_701.wav,wind,wind
wind_702.wav,wind,wind
wind_703.wav,wind,wind
wind_704.wav,wind,wind
wind_705.wav,wind,wind
wind_706.wav,wind,wind
wind_707.wav,wind,wind
wind_708.wav,wind,wind
wind_709.wav,wind,wind
wind_710.wav,wind,wind
wind_711.wav,wind,wind
wind_712.wav,wind,wind
wind_713.wav,wind,wind
wind_714.wav,wind,wind
wind_715.wav,wind,wind
wind_716.wav,wind,wind
wind_717.wav,wind,wind
wind_718.wav,crying_sobbing_wail,wind
wind_719.wav,wind,wind
wind_720.wav,wind,wind
wind_721.wav,wind,wind
wind_722.wav,wind,wind
wind_723.wav,wind,wind
wind_724.wav,wind,wind
wind_725.wav,wind,wind
wind_726.wav,wind,wind
wind_727.wav,wind,wind
wind_728.wav,wind,wind
wind_729.wav,wind,wind
wind_730.wav,wind,wind
wind_731.wav,wind,wind
wind_732.wav,wind,wind
wind_733.wav,wind,wind
wind_734.wav,wind,wind
wind_735.wav,wind,wind
wind_736.wav,wind,wind
wind_737.wav,wind,wind
wind_738.wav,wind,wind
wind_739.wav,wind,wind
wind_740.wav,wind,wind
wind_741.wav,wind,wind
wind_742.wav,wind,wind
wind_743.wav,wind,wind
wind_744.wav,wind,wind
wind_745.wav,wind,wind
wind_746.wav,wind,wind
wind_747.wav,wind,wind
wind_748.wav,wind,wind
wind_749.wav,wind,wind
wind_750.wav,wind,wind
wind_751.wav,wind,wind
wind_752.wav,wind,wind
wind_753.wav,wind,wind
wind_754.wav,wind,wind
wind_755.wav,water,wind
wind_756.wav,wind,wind
wind_757.wav,wind,wind
wind_758.wav,wind,wind
wind_759.wav,wind,wind
wind_760.wav,wind,wind
wind_761.wav,wind,wind
wind_762.wav,wind,wind
wind_763.wav,wind,wind
wind_764.wav,wind,wind
wind_765.wav,wind,wind
wind_766.wav,wind,wind
wind_767.wav,wind,wind
wind_768.wav,wind,wind
wind_769.wav,wind,wind
wind_770.wav,wind,wind
wind_771.wav,wind,wind
wind_772.wav,driving,wind
wind_773.wav,wind,wind
wind_774.wav,wind,wind
wind_775.wav,wind,wind
wind_776.wav,wind,wind
wind_777.wav,wind,wind
wind_778.wav,wind,wind
wind_779.wav,wind,wind
wind_780.wav,wind,wind
wind_781.wav,wind,wind
wind_782.wav,wind,wind
wind_783.wav,wind,wind
wind_784.wav,wind,wind
wind_785.wav,wind,wind
wind_786.wav,wind,wind
wind_787.wav,water,wind
wind_788.wav,wind,wind
wind_789.wav,wind,wind
wind_790.wav,wind,wind
wind_791.wav,wind,wind
wind_792.wav,wind,wind
wind_793.wav,wind,wind
wind_794.wav,wind,wind
wind_795.wav,wind,wind
wind_796.wav,wind,wind
wind_797.wav,wind,wind
wind_798.wav,wind,wind
wind_799.wav,wind,wind
wind_800.wav,wind,wind
wind_801.wav,wind,wind
wind_802.wav,wind,wind
wind_803.wav,wind,wind
wind_804.wav,wind,wind
wind_805.wav,wind,wind
wind_806.wav,wind,wind
wind_807.wav,wind,wind
wind_808.wav,wind,wind
wind_809.wav,wind,wind
wind_810.wav,wind,wind
wind_811.wav,wind,wind
wind_812.wav,wind,wind
wind_813.wav,wind,wind
wind_814.wav,wind,wind
wind_815.wav,wind,wind
wind_816.wav,wind,wind
wind_817.wav,wind,wind
wind_818.wav,wind,wind
wind_819.wav,wind,wind
wind_820.wav,wind,wind
wind_821.wav,wind,wind
wind_822.wav,wind,wind
wind_823.wav,wind,wind
wind_824.wav,wind,wind
wind_825.wav,wind,wind
wind_826.wav,wind,wind
wind_827.wav,wind,wind
wind_828.wav,wind,wind
wind_829.wav,wind,wind
wind_830.wav,wind,wind
wind_831.wav,wind,wind
wind_832.wav,wind,wind
wind_833.wav,wind,wind
wind_834.wav,wind,wind
wind_835.wav,wind,wind
wind_836.wav,wind,wind
wind_837.wav,wind,wind
wind_838.wav,wind,wind
wind_839.wav,wind,wind
wind_840.wav,wind,wind
wind_841.wav,wind,wind
wind_842.wav,wind,wind
wind_843.wav,wind,wind
wind_844.wav,wind,wind
wind_845.wav,wind,wind
wind_846.wav,wind,wind
wind_847.wav,wind,wind
wind_848.wav,wind,wind
wind_849.wav,wind,wind
wind_850.wav,wind,wind
wind_851.wav,wind,wind
wind_852.wav,wind,wind
wind_853.wav,wind,wind
wind_854.wav,wind,wind
wind_855.wav,wind,wind
wind_856.wav,wind,wind
wind_857.wav,wind,wind
wind_858.wav,wind,wind
wind_859.wav,wind,wind
wind_860.wav,wind,wind
wind_861.wav,wind,wind
wind_862.wav,wind,wind
wind_863.wav,wind,wind
wind_864.wav,wind,wind
wind_865.wav,wind,wind
wind_866.wav,wind,wind
wind_867.wav,wind,wind
wind_868.wav,wind,wind
wind_869.wav,wind,wind
wind_870.wav,wind,wind
wind_871.wav,wind,wind
wind_872.wav,wind,wind
wind_873.wav,wind,wind
wind_874.wav,wind,wind
wind_875.wav,wind,wind
wind_876.wav,wind,wind
wind_877.wav,wind,wind
wind_878.wav,wind,wind
wind_879.wav,wind,wind
wind_880.wav,wind,wind
wind_881.wav,wind,wind
wind_882.wav,driving,wind
wind_883.wav,wind,wind
wind_884.wav,wind,wind
wind_885.wav,wind,wind
wind_886.wav,wind,wind
wind_887.wav,wind,wind
wind_888.wav,wind,wind
wind_889.wav,wind,wind
wind_890.wav,wind,wind
wind_891.wav,wind,wind
wind_892.wav,wind,wind
wind_893.wav,wind,wind
wind_894.wav,wind,wind
wind_895.wav,wind,wind
wind_896.wav,wind,wind
wind_897.wav,wind,wind
wind_898.wav,wind,wind
wind_899.wav,wind,wind
wind_900.wav,wind,wind
wind_901.wav,wind,wind
wind_902.wav,wind,wind
wind_903.wav,wind,wind
wind_904.wav,wind,wind
wind_905.wav,wind,wind
wind_906.wav,wind,wind
wind_907.wav,wind,wind
wind_908.wav,wind,wind
wind_909.wav,wind,wind
wind_910.wav,wind,wind
wind_911.wav,wind,wind
wind_912.wav,wind,wind
wind_913.wav,wind,wind
wind_914.wav,wind,wind
wind_915.wav,wind,wind
wind_916.wav,wind,wind
wind_917.wav,wind,wind
wind_918.wav,wind,wind
wind_919.wav,wind,wind
wind_920.wav,wind,wind
wind_921.wav,wind,wind
wind_922.wav,wind,wind
wind_923.wav,wind,wind
wind_924.wav,engine,wind
wind_925.wav,wind,wind
wind_926.wav,wind,wind
wind_927.wav,wind,wind
wind_928.wav,wind,wind
wind_929.wav,wind,wind
wind_930.wav,wind,wind
wind_931.wav,wind,wind
wind_932.wav,wind,wind
wind_933.wav,wind,wind
wind_934.wav,wind,wind
wind_935.wav,wind,wind
wind_936.wav,wind,wind
wind_937.wav,wind,wind
wind_938.wav,wind,wind
wind_939.wav,wind,wind
wind_940.wav,wind,wind
wind_941.wav,wind,wind
wind_942.wav,wind,wind
wind_943.wav,wind,wind
wind_944.wav,wind,wind
wind_945.wav,wind,wind
wind_946.wav,wind,wind
wind_947.wav,wind,wind
wind_948.wav,wind,wind
wind_949.wav,wind,wind
wind_950.wav,wind,wind
wind_951.wav,wind,wind
wind_952.wav,wind,wind
wind_953.wav,wind,wind
wind_954.wav,wind,wind
wind_955.wav,wind,wind
wind_956.wav,wind,wind
wind_957.wav,wind,wind
wind_958.wav,wind,wind
wind_959.wav,wind,wind
wind_960.wav,wind,wind
wind_961.wav,wind,wind
wind_962.wav,wind,wind
wind_963.wav,wind,wind
wind_964.wav,wind,wind
wind_965.wav,wind,wind
wind_966.wav,wind,wind
wind_967.wav,wind,wind
wind_968.wav,wind,wind
wind_969.wav,wind,wind
wind_970.wav,wind,wind
wind_971.wav,wind,wind
wind_972.wav,engine,wind
wind_973.wav,wind,wind
wind_974.wav,wind,wind
wind_975.wav,wind,wind
wind_976.wav,wind,wind
wind_977.wav,wind,wind
wind_978.wav,wind,wind
wind_979.wav,wind,wind
wind_980.wav,wind,wind
wind_981.wav,wind,wind
wind_982.wav,wind,wind
wind_983.wav,wind,wind
wind_984.wav,wind,wind
wind_985.wav,wind,wind
wind_986.wav,wind,wind
wind_987.wav,engine,wind
wind_988.wav,wind,wind
wind_989.wav,wind,wind
wind_990.wav,wind,wind
wind_991.wav,wind,wind
wind_992.wav,wind,wind
wind_993.wav,wind,wind
wind_994.wav,wind,wind
wind_995.wav,wind,wind
wind_996.wav,wind,wind
wind_997.wav,wind,wind
wind_998.wav,wind,wind
wind_999.wav,wind,wind
wind_1000.wav,wind,wind
driving_1.wav,driving,driving
driving_2.wav,driving,driving
driving_3.wav,driving,driving
driving_4.wav,driving,driving
driving_5.wav,driving,driving
driving_6.wav,driving,driving
driving_7.wav,driving,driving
driving_8.wav,driving,driving
driving_9.wav,driving,driving
driving_10.wav,driving,driving
driving_11.wav,driving,driving
driving_12.wav,driving,driving
driving_13.wav,driving,driving
driving_14.wav,driving,driving
driving_15.wav,driving,driving
driving_16.wav,driving,driving
driving_17.wav,driving,driving
driving_18.wav,driving,driving
driving_19.wav,driving,driving
driving_20.wav,driving,driving
driving_21.wav,driving,driving
driving_22.wav,driving,driving
driving_23.wav,driving,driving
driving_24.wav,driving,driving
driving_25.wav,driving,driving
driving_26.wav,driving,driving
driving_27.wav,driving,driving
driving_28.wav,driving,driving
driving_29.wav,driving,driving
driving_30.wav,driving,driving
driving_31.wav,driving,driving
driving_32.wav,driving,driving
driving_33.wav,driving,driving
driving_34.wav,driving,driving
driving_35.wav,driving,driving
driving_36.wav,driving,driving
driving_37.wav,driving,driving
driving_38.wav,driving,driving
driving_39.wav,driving,driving
driving_40.wav,driving,driving
driving_41.wav,driving,driving
driving_42.wav,driving,driving
driving_43.wav,driving,driving
driving_44.wav,driving,driving
driving_45.wav,driving,driving
driving_46.wav,driving,driving
driving_47.wav,driving,driving
driving_48.wav,driving,driving
driving_49.wav,driving,driving
driving_50.wav,driving,driving
driving_51.wav,driving,driving
driving_52.wav,driving,driving
driving_53.wav,driving,driving
driving_54.wav,driving,driving
driving_55.wav,driving,driving
driving_56.wav,driving,driving
driving_57.wav,driving,driving
driving_58.wav,driving,driving
driving_59.wav,driving,driving
driving_60.wav,driving,driving
driving_61.wav,driving,driving
driving_62.wav,driving,driving
driving_63.wav,driving,driving
driving_64.wav,driving,driving
driving_65.wav,driving,driving
driving_66.wav,driving,driving
driving_67.wav,driving,driving
driving_68.wav,driving,driving
driving_69.wav,driving,driving
driving_70.wav,driving,driving
driving_71.wav,driving,driving
driving_72.wav,driving,driving
driving_73.wav,driving,driving
driving_74.wav,driving,driving
driving_75.wav,driving,driving
driving_76.wav,driving,driving
driving_77.wav,driving,driving
driving_78.wav,driving,driving
driving_79.wav,driving,driving
driving_80.wav,driving,driving
driving_81.wav,driving,driving
driving_82.wav,driving,driving
driving_83.wav,driving,driving
driving_84.wav,driving,driving
driving_85.wav,driving,driving
driving_86.wav,driving,driving
driving_87.wav,driving,driving
driving_88.wav,driving,driving
driving_89.wav,driving,driving
driving_90.wav,driving,driving
driving_91.wav,driving,driving
driving_92.wav,driving,driving
driving_93.wav,driving,driving
driving_94.wav,driving,driving
driving_95.wav,driving,driving
driving_96.wav,driving,driving
driving_97.wav,driving,driving
driving_98.wav,driving,driving
driving_99.wav,driving,driving
driving_100.wav,driving,driving
driving_101.wav,driving,driving
driving_102.wav,driving,driving
driving_103.wav,driving,driving
driving_104.wav,driving,driving
driving_105.wav,driving,driving
driving_106.wav,driving,driving
driving_107.wav,driving,driving
driving_108.wav,driving,driving
driving_109.wav,driving,driving
driving_110.wav,driving,driving
driving_111.wav,driving,driving
driving_112.wav,driving,driving
driving_113.wav,driving,driving
driving_114.wav,driving,driving
driving_115.wav,driving,driving
driving_116.wav,driving,driving
driving_117.wav,driving,driving
driving_118.wav,driving,driving
driving_119.wav,driving,driving
driving_120.wav,driving,driving
driving_121.wav,driving,driving
driving_122.wav,driving,driving
driving_123.wav,driving,driving
driving_124.wav,driving,driving
driving_125.wav,driving,driving
driving_126.wav,driving,driving
driving_127.wav,driving,driving
driving_128.wav,driving,driving
driving_129.wav,driving,driving
driving_130.wav,driving,driving
driving_131.wav,driving,driving
driving_132.wav,driving,driving
driving_133.wav,driving,driving
driving_134.wav,driving,driving
driving_135.wav,driving,driving
driving_136.wav,driving,driving
driving_137.wav,driving,driving
driving_138.wav,driving,driving
driving_139.wav,driving,driving
driving_140.wav,driving,driving
driving_141.wav,driving,driving
driving_142.wav,driving,driving
driving_143.wav,driving,driving
driving_144.wav,driving,driving
driving_145.wav,driving,driving
driving_146.wav,driving,driving
driving_147.wav,driving,driving
driving_148.wav,rain,driving
driving_149.wav,driving,driving
driving_150.wav,driving,driving
driving_151.wav,driving,driving
driving_152.wav,driving,driving
driving_153.wav,driving,driving
driving_154.wav,driving,driving
driving_155.wav,driving,driving
driving_156.wav,driving,driving
driving_157.wav,driving,driving
driving_158.wav,driving,driving
driving_159.wav,driving,driving
driving_160.wav,driving,driving
driving_161.wav,driving,driving
driving_162.wav,driving,driving
driving_163.wav,driving,driving
driving_164.wav,driving,driving
driving_165.wav,driving,driving
driving_166.wav,driving,driving
driving_167.wav,driving,driving
driving_168.wav,driving,driving
driving_169.wav,driving,driving
driving_170.wav,driving,driving
driving_171.wav,driving,driving
driving_172.wav,driving,driving
driving_173.wav,driving,driving
driving_174.wav,driving,driving
driving_175.wav,driving,driving
driving_176.wav,driving,driving
driving_177.wav,driving,driving
driving_178.wav,driving,driving
driving_179.wav,driving,driving
driving_180.wav,driving,driving
driving_181.wav,driving,driving
driving_182.wav,driving,driving
driving_183.wav,driving,driving
driving_184.wav,driving,driving
driving_185.wav,driving,driving
driving_186.wav,driving,driving
driving_187.wav,driving,driving
driving_188.wav,driving,driving
driving_189.wav,driving,driving
driving_190.wav,driving,driving
driving_191.wav,driving,driving
driving_192.wav,driving,driving
driving_193.wav,driving,driving
driving_194.wav,driving,driving
driving_195.wav,driving,driving
driving_196.wav,driving,driving
driving_197.wav,driving,driving
driving_198.wav,driving,driving
driving_199.wav,driving,driving
driving_200.wav,driving,driving
driving_201.wav,driving,driving
driving_202.wav,driving,driving
driving_203.wav,driving,driving
driving_204.wav,driving,driving
driving_205.wav,driving,driving
driving_206.wav,driving,driving
driving_207.wav,driving,driving
driving_208.wav,driving,driving
driving_209.wav,driving,driving
driving_210.wav,driving,driving
driving_211.wav,driving,driving
driving_212.wav,driving,driving
driving_213.wav,driving,driving
driving_214.wav,driving,driving
driving_215.wav,driving,driving
driving_216.wav,driving,driving
driving_217.wav,driving,driving
driving_218.wav,driving,driving
driving_219.wav,driving,driving
driving_220.wav,driving,driving
driving_221.wav,driving,driving
driving_222.wav,driving,driving
driving_223.wav,driving,driving
driving_224.wav,driving,driving
driving_225.wav,driving,driving
driving_226.wav,driving,driving
driving_227.wav,driving,driving
driving_228.wav,driving,driving
driving_229.wav,driving,driving
driving_230.wav,driving,driving
driving_231.wav,driving,driving
driving_232.wav,driving,driving
driving_233.wav,driving,driving
driving_234.wav,driving,driving
driving_235.wav,driving,driving
driving_236.wav,driving,driving
driving_237.wav,driving,driving
driving_238.wav,driving,driving
driving_239.wav,driving,driving
driving_240.wav,driving,driving
driving_241.wav,driving,driving
driving_242.wav,driving,driving
driving_243.wav,driving,driving
driving_244.wav,driving,driving
driving_245.wav,driving,driving
driving_246.wav,driving,driving
driving_247.wav,driving,driving
driving_248.wav,driving,driving
driving_249.wav,driving,driving
driving_250.wav,driving,driving
driving_251.wav,driving,driving
driving_252.wav,driving,driving
driving_253.wav,driving,driving
driving_254.wav,driving,driving
driving_255.wav,driving,driving
driving_256.wav,driving,driving
driving_257.wav,driving,driving
driving_258.wav,driving,driving
driving_259.wav,driving,driving
driving_260.wav,driving,driving
driving_261.wav,driving,driving
driving_262.wav,driving,driving
driving_263.wav,driving,driving
driving_264.wav,driving,driving
driving_265.wav,driving,driving
driving_266.wav,driving,driving
driving_267.wav,driving,driving
driving_268.wav,driving,driving
driving_269.wav,driving,driving
driving_270.wav,driving,driving
driving_271.wav,driving,driving
driving_272.wav,driving,driving
driving_273.wav,driving,driving
driving_274.wav,driving,driving
driving_275.wav,driving,driving
driving_276.wav,driving,driving
driving_277.wav,driving,driving
driving_278.wav,driving,driving
driving_279.wav,driving,driving
driving_280.wav,driving,driving
driving_281.wav,driving,driving
driving_282.wav,driving,driving
driving_283.wav,driving,driving
driving_284.wav,driving,driving
driving_285.wav,driving,driving
driving_286.wav,driving,driving
driving_287.wav,driving,driving
driving_288.wav,driving,driving
driving_289.wav,driving,driving
driving_290.wav,driving,driving
driving_291.wav,driving,driving
driving_292.wav,driving,driving
driving_293.wav,driving,driving
driving_294.wav,driving,driving
driving_295.wav,driving,driving
driving_296.wav,driving,driving
driving_297.wav,driving,driving
driving_298.wav,driving,driving
driving_299.wav,driving,driving
driving_300.wav,driving,driving
driving_301.wav,driving,driving
driving_302.wav,driving,driving
driving_303.wav,driving,driving
driving_304.wav,driving,driving
driving_305.wav,driving,driving
driving_306.wav,driving,driving
driving_307.wav,driving,driving
driving_308.wav,driving,driving
driving_309.wav,driving,driving
driving_310.wav,driving,driving
driving_311.wav,driving,driving
driving_312.wav,driving,driving
driving_313.wav,driving,driving
driving_314.wav,driving,driving
driving_315.wav,driving,driving
driving_316.wav,driving,driving
driving_317.wav,driving,driving
driving_318.wav,driving,driving
driving_319.wav,driving,driving
driving_320.wav,driving,driving
driving_321.wav,driving,driving
driving_322.wav,driving,driving
driving_323.wav,driving,driving
driving_324.wav,driving,driving
driving_325.wav,driving,driving
driving_326.wav,driving,driving
driving_327.wav,driving,driving
driving_328.wav,driving,driving
driving_329.wav,driving,driving
driving_330.wav,driving,driving
driving_331.wav,driving,driving
driving_332.wav,driving,driving
driving_333.wav,driving,driving
driving_334.wav,driving,driving
driving_335.wav,driving,driving
driving_336.wav,driving,driving
driving_337.wav,driving,driving
driving_338.wav,driving,driving
driving_339.wav,driving,driving
driving_340.wav,driving,driving
driving_341.wav,driving,driving
driving_342.wav,driving,driving
driving_343.wav,driving,driving
driving_344.wav,crying_sobbing_wail,driving
driving_345.wav,driving,driving
driving_346.wav,driving,driving
driving_347.wav,driving,driving
driving_348.wav,driving,driving
driving_349.wav,driving,driving
driving_350.wav,driving,driving
driving_351.wav,driving,driving
driving_352.wav,driving,driving
driving_353.wav,driving,driving
driving_354.wav,driving,driving
driving_355.wav,driving,driving
driving_356.wav,driving,driving
driving_357.wav,driving,driving
driving_358.wav,driving,driving
driving_359.wav,driving,driving
driving_360.wav,driving,driving
driving_361.wav,driving,driving
driving_362.wav,driving,driving
driving_363.wav,driving,driving
driving_364.wav,driving,driving
driving_365.wav,driving,driving
driving_366.wav,driving,driving
driving_367.wav,driving,driving
driving_368.wav,driving,driving
driving_369.wav,driving,driving
driving_370.wav,driving,driving
driving_371.wav,driving,driving
driving_372.wav,driving,driving
driving_373.wav,driving,driving
driving_374.wav,driving,driving
driving_375.wav,driving,driving
driving_376.wav,driving,driving
driving_377.wav,driving,driving
driving_378.wav,driving,driving
driving_379.wav,driving,driving
driving_380.wav,driving,driving
driving_381.wav,driving,driving
driving_382.wav,driving,driving
driving_383.wav,driving,driving
driving_384.wav,driving,driving
driving_385.wav,driving,driving
driving_386.wav,driving,driving
driving_387.wav,driving,driving
driving_388.wav,driving,driving
driving_389.wav,driving,driving
driving_390.wav,driving,driving
driving_391.wav,driving,driving
driving_392.wav,driving,driving
driving_393.wav,driving,driving
driving_394.wav,driving,driving
driving_395.wav,driving,driving
driving_396.wav,driving,driving
driving_397.wav,driving,driving
driving_398.wav,driving,driving
driving_399.wav,driving,driving
driving_400.wav,driving,driving
driving_401.wav,driving,driving
driving_402.wav,driving,driving
driving_403.wav,driving,driving
driving_404.wav,driving,driving
driving_405.wav,driving,driving
driving_406.wav,driving,driving
driving_407.wav,driving,driving
driving_408.wav,driving,driving
driving_409.wav,driving,driving
driving_410.wav,driving,driving
driving_411.wav,driving,driving
driving_412.wav,driving,driving
driving_413.wav,driving,driving
driving_414.wav,driving,driving
driving_415.wav,driving,driving
driving_416.wav,driving,driving
driving_417.wav,driving,driving
driving_418.wav,driving,driving
driving_419.wav,driving,driving
driving_420.wav,driving,driving
driving_421.wav,driving,driving
driving_422.wav,driving,driving
driving_423.wav,driving,driving
driving_424.wav,driving,driving
driving_425.wav,driving,driving
driving_426.wav,driving,driving
driving_427.wav,driving,driving
driving_428.wav,driving,driving
driving_429.wav,driving,driving
driving_430.wav,driving,driving
driving_431.wav,driving,driving
driving_432.wav,driving,driving
driving_433.wav,driving,driving
driving_434.wav,driving,driving
driving_435.wav,driving,driving
driving_436.wav,driving,driving
driving_437.wav,driving,driving
driving_438.wav,driving,driving
driving_439.wav,driving,driving
driving_440.wav,driving,driving
driving_441.wav,driving,driving
driving_442.wav,driving,driving
driving_443.wav,driving,driving
driving_444.wav,driving,driving
driving_445.wav,driving,driving
driving_446.wav,driving,driving
driving_447.wav,driving,driving
driving_448.wav,driving,driving
driving_449.wav,driving,driving
driving_450.wav,driving,driving
driving_451.wav,driving,driving
driving_452.wav,driving,driving
driving_453.wav,driving,driving
driving_454.wav,driving,driving
driving_455.wav,driving,driving
driving_456.wav,driving,driving
driving_457.wav,driving,driving
driving_458.wav,driving,driving
driving_459.wav,driving,driving
driving_460.wav,driving,driving
driving_461.wav,driving,driving
driving_462.wav,driving,driving
driving_463.wav,driving,driving
driving_464.wav,driving,driving
driving_465.wav,driving,driving
driving_466.wav,driving,driving
driving_467.wav,driving,driving
driving_468.wav,driving,driving
driving_469.wav,driving,driving
driving_470.wav,driving,driving
driving_471.wav,driving,driving
driving_472.wav,driving,driving
driving_473.wav,driving,driving
driving_474.wav,driving,driving
driving_475.wav,driving,driving
driving_476.wav,driving,driving
driving_477.wav,driving,driving
driving_478.wav,driving,driving
driving_479.wav,driving,driving
driving_480.wav,driving,driving
driving_481.wav,driving,driving
driving_482.wav,driving,driving
driving_483.wav,driving,driving
driving_484.wav,driving,driving
driving_485.wav,driving,driving
driving_486.wav,driving,driving
driving_487.wav,driving,driving
driving_488.wav,driving,driving
driving_489.wav,driving,driving
driving_490.wav,driving,driving
driving_491.wav,driving,driving
driving_492.wav,driving,driving
driving_493.wav,driving,driving
driving_494.wav,driving,driving
driving_495.wav,driving,driving
driving_496.wav,driving,driving
driving_497.wav,driving,driving
driving_498.wav,driving,driving
driving_499.wav,driving,driving
driving_500.wav,driving,driving
driving_501.wav,driving,driving
driving_502.wav,driving,driving
driving_503.wav,driving,driving
driving_504.wav,driving,driving
driving_505.wav,driving,driving
driving_506.wav,driving,driving
driving_507.wav,driving,driving
driving_508.wav,driving,driving
driving_509.wav,driving,driving
driving_510.wav,driving,driving
driving_511.wav,driving,driving
driving_512.wav,driving,driving
driving_513.wav,driving,driving
driving_514.wav,driving,driving
driving_515.wav,driving,driving
driving_516.wav,driving,driving
driving_517.wav,driving,driving
driving_518.wav,driving,driving
driving_519.wav,driving,driving
driving_520.wav,driving,driving
driving_521.wav,driving,driving
driving_522.wav,driving,driving
driving_523.wav,driving,driving
driving_524.wav,driving,driving
driving_525.wav,driving,driving
driving_526.wav,driving,driving
driving_527.wav,driving,driving
driving_528.wav,driving,driving
driving_529.wav,driving,driving
driving_530.wav,driving,driving
driving_531.wav,driving,driving
driving_532.wav,driving,driving
driving_533.wav,driving,driving
driving_534.wav,driving,driving
driving_535.wav,driving,driving
driving_536.wav,driving,driving
driving_537.wav,driving,driving
driving_538.wav,driving,driving
driving_539.wav,driving,driving
driving_540.wav,driving,driving
driving_541.wav,driving,driving
driving_542.wav,driving,driving
driving_543.wav,driving,driving
driving_544.wav,driving,driving
driving_545.wav,driving,driving
driving_546.wav,driving,driving
driving_547.wav,driving,driving
driving_548.wav,driving,driving
driving_549.wav,driving,driving
driving_550.wav,driving,driving
driving_551.wav,driving,driving
driving_552.wav,driving,driving
driving_553.wav,driving,driving
driving_554.wav,driving,driving
driving_555.wav,driving,driving
driving_556.wav,driving,driving
driving_557.wav,driving,driving
driving_558.wav,driving,driving
driving_559.wav,driving,driving
driving_560.wav,driving,driving
driving_561.wav,driving,driving
driving_562.wav,driving,driving
driving_563.wav,driving,driving
driving_564.wav,driving,driving
driving_565.wav,driving,driving
driving_566.wav,driving,driving
driving_567.wav,driving,driving
driving_568.wav,driving,driving
driving_569.wav,driving,driving
driving_570.wav,driving,driving
driving_571.wav,driving,driving
driving_572.wav,driving,driving
driving_573.wav,driving,driving
driving_574.wav,driving,driving
driving_575.wav,driving,driving
driving_576.wav,driving,driving
driving_577.wav,driving,driving
driving_578.wav,driving,driving
driving_579.wav,driving,driving
driving_580.wav,driving,driving
driving_581.wav,driving,driving
driving_582.wav,driving,driving
driving_583.wav,driving,driving
driving_584.wav,driving,driving
driving_585.wav,driving,driving
driving_586.wav,driving,driving
driving_587.wav,driving,driving
driving_588.wav,driving,driving
driving_589.wav,driving,driving
driving_590.wav,driving,driving
driving_591.wav,driving,driving
driving_592.wav,driving,driving
driving_593.wav,driving,driving
driving_594.wav,driving,driving
driving_595.wav,driving,driving
driving_596.wav,driving,driving
driving_597.wav,driving,driving
driving_598.wav,driving,driving
driving_599.wav,driving,driving
driving_600.wav,driving,driving
driving_601.wav,driving,driving
driving_602.wav,driving,driving
driving_603.wav,driving,driving
driving_604.wav,driving,driving
driving_605.wav,driving,driving
driving_606.wav,driving,driving
driving_607.wav,driving,driving
driving_608.wav,driving,driving
driving_609.wav,driving,driving
driving_610.wav,driving,driving
driving_611.wav,driving,driving
driving_612.wav,driving,driving
driving_613.wav,driving,driving
driving_614.wav,driving,driving
driving_615.wav,driving,driving
driving_616.wav,driving,driving
driving_617.wav,driving,driving
driving_618.wav,driving,driving
driving_619.wav,driving,driving
driving_620.wav,driving,driving
driving_621.wav,driving,driving
driving_622.wav,driving,driving
driving_623.wav,driving,driving
driving_624.wav,engine,driving
driving_625.wav,driving,driving
driving_626.wav,driving,driving
driving_627.wav,driving,driving
driving_628.wav,driving,driving
driving_629.wav,driving,driving
driving_630.wav,driving,driving
driving_631.wav,driving,driving
driving_632.wav,driving,driving
driving_633.wav,driving,driving
driving_634.wav,driving,driving
driving_635.wav,driving,driving
driving_636.wav,driving,driving
driving_637.wav,driving,driving
driving_638.wav,driving,driving
driving_639.wav,driving,driving
driving_640.wav,driving,driving
driving_641.wav,driving,driving
driving_642.wav,driving,driving
driving_643.wav,driving,driving
driving_644.wav,driving,driving
driving_645.wav,driving,driving
driving_646.wav,driving,driving
driving_647.wav,driving,driving
driving_648.wav,driving,driving
driving_649.wav,driving,driving
driving_650.wav,driving,driving
driving_651.wav,driving,driving
driving_652.wav,driving,driving
driving_653.wav,driving,driving
driving_654.wav,driving,driving
driving_655.wav,driving,driving
driving_656.wav,driving,driving
driving_657.wav,driving,driving
driving_658.wav,driving,driving
driving_659.wav,driving,driving
driving_660.wav,driving,driving
driving_661.wav,driving,driving
driving_662.wav,driving,driving
driving_663.wav,driving,driving
driving_664.wav,driving,driving
driving_665.wav,driving,driving
driving_666.wav,driving,driving
driving_667.wav,driving,driving
driving_668.wav,driving,driving
driving_669.wav,driving,driving
driving_670.wav,driving,driving
driving_671.wav,driving,driving
driving_672.wav,driving,driving
driving_673.wav,driving,driving
driving_674.wav,driving,driving
driving_675.wav,driving,driving
driving_676.wav,driving,driving
driving_677.wav,driving,driving
driving_678.wav,driving,driving
driving_679.wav,driving,driving
driving_680.wav,driving,driving
driving_681.wav,driving,driving
driving_682.wav,driving,driving
driving_683.wav,driving,driving
driving_684.wav,driving,driving
driving_685.wav,driving,driving
driving_686.wav,driving,driving
driving_687.wav,driving,driving
driving_688.wav,driving,driving
driving_689.wav,driving,driving
driving_690.wav,driving,driving
driving_691.wav,driving,driving
driving_692.wav,driving,driving
driving_693.wav,driving,driving
driving_694.wav,driving,driving
driving_695.wav,driving,driving
driving_696.wav,driving,driving
driving_697.wav,driving,driving
driving_698.wav,driving,driving
driving_699.wav,driving,driving
driving_700.wav,driving,driving
driving_701.wav,driving,driving
driving_702.wav,driving,driving
driving_703.wav,driving,driving
driving_704.wav,driving,driving
driving_705.wav,driving,driving
driving_706.wav,driving,driving
driving_707.wav,driving,driving
driving_708.wav,driving,driving
driving_709.wav,driving,driving
driving_710.wav,driving,driving
driving_711.wav,driving,driving
driving_712.wav,driving,driving
driving_713.wav,driving,driving
driving_714.wav,driving,driving
driving_715.wav,driving,driving
driving_716.wav,driving,driving
driving_717.wav,driving,driving
driving_718.wav,driving,driving
driving_719.wav,driving,driving
driving_720.wav,driving,driving
driving_721.wav,driving,driving
driving_722.wav,driving,driving
driving_723.wav,driving,driving
driving_724.wav,driving,driving
driving_725.wav,driving,driving
driving_726.wav,driving,driving
driving_727.wav,driving,driving
driving_728.wav,driving,driving
driving_729.wav,driving,driving
driving_730.wav,driving,driving
driving_731.wav,driving,driving
driving_732.wav,driving,driving
driving_733.wav,driving,driving
driving_734.wav,driving,driving
driving_735.wav,driving,driving
driving_736.wav,driving,driving
driving_737.wav,driving,driving
driving_738.wav,driving,driving
driving_739.wav,driving,driving
driving_740.wav,water,driving
driving_741.wav,driving,driving
driving_742.wav,driving,driving
driving_743.wav,driving,driving
driving_744.wav,driving,driving
driving_745.wav,driving,driving
driving_746.wav,driving,driving
driving_747.wav,driving,driving
driving_748.wav,driving,driving
driving_749.wav,driving,driving
driving_750.wav,driving,driving
driving_751.wav,driving,driving
driving_752.wav,driving,driving
driving_753.wav,driving,driving
driving_754.wav,driving,driving
driving_755.wav,driving,driving
driving_756.wav,driving,driving
driving_757.wav,driving,driving
driving_758.wav,driving,driving
driving_759.wav,driving,driving
driving_760.wav,driving,driving
driving_761.wav,driving,driving
driving_762.wav,driving,driving
driving_763.wav,driving,driving
driving_764.wav,driving,driving
driving_765.wav,driving,driving
driving_766.wav,driving,driving
driving_767.wav,driving,driving
driving_768.wav,driving,driving
driving_769.wav,driving,driving
driving_770.wav,driving,driving
driving_771.wav,driving,driving
driving_772.wav,driving,driving
driving_773.wav,driving,driving
driving_774.wav,driving,driving
driving_775.wav,driving,driving
driving_776.wav,driving,driving
driving_777.wav,driving,driving
driving_778.wav,driving,driving
driving_779.wav,driving,driving
driving_780.wav,driving,driving
driving_781.wav,driving,driving
driving_782.wav,driving,driving
driving_783.wav,driving,driving
driving_784.wav,driving,driving
driving_785.wav,driving,driving
driving_786.wav,driving,driving
driving_787.wav,driving,driving
driving_788.wav,driving,driving
driving_789.wav,driving,driving
driving_790.wav,driving,driving
driving_791.wav,driving,driving
driving_792.wav,driving,driving
driving_793.wav,driving,driving
driving_794.wav,driving,driving
driving_795.wav,driving,driving
driving_796.wav,driving,driving
driving_797.wav,driving,driving
driving_798.wav,driving,driving
driving_799.wav,driving,driving
driving_800.wav,driving,driving
driving_801.wav,driving,driving
driving_802.wav,driving,driving
driving_803.wav,driving,driving
driving_804.wav,driving,driving
driving_805.wav,driving,driving
driving_806.wav,driving,driving
driving_807.wav,driving,driving
driving_808.wav,driving,driving
driving_809.wav,driving,driving
driving_810.wav,driving,driving
driving_811.wav,driving,driving
driving_812.wav,driving,driving
driving_813.wav,driving,driving
driving_814.wav,driving,driving
driving_815.wav,driving,driving
driving_816.wav,driving,driving
driving_817.wav,driving,driving
driving_818.wav,driving,driving
driving_819.wav,driving,driving
driving_820.wav,driving,driving
driving_821.wav,driving,driving
driving_822.wav,driving,driving
driving_823.wav,driving,driving
driving_824.wav,driving,driving
driving_825.wav,driving,driving
driving_826.wav,driving,driving
driving_827.wav,driving,driving
driving_828.wav,driving,driving
driving_829.wav,driving,driving
driving_830.wav,driving,driving
driving_831.wav,driving,driving
driving_832.wav,driving,driving
driving_833.wav,driving,driving
driving_834.wav,driving,driving
driving_835.wav,driving,driving
driving_836.wav,driving,driving
driving_837.wav,driving,driving
driving_838.wav,driving,driving
driving_839.wav,driving,driving
driving_840.wav,driving,driving
driving_841.wav,driving,driving
driving_842.wav,driving,driving
driving_843.wav,driving,driving
driving_844.wav,driving,driving
driving_845.wav,driving,driving
driving_846.wav,driving,driving
driving_847.wav,driving,driving
driving_848.wav,driving,driving
driving_849.wav,driving,driving
driving_850.wav,driving,driving
driving_851.wav,driving,driving
driving_852.wav,driving,driving
driving_853.wav,driving,driving
driving_854.wav,driving,driving
driving_855.wav,driving,driving
driving_856.wav,driving,driving
driving_857.wav,driving,driving
driving_858.wav,driving,driving
driving_859.wav,driving,driving
driving_860.wav,driving,driving
driving_861.wav,driving,driving
driving_862.wav,driving,driving
driving_863.wav,driving,driving
driving_864.wav,driving,driving
driving_865.wav,driving,driving
driving_866.wav,driving,driving
driving_867.wav,driving,driving
driving_868.wav,driving,driving
driving_869.wav,driving,driving
driving_870.wav,driving,driving
driving_871.wav,driving,driving
driving_872.wav,driving,driving
driving_873.wav,driving,driving
driving_874.wav,driving,driving
driving_875.wav,driving,driving
driving_876.wav,driving,driving
driving_877.wav,driving,driving
driving_878.wav,driving,driving
driving_879.wav,driving,driving
driving_880.wav,driving,driving
driving_881.wav,driving,driving
driving_882.wav,driving,driving
driving_883.wav,driving,driving
driving_884.wav,driving,driving
driving_885.wav,driving,driving
driving_886.wav,driving,driving
driving_887.wav,driving,driving
driving_888.wav,driving,driving
driving_889.wav,driving,driving
driving_890.wav,driving,driving
driving_891.wav,driving,driving
driving_892.wav,driving,driving
driving_893.wav,driving,driving
driving_894.wav,driving,driving
driving_895.wav,driving,driving
driving_896.wav,driving,driving
driving_897.wav,driving,driving
driving_898.wav,driving,driving
driving_899.wav,driving,driving
driving_900.wav,driving,driving
driving_901.wav,driving,driving
driving_902.wav,driving,driving
driving_903.wav,driving,driving
driving_904.wav,driving,driving
driving_905.wav,driving,driving
driving_906.wav,driving,driving
driving_907.wav,driving,driving
driving_908.wav,driving,driving
driving_909.wav,driving,driving
driving_910.wav,water,driving
driving_911.wav,driving,driving
driving_912.wav,driving,driving
driving_913.wav,driving,driving
driving_914.wav,driving,driving
driving_915.wav,driving,driving
driving_916.wav,driving,driving
driving_917.wav,driving,driving
driving_918.wav,driving,driving
driving_919.wav,driving,driving
driving_920.wav,driving,driving
driving_921.wav,driving,driving
driving_922.wav,driving,driving
driving_923.wav,driving,driving
driving_924.wav,driving,driving
driving_925.wav,driving,driving
driving_926.wav,driving,driving
driving_927.wav,driving,driving
driving_928.wav,driving,driving
driving_929.wav,driving,driving
driving_930.wav,driving,driving
driving_931.wav,driving,driving
driving_932.wav,driving,driving
driving_933.wav,driving,driving
driving_934.wav,driving,driving
driving_935.wav,heavy_equipment,driving
driving_936.wav,driving,driving
driving_937.wav,driving,driving
driving_938.wav,driving,driving
driving_939.wav,driving,driving
driving_940.wav,driving,driving
driving_941.wav,driving,driving
driving_942.wav,driving,driving
driving_943.wav,driving,driving
driving_944.wav,driving,driving
driving_945.wav,driving,driving
driving_946.wav,driving,driving
driving_947.wav,driving,driving
driving_948.wav,driving,driving
driving_949.wav,driving,driving
driving_950.wav,driving,driving
driving_951.wav,driving,driving
driving_952.wav,driving,driving
driving_953.wav,driving,driving
driving_954.wav,driving,driving
driving_955.wav,driving,driving
driving_956.wav,driving,driving
driving_957.wav,driving,driving
driving_958.wav,driving,driving
driving_959.wav,driving,driving
driving_960.wav,driving,driving
driving_961.wav,driving,driving
driving_962.wav,driving,driving
driving_963.wav,driving,driving
driving_964.wav,driving,driving
driving_965.wav,driving,driving
driving_966.wav,driving,driving
driving_967.wav,driving,driving
driving_968.wav,driving,driving
driving_969.wav,driving,driving
driving_970.wav,driving,driving
driving_971.wav,driving,driving
driving_972.wav,driving,driving
driving_973.wav,driving,driving
driving_974.wav,driving,driving
driving_975.wav,driving,driving
driving_976.wav,driving,driving
driving_977.wav,driving,driving
driving_978.wav,driving,driving
driving_979.wav,driving,driving
driving_980.wav,driving,driving
driving_981.wav,driving,driving
driving_982.wav,driving,driving
driving_983.wav,driving,driving
driving_984.wav,driving,driving
driving_985.wav,driving,driving
driving_986.wav,driving,driving
driving_987.wav,driving,driving
driving_988.wav,driving,driving
driving_989.wav,driving,driving
driving_990.wav,driving,driving
driving_991.wav,driving,driving
driving_992.wav,driving,driving
driving_993.wav,driving,driving
driving_994.wav,driving,driving
driving_995.wav,driving,driving
driving_996.wav,driving,driving
driving_997.wav,driving,driving
driving_998.wav,driving,driving
driving_999.wav,driving,driving
driving_1000.wav,driving,driving
snoring_1.wav,snoring,snoring
snoring_2.wav,snoring,snoring
snoring_3.wav,snoring,snoring
snoring_4.wav,snoring,snoring
snoring_5.wav,snoring,snoring
snoring_6.wav,snoring,snoring
snoring_7.wav,snoring,snoring
snoring_8.wav,snoring,snoring
snoring_9.wav,snoring,snoring
snoring_10.wav,crying_sobbing_wail,snoring
snoring_11.wav,snoring,snoring
snoring_12.wav,snoring,snoring
snoring_13.wav,snoring,snoring
snoring_14.wav,snoring,snoring
snoring_15.wav,snoring,snoring
snoring_16.wav,snoring,snoring
snoring_17.wav,snoring,snoring
snoring_18.wav,snoring,snoring
snoring_19.wav,snoring,snoring
snoring_20.wav,snoring,snoring
snoring_21.wav,snoring,snoring
snoring_22.wav,snoring,snoring
snoring_23.wav,snoring,snoring
snoring_24.wav,snoring,snoring
snoring_25.wav,snoring,snoring
snoring_26.wav,snoring,snoring
snoring_27.wav,snoring,snoring
snoring_28.wav,snoring,snoring
snoring_29.wav,snoring,snoring
snoring_30.wav,snoring,snoring
snoring_31.wav,snoring,snoring
snoring_32.wav,snoring,snoring
snoring_33.wav,snoring,snoring
snoring_34.wav,snoring,snoring
snoring_35.wav,snoring,snoring
snoring_36.wav,snoring,snoring
snoring_37.wav,cough,snoring
snoring_38.wav,snoring,snoring
snoring_39.wav,snoring,snoring
snoring_40.wav,snoring,snoring
snoring_41.wav,snoring,snoring
snoring_42.wav,snoring,snoring
snoring_43.wav,snoring,snoring
snoring_44.wav,snoring,snoring
snoring_45.wav,snoring,snoring
snoring_46.wav,snoring,snoring
snoring_47.wav,snoring,snoring
snoring_48.wav,snoring,snoring
snoring_49.wav,snoring,snoring
snoring_50.wav,snoring,snoring
snoring_51.wav,snoring,snoring
snoring_52.wav,snoring,snoring
snoring_53.wav,snoring,snoring
snoring_54.wav,snoring,snoring
snoring_55.wav,snoring,snoring
snoring_56.wav,snoring,snoring
snoring_57.wav,snoring,snoring
snoring_58.wav,snoring,snoring
snoring_59.wav,snoring,snoring
snoring_60.wav,snoring,snoring
snoring_61.wav,snoring,snoring
snoring_62.wav,snoring,snoring
snoring_63.wav,snoring,snoring
snoring_64.wav,snoring,snoring
snoring_65.wav,snoring,snoring
snoring_66.wav,snoring,snoring
snoring_67.wav,snoring,snoring
snoring_68.wav,snoring,snoring
snoring_69.wav,snoring,snoring
snoring_70.wav,snoring,snoring
snoring_71.wav,snoring,snoring
snoring_72.wav,snoring,snoring
snoring_73.wav,snoring,snoring
snoring_74.wav,snoring,snoring
snoring_75.wav,snoring,snoring
snoring_76.wav,snoring,snoring
snoring_77.wav,snoring,snoring
snoring_78.wav,snoring,snoring
snoring_79.wav,snoring,snoring
snoring_80.wav,snoring,snoring
snoring_81.wav,snoring,snoring
snoring_82.wav,snoring,snoring
snoring_83.wav,snoring,snoring
snoring_84.wav,snoring,snoring
snoring_85.wav,snoring,snoring
snoring_86.wav,snoring,snoring
snoring_87.wav,snoring,snoring
snoring_88.wav,snoring,snoring
snoring_89.wav,snoring,snoring
snoring_90.wav,snoring,snoring
snoring_91.wav,snoring,snoring
snoring_92.wav,snoring,snoring
snoring_93.wav,snoring,snoring
snoring_94.wav,snoring,snoring
snoring_95.wav,snoring,snoring
snoring_96.wav,snoring,snoring
snoring_97.wav,snoring,snoring
snoring_98.wav,snoring,snoring
snoring_99.wav,snoring,snoring
snoring_100.wav,snoring,snoring
snoring_101.wav,snoring,snoring
snoring_102.wav,snoring,snoring
snoring_103.wav,snoring,snoring
snoring_104.wav,snoring,snoring
snoring_105.wav,crying_sobbing_wail,snoring
snoring_106.wav,snoring,snoring
snoring_107.wav,snoring,snoring
snoring_108.wav,snoring,snoring
snoring_109.wav,snoring,snoring
snoring_110.wav,snoring,snoring
snoring_111.wav,snoring,snoring
snoring_112.wav,snoring,snoring
snoring_113.wav,snoring,snoring
snoring_114.wav,snoring,snoring
snoring_115.wav,snoring,snoring
snoring_116.wav,snoring,snoring
snoring_117.wav,snoring,snoring
snoring_118.wav,snoring,snoring
snoring_119.wav,snoring,snoring
snoring_120.wav,snoring,snoring
snoring_121.wav,snoring,snoring
snoring_122.wav,snoring,snoring
snoring_123.wav,snoring,snoring
snoring_124.wav,snoring,snoring
snoring_125.wav,snoring,snoring
snoring_126.wav,snoring,snoring
snoring_127.wav,snoring,snoring
snoring_128.wav,snoring,snoring
snoring_129.wav,snoring,snoring
snoring_130.wav,snoring,snoring
snoring_131.wav,snoring,snoring
snoring_132.wav,snoring,snoring
snoring_133.wav,snoring,snoring
snoring_134.wav,snoring,snoring
snoring_135.wav,snoring,snoring
snoring_136.wav,snoring,snoring
snoring_137.wav,snoring,snoring
snoring_138.wav,snoring,snoring
snoring_139.wav,snoring,snoring
snoring_140.wav,snoring,snoring
snoring_141.wav,snoring,snoring
snoring_142.wav,snoring,snoring
snoring_143.wav,snoring,snoring
snoring_144.wav,snoring,snoring
snoring_145.wav,snoring,snoring
snoring_146.wav,snoring,snoring
snoring_147.wav,snoring,snoring
snoring_148.wav,snoring,snoring
snoring_149.wav,snoring,snoring
snoring_150.wav,snoring,snoring
snoring_151.wav,snoring,snoring
snoring_152.wav,snoring,snoring
snoring_153.wav,snoring,snoring
snoring_154.wav,snoring,snoring
snoring_155.wav,snoring,snoring
snoring_156.wav,snoring,snoring
snoring_157.wav,snoring,snoring
snoring_158.wav,snoring,snoring
snoring_159.wav,snoring,snoring
snoring_160.wav,snoring,snoring
snoring_161.wav,snoring,snoring
snoring_162.wav,snoring,snoring
snoring_163.wav,snoring,snoring
snoring_164.wav,snoring,snoring
snoring_165.wav,snoring,snoring
snoring_166.wav,snoring,snoring
snoring_167.wav,snoring,snoring
snoring_168.wav,snoring,snoring
snoring_169.wav,snoring,snoring
snoring_170.wav,snoring,snoring
snoring_171.wav,snoring,snoring
snoring_172.wav,snoring,snoring
snoring_173.wav,snoring,snoring
snoring_174.wav,snoring,snoring
snoring_175.wav,snoring,snoring
snoring_176.wav,crying_sobbing_wail,snoring
snoring_177.wav,snoring,snoring
snoring_178.wav,snoring,snoring
snoring_179.wav,snoring,snoring
snoring_180.wav,snoring,snoring
snoring_181.wav,snoring,snoring
snoring_182.wav,snoring,snoring
snoring_183.wav,snoring,snoring
snoring_184.wav,snoring,snoring
snoring_185.wav,snoring,snoring
snoring_186.wav,snoring,snoring
snoring_187.wav,snoring,snoring
snoring_188.wav,snoring,snoring
snoring_189.wav,snoring,snoring
snoring_190.wav,snoring,snoring
snoring_191.wav,snoring,snoring
snoring_192.wav,snoring,snoring
snoring_193.wav,snoring,snoring
snoring_194.wav,snoring,snoring
snoring_195.wav,snoring,snoring
snoring_196.wav,snoring,snoring
snoring_197.wav,snoring,snoring
snoring_198.wav,snoring,snoring
snoring_199.wav,snoring,snoring
snoring_200.wav,snoring,snoring
snoring_201.wav,snoring,snoring
snoring_202.wav,snoring,snoring
snoring_203.wav,snoring,snoring
snoring_204.wav,snoring,snoring
snoring_205.wav,snoring,snoring
snoring_206.wav,snoring,snoring
snoring_207.wav,snoring,snoring
snoring_208.wav,snoring,snoring
snoring_209.wav,snoring,snoring
snoring_210.wav,snoring,snoring
snoring_211.wav,snoring,snoring
snoring_212.wav,snoring,snoring
snoring_213.wav,snoring,snoring
snoring_214.wav,snoring,snoring
snoring_215.wav,snoring,snoring
snoring_216.wav,snoring,snoring
snoring_217.wav,snoring,snoring
snoring_218.wav,snoring,snoring
snoring_219.wav,crying_sobbing_wail,snoring
snoring_220.wav,snoring,snoring
snoring_221.wav,snoring,snoring
snoring_222.wav,snoring,snoring
snoring_223.wav,snoring,snoring
snoring_224.wav,snoring,snoring
snoring_225.wav,snoring,snoring
snoring_226.wav,snoring,snoring
snoring_227.wav,snoring,snoring
snoring_228.wav,snoring,snoring
snoring_229.wav,snoring,snoring
snoring_230.wav,snoring,snoring
snoring_231.wav,snoring,snoring
snoring_232.wav,snoring,snoring
snoring_233.wav,snoring,snoring
snoring_234.wav,snoring,snoring
snoring_235.wav,snoring,snoring
snoring_236.wav,snoring,snoring
snoring_237.wav,snoring,snoring
snoring_238.wav,snoring,snoring
snoring_239.wav,snoring,snoring
snoring_240.wav,snoring,snoring
snoring_241.wav,snoring,snoring
snoring_242.wav,tools,snoring
snoring_243.wav,snoring,snoring
snoring_244.wav,snoring,snoring
snoring_245.wav,cough,snoring
snoring_246.wav,crying_sobbing_wail,snoring
snoring_247.wav,snoring,snoring
snoring_248.wav,snoring,snoring
snoring_249.wav,snoring,snoring
snoring_250.wav,snoring,snoring
snoring_251.wav,snoring,snoring
snoring_252.wav,snoring,snoring
snoring_253.wav,snoring,snoring
snoring_254.wav,snoring,snoring
snoring_255.wav,snoring,snoring
snoring_256.wav,snoring,snoring
snoring_257.wav,snoring,snoring
snoring_258.wav,snoring,snoring
snoring_259.wav,snoring,snoring
snoring_260.wav,snoring,snoring
snoring_261.wav,snoring,snoring
snoring_262.wav,snoring,snoring
snoring_263.wav,snoring,snoring
snoring_264.wav,snoring,snoring
snoring_265.wav,snoring,snoring
snoring_266.wav,snoring,snoring
snoring_267.wav,snoring,snoring
snoring_268.wav,snoring,snoring
snoring_269.wav,snoring,snoring
snoring_270.wav,snoring,snoring
snoring_271.wav,snoring,snoring
snoring_272.wav,snoring,snoring
snoring_273.wav,snoring,snoring
snoring_274.wav,snoring,snoring
snoring_275.wav,snoring,snoring
snoring_276.wav,snoring,snoring
snoring_277.wav,snoring,snoring
snoring_278.wav,snoring,snoring
snoring_279.wav,snoring,snoring
snoring_280.wav,snoring,snoring
snoring_281.wav,snoring,snoring
snoring_282.wav,snoring,snoring
snoring_283.wav,snoring,snoring
snoring_284.wav,snoring,snoring
snoring_285.wav,snoring,snoring
snoring_286.wav,snoring,snoring
snoring_287.wav,snoring,snoring
snoring_288.wav,snoring,snoring
snoring_289.wav,snoring,snoring
snoring_290.wav,snoring,snoring
snoring_291.wav,snoring,snoring
snoring_292.wav,snoring,snoring
snoring_293.wav,snoring,snoring
snoring_294.wav,snoring,snoring
snoring_295.wav,snoring,snoring
snoring_296.wav,snoring,snoring
snoring_297.wav,snoring,snoring
snoring_298.wav,snoring,snoring
snoring_299.wav,snoring,snoring
snoring_300.wav,snoring,snoring
snoring_301.wav,snoring,snoring
snoring_302.wav,snoring,snoring
snoring_303.wav,snoring,snoring
snoring_304.wav,snoring,snoring
snoring_305.wav,snoring,snoring
snoring_306.wav,snoring,snoring
snoring_307.wav,snoring,snoring
snoring_308.wav,snoring,snoring
snoring_309.wav,snoring,snoring
snoring_310.wav,snoring,snoring
snoring_311.wav,snoring,snoring
snoring_312.wav,snoring,snoring
snoring_313.wav,snoring,snoring
snoring_314.wav,snoring,snoring
snoring_315.wav,snoring,snoring
snoring_316.wav,snoring,snoring
snoring_317.wav,snoring,snoring
snoring_318.wav,snoring,snoring
snoring_319.wav,snoring,snoring
snoring_320.wav,snoring,snoring
snoring_321.wav,snoring,snoring
snoring_322.wav,snoring,snoring
snoring_323.wav,snoring,snoring
snoring_324.wav,snoring,snoring
snoring_325.wav,snoring,snoring
snoring_326.wav,snoring,snoring
snoring_327.wav,snoring,snoring
snoring_328.wav,snoring,snoring
snoring_329.wav,snoring,snoring
snoring_330.wav,snoring,snoring
snoring_331.wav,snoring,snoring
snoring_332.wav,snoring,snoring
snoring_333.wav,snoring,snoring
snoring_334.wav,snoring,snoring
snoring_335.wav,snoring,snoring
snoring_336.wav,snoring,snoring
snoring_337.wav,snoring,snoring
snoring_338.wav,snoring,snoring
snoring_339.wav,snoring,snoring
snoring_340.wav,snoring,snoring
snoring_341.wav,snoring,snoring
snoring_342.wav,snoring,snoring
snoring_343.wav,snoring,snoring
snoring_344.wav,snoring,snoring
snoring_345.wav,snoring,snoring
snoring_346.wav,snoring,snoring
snoring_347.wav,snoring,snoring
snoring_348.wav,snoring,snoring
snoring_349.wav,snoring,snoring
snoring_350.wav,snoring,snoring
snoring_351.wav,snoring,snoring
snoring_352.wav,snoring,snoring
snoring_353.wav,snoring,snoring
snoring_354.wav,snoring,snoring
snoring_355.wav,snoring,snoring
snoring_356.wav,snoring,snoring
snoring_357.wav,snoring,snoring
snoring_358.wav,snoring,snoring
snoring_359.wav,snoring,snoring
snoring_360.wav,snoring,snoring
snoring_361.wav,snoring,snoring
snoring_362.wav,snoring,snoring
snoring_363.wav,snoring,snoring
snoring_364.wav,snoring,snoring
snoring_365.wav,snoring,snoring
snoring_366.wav,snoring,snoring
snoring_367.wav,snoring,snoring
snoring_368.wav,snoring,snoring
snoring_369.wav,snoring,snoring
snoring_370.wav,snoring,snoring
snoring_371.wav,snoring,snoring
snoring_372.wav,snoring,snoring
snoring_373.wav,snoring,snoring
snoring_374.wav,snoring,snoring
snoring_375.wav,snoring,snoring
snoring_376.wav,snoring,snoring
snoring_377.wav,snoring,snoring
snoring_378.wav,snoring,snoring
snoring_379.wav,snoring,snoring
snoring_380.wav,snoring,snoring
snoring_381.wav,tools,snoring
snoring_382.wav,snoring,snoring
snoring_383.wav,snoring,snoring
snoring_384.wav,snoring,snoring
snoring_385.wav,snoring,snoring
snoring_386.wav,snoring,snoring
snoring_387.wav,snoring,snoring
snoring_388.wav,snoring,snoring
snoring_389.wav,snoring,snoring
snoring_390.wav,snoring,snoring
snoring_391.wav,snoring,snoring
snoring_392.wav,snoring,snoring
snoring_393.wav,snoring,snoring
snoring_394.wav,snoring,snoring
snoring_395.wav,snoring,snoring
snoring_396.wav,snoring,snoring
snoring_397.wav,snoring,snoring
snoring_398.wav,snoring,snoring
snoring_399.wav,snoring,snoring
snoring_400.wav,snoring,snoring
snoring_401.wav,snoring,snoring
snoring_402.wav,snoring,snoring
snoring_403.wav,snoring,snoring
snoring_404.wav,snoring,snoring
snoring_405.wav,snoring,snoring
snoring_406.wav,snoring,snoring
snoring_407.wav,snoring,snoring
snoring_408.wav,snoring,snoring
snoring_409.wav,snoring,snoring
snoring_410.wav,snoring,snoring
snoring_411.wav,snoring,snoring
snoring_412.wav,snoring,snoring
snoring_413.wav,snoring,snoring
snoring_414.wav,snoring,snoring
snoring_415.wav,snoring,snoring
snoring_416.wav,snoring,snoring
snoring_417.wav,snoring,snoring
snoring_418.wav,snoring,snoring
snoring_419.wav,snoring,snoring
snoring_420.wav,snoring,snoring
snoring_421.wav,snoring,snoring
snoring_422.wav,snoring,snoring
snoring_423.wav,snoring,snoring
snoring_424.wav,snoring,snoring
snoring_425.wav,snoring,snoring
snoring_426.wav,snoring,snoring
snoring_427.wav,snoring,snoring
snoring_428.wav,snoring,snoring
snoring_429.wav,snoring,snoring
snoring_430.wav,snoring,snoring
snoring_431.wav,snoring,snoring
snoring_432.wav,snoring,snoring
snoring_433.wav,snoring,snoring
snoring_434.wav,snoring,snoring
snoring_435.wav,snoring,snoring
snoring_436.wav,snoring,snoring
snoring_437.wav,snoring,snoring
snoring_438.wav,snoring,snoring
snoring_439.wav,snoring,snoring
snoring_440.wav,snoring,snoring
snoring_441.wav,snoring,snoring
snoring_442.wav,snoring,snoring
snoring_443.wav,snoring,snoring
snoring_444.wav,snoring,snoring
snoring_445.wav,snoring,snoring
snoring_446.wav,snoring,snoring
snoring_447.wav,snoring,snoring
snoring_448.wav,snoring,snoring
snoring_449.wav,snoring,snoring
snoring_450.wav,snoring,snoring
snoring_451.wav,snoring,snoring
snoring_452.wav,snoring,snoring
snoring_453.wav,snoring,snoring
snoring_454.wav,snoring,snoring
snoring_455.wav,snoring,snoring
snoring_456.wav,heavy_equipment,snoring
snoring_457.wav,snoring,snoring
snoring_458.wav,snoring,snoring
snoring_459.wav,snoring,snoring
snoring_460.wav,snoring,snoring
snoring_461.wav,snoring,snoring
snoring_462.wav,snoring,snoring
snoring_463.wav,snoring,snoring
snoring_464.wav,snoring,snoring
snoring_465.wav,snoring,snoring
snoring_466.wav,snoring,snoring
snoring_467.wav,snoring,snoring
snoring_468.wav,snoring,snoring
snoring_469.wav,snoring,snoring
snoring_470.wav,snoring,snoring
snoring_471.wav,snoring,snoring
snoring_472.wav,snoring,snoring
snoring_473.wav,snoring,snoring
snoring_474.wav,snoring,snoring
snoring_475.wav,snoring,snoring
snoring_476.wav,snoring,snoring
snoring_477.wav,snoring,snoring
snoring_478.wav,snoring,snoring
snoring_479.wav,snoring,snoring
snoring_480.wav,snoring,snoring
snoring_481.wav,snoring,snoring
snoring_482.wav,snoring,snoring
snoring_483.wav,snoring,snoring
snoring_484.wav,snoring,snoring
snoring_485.wav,snoring,snoring
snoring_486.wav,snoring,snoring
snoring_487.wav,snoring,snoring
snoring_488.wav,snoring,snoring
snoring_489.wav,snoring,snoring
snoring_490.wav,snoring,snoring
snoring_491.wav,cough,snoring
snoring_492.wav,snoring,snoring
snoring_493.wav,snoring,snoring
snoring_494.wav,snoring,snoring
snoring_495.wav,snoring,snoring
snoring_496.wav,snoring,snoring
snoring_497.wav,snoring,snoring
snoring_498.wav,snoring,snoring
snoring_499.wav,snoring,snoring
snoring_500.wav,snoring,snoring
snoring_501.wav,snoring,snoring
snoring_502.wav,snoring,snoring
snoring_503.wav,snoring,snoring
snoring_504.wav,snoring,snoring
snoring_505.wav,snoring,snoring
snoring_506.wav,snoring,snoring
snoring_507.wav,snoring,snoring
snoring_508.wav,snoring,snoring
snoring_509.wav,snoring,snoring
snoring_510.wav,snoring,snoring
snoring_511.wav,snoring,snoring
snoring_512.wav,snoring,snoring
snoring_513.wav,snoring,snoring
snoring_514.wav,snoring,snoring
snoring_515.wav,snoring,snoring
snoring_516.wav,snoring,snoring
snoring_517.wav,snoring,snoring
snoring_518.wav,snoring,snoring
snoring_519.wav,snoring,snoring
snoring_520.wav,snoring,snoring
snoring_521.wav,snoring,snoring
snoring_522.wav,snoring,snoring
snoring_523.wav,snoring,snoring
snoring_524.wav,snoring,snoring
snoring_525.wav,snoring,snoring
snoring_526.wav,snoring,snoring
snoring_527.wav,snoring,snoring
snoring_528.wav,snoring,snoring
snoring_529.wav,crying_sobbing_wail,snoring
snoring_530.wav,snoring,snoring
snoring_531.wav,snoring,snoring
snoring_532.wav,snoring,snoring
snoring_533.wav,snoring,snoring
snoring_534.wav,snoring,snoring
snoring_535.wav,snoring,snoring
snoring_536.wav,snoring,snoring
snoring_537.wav,snoring,snoring
snoring_538.wav,snoring,snoring
snoring_539.wav,snoring,snoring
snoring_540.wav,snoring,snoring
snoring_541.wav,snoring,snoring
snoring_542.wav,snoring,snoring
snoring_543.wav,snoring,snoring
snoring_544.wav,snoring,snoring
snoring_545.wav,snoring,snoring
snoring_546.wav,snoring,snoring
snoring_547.wav,snoring,snoring
snoring_548.wav,snoring,snoring
snoring_549.wav,snoring,snoring
snoring_550.wav,snoring,snoring
snoring_551.wav,snoring,snoring
snoring_552.wav,snoring,snoring
snoring_553.wav,snoring,snoring
snoring_554.wav,snoring,snoring
snoring_555.wav,snoring,snoring
snoring_556.wav,snoring,snoring
snoring_557.wav,snoring,snoring
snoring_558.wav,snoring,snoring
snoring_559.wav,snoring,snoring
snoring_560.wav,snoring,snoring
snoring_561.wav,snoring,snoring
snoring_562.wav,snoring,snoring
snoring_563.wav,snoring,snoring
snoring_564.wav,snoring,snoring
snoring_565.wav,snoring,snoring
snoring_566.wav,snoring,snoring
snoring_567.wav,snoring,snoring
snoring_568.wav,snoring,snoring
snoring_569.wav,snoring,snoring
snoring_570.wav,snoring,snoring
snoring_571.wav,snoring,snoring
snoring_572.wav,snoring,snoring
snoring_573.wav,snoring,snoring
snoring_574.wav,snoring,snoring
snoring_575.wav,snoring,snoring
snoring_576.wav,snoring,snoring
snoring_577.wav,snoring,snoring
snoring_578.wav,snoring,snoring
snoring_579.wav,snoring,snoring
snoring_580.wav,snoring,snoring
snoring_581.wav,snoring,snoring
snoring_582.wav,snoring,snoring
snoring_583.wav,snoring,snoring
snoring_584.wav,snoring,snoring
snoring_585.wav,snoring,snoring
snoring_586.wav,snoring,snoring
snoring_587.wav,snoring,snoring
snoring_588.wav,snoring,snoring
snoring_589.wav,snoring,snoring
snoring_590.wav,snoring,snoring
snoring_591.wav,snoring,snoring
snoring_592.wav,snoring,snoring
snoring_593.wav,snoring,snoring
snoring_594.wav,snoring,snoring
snoring_595.wav,snoring,snoring
snoring_596.wav,snoring,snoring
snoring_597.wav,snoring,snoring
snoring_598.wav,snoring,snoring
snoring_599.wav,snoring,snoring
snoring_600.wav,snoring,snoring
snoring_601.wav,snoring,snoring
snoring_602.wav,snoring,snoring
snoring_603.wav,snoring,snoring
snoring_604.wav,snoring,snoring
snoring_605.wav,snoring,snoring
snoring_606.wav,snoring,snoring
snoring_607.wav,snoring,snoring
snoring_608.wav,snoring,snoring
snoring_609.wav,snoring,snoring
snoring_610.wav,crying_sobbing_wail,snoring
snoring_611.wav,snoring,snoring
snoring_612.wav,snoring,snoring
snoring_613.wav,snoring,snoring
snoring_614.wav,cough,snoring
snoring_615.wav,snoring,snoring
snoring_616.wav,snoring,snoring
snoring_617.wav,snoring,snoring
snoring_618.wav,snoring,snoring
snoring_619.wav,snoring,snoring
snoring_620.wav,snoring,snoring
snoring_621.wav,snoring,snoring
snoring_622.wav,snoring,snoring
snoring_623.wav,snoring,snoring
snoring_624.wav,snoring,snoring
snoring_625.wav,snoring,snoring
snoring_626.wav,snoring,snoring
snoring_627.wav,snoring,snoring
snoring_628.wav,snoring,snoring
snoring_629.wav,snoring,snoring
snoring_630.wav,snoring,snoring
snoring_631.wav,snoring,snoring
snoring_632.wav,snoring,snoring
snoring_633.wav,snoring,snoring
snoring_634.wav,snoring,snoring
snoring_635.wav,snoring,snoring
snoring_636.wav,snoring,snoring
snoring_637.wav,snoring,snoring
snoring_638.wav,snoring,snoring
snoring_639.wav,snoring,snoring
snoring_640.wav,snoring,snoring
snoring_641.wav,snoring,snoring
snoring_642.wav,snoring,snoring
snoring_643.wav,snoring,snoring
snoring_644.wav,snoring,snoring
snoring_645.wav,snoring,snoring
snoring_646.wav,snoring,snoring
snoring_647.wav,snoring,snoring
snoring_648.wav,snoring,snoring
snoring_649.wav,snoring,snoring
snoring_650.wav,snoring,snoring
snoring_651.wav,snoring,snoring
snoring_652.wav,snoring,snoring
snoring_653.wav,snoring,snoring
snoring_654.wav,snoring,snoring
snoring_655.wav,snoring,snoring
snoring_656.wav,snoring,snoring
snoring_657.wav,snoring,snoring
snoring_658.wav,snoring,snoring
snoring_659.wav,snoring,snoring
snoring_660.wav,snoring,snoring
snoring_661.wav,snoring,snoring
snoring_662.wav,snoring,snoring
snoring_663.wav,snoring,snoring
snoring_664.wav,snoring,snoring
snoring_665.wav,snoring,snoring
snoring_666.wav,snoring,snoring
snoring_667.wav,snoring,snoring
snoring_668.wav,snoring,snoring
snoring_669.wav,snoring,snoring
snoring_670.wav,snoring,snoring
snoring_671.wav,snoring,snoring
snoring_672.wav,snoring,snoring
snoring_673.wav,snoring,snoring
snoring_674.wav,snoring,snoring
snoring_675.wav,snoring,snoring
snoring_676.wav,snoring,snoring
snoring_677.wav,snoring,snoring
snoring_678.wav,snoring,snoring
snoring_679.wav,snoring,snoring
snoring_680.wav,snoring,snoring
snoring_681.wav,snoring,snoring
snoring_682.wav,snoring,snoring
snoring_683.wav,snoring,snoring
snoring_684.wav,snoring,snoring
snoring_685.wav,snoring,snoring
snoring_686.wav,snoring,snoring
snoring_687.wav,snoring,snoring
snoring_688.wav,snoring,snoring
snoring_689.wav,snoring,snoring
snoring_690.wav,snoring,snoring
snoring_691.wav,snoring,snoring
snoring_692.wav,snoring,snoring
snoring_693.wav,snoring,snoring
snoring_694.wav,snoring,snoring
snoring_695.wav,snoring,snoring
snoring_696.wav,snoring,snoring
snoring_697.wav,snoring,snoring
snoring_698.wav,snoring,snoring
snoring_699.wav,snoring,snoring
snoring_700.wav,snoring,snoring
snoring_701.wav,snoring,snoring
snoring_702.wav,snoring,snoring
snoring_703.wav,snoring,snoring
snoring_704.wav,snoring,snoring
snoring_705.wav,snoring,snoring
snoring_706.wav,snoring,snoring
snoring_707.wav,snoring,snoring
snoring_708.wav,snoring,snoring
snoring_709.wav,snoring,snoring
snoring_710.wav,snoring,snoring
snoring_711.wav,snoring,snoring
snoring_712.wav,snoring,snoring
snoring_713.wav,snoring,snoring
snoring_714.wav,snoring,snoring
snoring_715.wav,cough,snoring
snoring_716.wav,snoring,snoring
snoring_717.wav,snoring,snoring
snoring_718.wav,snoring,snoring
snoring_719.wav,snoring,snoring
snoring_720.wav,snoring,snoring
snoring_721.wav,snoring,snoring
snoring_722.wav,snoring,snoring
snoring_723.wav,snoring,snoring
snoring_724.wav,snoring,snoring
snoring_725.wav,snoring,snoring
snoring_726.wav,snoring,snoring
snoring_727.wav,snoring,snoring
snoring_728.wav,snoring,snoring
snoring_729.wav,snoring,snoring
snoring_730.wav,snoring,snoring
snoring_731.wav,snoring,snoring
snoring_732.wav,snoring,snoring
snoring_733.wav,snoring,snoring
snoring_734.wav,snoring,snoring
snoring_735.wav,snoring,snoring
snoring_736.wav,snoring,snoring
snoring_737.wav,snoring,snoring
snoring_738.wav,snoring,snoring
snoring_739.wav,snoring,snoring
snoring_740.wav,snoring,snoring
snoring_741.wav,snoring,snoring
snoring_742.wav,snoring,snoring
snoring_743.wav,snoring,snoring
snoring_744.wav,snoring,snoring
snoring_745.wav,snoring,snoring
snoring_746.wav,snoring,snoring
snoring_747.wav,tools,snoring
snoring_748.wav,snoring,snoring
snoring_749.wav,snoring,snoring
snoring_750.wav,snoring,snoring
snoring_751.wav,snoring,snoring
snoring_752.wav,snoring,snoring
snoring_753.wav,snoring,snoring
snoring_754.wav,snoring,snoring
snoring_755.wav,snoring,snoring
snoring_756.wav,snoring,snoring
snoring_757.wav,snoring,snoring
snoring_758.wav,snoring,snoring
snoring_759.wav,snoring,snoring
snoring_760.wav,snoring,snoring
snoring_761.wav,snoring,snoring
snoring_762.wav,snoring,snoring
snoring_763.wav,snoring,snoring
snoring_764.wav,snoring,snoring
snoring_765.wav,snoring,snoring
snoring_766.wav,snoring,snoring
snoring_767.wav,snoring,snoring
snoring_768.wav,snoring,snoring
snoring_769.wav,snoring,snoring
snoring_770.wav,snoring,snoring
snoring_771.wav,snoring,snoring
snoring_772.wav,snoring,snoring
snoring_773.wav,snoring,snoring
snoring_774.wav,snoring,snoring
snoring_775.wav,snoring,snoring
snoring_776.wav,snoring,snoring
snoring_777.wav,snoring,snoring
snoring_778.wav,snoring,snoring
snoring_779.wav,snoring,snoring
snoring_780.wav,snoring,snoring
snoring_781.wav,snoring,snoring
snoring_782.wav,snoring,snoring
snoring_783.wav,snoring,snoring
snoring_784.wav,snoring,snoring
snoring_785.wav,snoring,snoring
snoring_786.wav,snoring,snoring
snoring_787.wav,snoring,snoring
snoring_788.wav,snoring,snoring
snoring_789.wav,snoring,snoring
snoring_790.wav,snoring,snoring
snoring_791.wav,snoring,snoring
snoring_792.wav,snoring,snoring
snoring_793.wav,snoring,snoring
snoring_794.wav,snoring,snoring
snoring_795.wav,snoring,snoring
snoring_796.wav,snoring,snoring
snoring_797.wav,snoring,snoring
snoring_798.wav,snoring,snoring
snoring_799.wav,snoring,snoring
snoring_800.wav,snoring,snoring
snoring_801.wav,snoring,snoring
snoring_802.wav,snoring,snoring
snoring_803.wav,snoring,snoring
snoring_804.wav,snoring,snoring
snoring_805.wav,snoring,snoring
snoring_806.wav,snoring,snoring
snoring_807.wav,snoring,snoring
snoring_808.wav,snoring,snoring
snoring_809.wav,snoring,snoring
snoring_810.wav,snoring,snoring
snoring_811.wav,snoring,snoring
snoring_812.wav,snoring,snoring
snoring_813.wav,snoring,snoring
snoring_814.wav,snoring,snoring
snoring_815.wav,snoring,snoring
snoring_816.wav,snoring,snoring
snoring_817.wav,snoring,snoring
snoring_818.wav,snoring,snoring
snoring_819.wav,snoring,snoring
snoring_820.wav,snoring,snoring
snoring_821.wav,snoring,snoring
snoring_822.wav,snoring,snoring
snoring_823.wav,snoring,snoring
snoring_824.wav,snoring,snoring
snoring_825.wav,snoring,snoring
snoring_826.wav,snoring,snoring
snoring_827.wav,snoring,snoring
snoring_828.wav,snoring,snoring
snoring_829.wav,snoring,snoring
snoring_830.wav,snoring,snoring
snoring_831.wav,snoring,snoring
snoring_832.wav,snoring,snoring
snoring_833.wav,snoring,snoring
snoring_834.wav,snoring,snoring
snoring_835.wav,snoring,snoring
snoring_836.wav,snoring,snoring
snoring_837.wav,snoring,snoring
snoring_838.wav,snoring,snoring
snoring_839.wav,snoring,snoring
snoring_840.wav,snoring,snoring
snoring_841.wav,snoring,snoring
snoring_842.wav,snoring,snoring
snoring_843.wav,snoring,snoring
snoring_844.wav,snoring,snoring
snoring_845.wav,snoring,snoring
snoring_846.wav,snoring,snoring
snoring_847.wav,snoring,snoring
snoring_848.wav,snoring,snoring
snoring_849.wav,snoring,snoring
snoring_850.wav,snoring,snoring
snoring_851.wav,snoring,snoring
snoring_852.wav,snoring,snoring
snoring_853.wav,snoring,snoring
snoring_854.wav,snoring,snoring
snoring_855.wav,snoring,snoring
snoring_856.wav,snoring,snoring
snoring_857.wav,snoring,snoring
snoring_858.wav,snoring,snoring
snoring_859.wav,snoring,snoring
snoring_860.wav,snoring,snoring
snoring_861.wav,snoring,snoring
snoring_862.wav,snoring,snoring
snoring_863.wav,snoring,snoring
snoring_864.wav,snoring,snoring
snoring_865.wav,snoring,snoring
snoring_866.wav,snoring,snoring
snoring_867.wav,snoring,snoring
snoring_868.wav,snoring,snoring
snoring_869.wav,snoring,snoring
snoring_870.wav,snoring,snoring
snoring_871.wav,snoring,snoring
snoring_872.wav,snoring,snoring
snoring_873.wav,snoring,snoring
snoring_874.wav,snoring,snoring
snoring_875.wav,tools,snoring
snoring_876.wav,snoring,snoring
snoring_877.wav,snoring,snoring
snoring_878.wav,snoring,snoring
snoring_879.wav,snoring,snoring
snoring_880.wav,snoring,snoring
snoring_881.wav,snoring,snoring
snoring_882.wav,snoring,snoring
snoring_883.wav,snoring,snoring
snoring_884.wav,snoring,snoring
snoring_885.wav,snoring,snoring
snoring_886.wav,snoring,snoring
snoring_887.wav,snoring,snoring
snoring_888.wav,snoring,snoring
snoring_889.wav,snoring,snoring
snoring_890.wav,snoring,snoring
snoring_891.wav,snoring,snoring
snoring_892.wav,snoring,snoring
snoring_893.wav,snoring,snoring
snoring_894.wav,snoring,snoring
snoring_895.wav,snoring,snoring
snoring_896.wav,snoring,snoring
snoring_897.wav,snoring,snoring
snoring_898.wav,snoring,snoring
snoring_899.wav,snoring,snoring
snoring_900.wav,snoring,snoring
snoring_901.wav,cough,snoring
snoring_902.wav,snoring,snoring
snoring_903.wav,snoring,snoring
snoring_904.wav,snoring,snoring
snoring_905.wav,snoring,snoring
snoring_906.wav,snoring,snoring
snoring_907.wav,snoring,snoring
snoring_908.wav,snoring,snoring
snoring_909.wav,snoring,snoring
snoring_910.wav,snoring,snoring
snoring_911.wav,snoring,snoring
snoring_912.wav,snoring,snoring
snoring_913.wav,snoring,snoring
snoring_914.wav,snoring,snoring
snoring_915.wav,snoring,snoring
snoring_916.wav,snoring,snoring
snoring_917.wav,snoring,snoring
snoring_918.wav,snoring,snoring
snoring_919.wav,snoring,snoring
snoring_920.wav,snoring,snoring
snoring_921.wav,snoring,snoring
snoring_922.wav,crying_sobbing_wail,snoring
snoring_923.wav,snoring,snoring
snoring_924.wav,snoring,snoring
snoring_925.wav,snoring,snoring
snoring_926.wav,snoring,snoring
snoring_927.wav,snoring,snoring
snoring_928.wav,snoring,snoring
snoring_929.wav,snoring,snoring
snoring_930.wav,snoring,snoring
snoring_931.wav,snoring,snoring
snoring_932.wav,snoring,snoring
snoring_933.wav,snoring,snoring
snoring_934.wav,snoring,snoring
snoring_935.wav,snoring,snoring
snoring_936.wav,snoring,snoring
snoring_937.wav,snoring,snoring
snoring_938.wav,snoring,snoring
snoring_939.wav,snoring,snoring
snoring_940.wav,snoring,snoring
snoring_941.wav,snoring,snoring
snoring_942.wav,snoring,snoring
snoring_943.wav,snoring,snoring
snoring_944.wav,snoring,snoring
snoring_945.wav,snoring,snoring
snoring_946.wav,snoring,snoring
snoring_947.wav,snoring,snoring
snoring_948.wav,snoring,snoring
snoring_949.wav,snoring,snoring
snoring_950.wav,snoring,snoring
snoring_951.wav,snoring,snoring
snoring_952.wav,snoring,snoring
snoring_953.wav,snoring,snoring
snoring_954.wav,snoring,snoring
snoring_955.wav,snoring,snoring
snoring_956.wav,snoring,snoring
snoring_957.wav,snoring,snoring
snoring_958.wav,snoring,snoring
snoring_959.wav,snoring,snoring
snoring_960.wav,snoring,snoring
snoring_961.wav,snoring,snoring
snoring_962.wav,snoring,snoring
snoring_963.wav,snoring,snoring
snoring_964.wav,snoring,snoring
snoring_965.wav,snoring,snoring
snoring_966.wav,snoring,snoring
snoring_967.wav,snoring,snoring
snoring_968.wav,snoring,snoring
snoring_969.wav,snoring,snoring
snoring_970.wav,snoring,snoring
snoring_971.wav,snoring,snoring
snoring_972.wav,snoring,snoring
snoring_973.wav,snoring,snoring
snoring_974.wav,snoring,snoring
snoring_975.wav,snoring,snoring
snoring_976.wav,snoring,snoring
snoring_977.wav,snoring,snoring
snoring_978.wav,snoring,snoring
snoring_979.wav,snoring,snoring
snoring_980.wav,snoring,snoring
snoring_981.wav,snoring,snoring
snoring_982.wav,snoring,snoring
snoring_983.wav,snoring,snoring
snoring_984.wav,snoring,snoring
snoring_985.wav,snoring,snoring
snoring_986.wav,snoring,snoring
snoring_987.wav,snoring,snoring
snoring_988.wav,snoring,snoring
snoring_989.wav,snoring,snoring
snoring_990.wav,snoring,snoring
snoring_991.wav,snoring,snoring
snoring_992.wav,snoring,snoring
snoring_993.wav,snoring,snoring
snoring_994.wav,snoring,snoring
snoring_995.wav,snoring,snoring
snoring_996.wav,snoring,snoring
snoring_997.wav,snoring,snoring
snoring_998.wav,snoring,snoring
snoring_999.wav,snoring,snoring
snoring_1000.wav,snoring,snoring
safety_alarm_1.wav,safety_alarm,safety_alarm
safety_alarm_2.wav,safety_alarm,safety_alarm
safety_alarm_3.wav,safety_alarm,safety_alarm
safety_alarm_4.wav,safety_alarm,safety_alarm
safety_alarm_5.wav,safety_alarm,safety_alarm
safety_alarm_6.wav,safety_alarm,safety_alarm
safety_alarm_7.wav,safety_alarm,safety_alarm
safety_alarm_8.wav,safety_alarm,safety_alarm
safety_alarm_9.wav,safety_alarm,safety_alarm
safety_alarm_10.wav,safety_alarm,safety_alarm
safety_alarm_11.wav,safety_alarm,safety_alarm
safety_alarm_12.wav,safety_alarm,safety_alarm
safety_alarm_13.wav,safety_alarm,safety_alarm
safety_alarm_14.wav,safety_alarm,safety_alarm
safety_alarm_15.wav,safety_alarm,safety_alarm
safety_alarm_16.wav,safety_alarm,safety_alarm
safety_alarm_17.wav,safety_alarm,safety_alarm
safety_alarm_18.wav,safety_alarm,safety_alarm
safety_alarm_19.wav,safety_alarm,safety_alarm
safety_alarm_20.wav,safety_alarm,safety_alarm
safety_alarm_21.wav,safety_alarm,safety_alarm
safety_alarm_22.wav,safety_alarm,safety_alarm
safety_alarm_23.wav,safety_alarm,safety_alarm
safety_alarm_24.wav,safety_alarm,safety_alarm
safety_alarm_25.wav,safety_alarm,safety_alarm
safety_alarm_26.wav,safety_alarm,safety_alarm
safety_alarm_27.wav,safety_alarm,safety_alarm
safety_alarm_28.wav,safety_alarm,safety_alarm
safety_alarm_29.wav,safety_alarm,safety_alarm
safety_alarm_30.wav,safety_alarm,safety_alarm
safety_alarm_31.wav,safety_alarm,safety_alarm
safety_alarm_32.wav,safety_alarm,safety_alarm
safety_alarm_33.wav,safety_alarm,safety_alarm
safety_alarm_34.wav,safety_alarm,safety_alarm
safety_alarm_35.wav,safety_alarm,safety_alarm
safety_alarm_36.wav,safety_alarm,safety_alarm
safety_alarm_37.wav,safety_alarm,safety_alarm
safety_alarm_38.wav,safety_alarm,safety_alarm
safety_alarm_39.wav,safety_alarm,safety_alarm
safety_alarm_40.wav,safety_alarm,safety_alarm
safety_alarm_41.wav,safety_alarm,safety_alarm
safety_alarm_42.wav,safety_alarm,safety_alarm
safety_alarm_43.wav,safety_alarm,safety_alarm
safety_alarm_44.wav,safety_alarm,safety_alarm
safety_alarm_45.wav,safety_alarm,safety_alarm
safety_alarm_46.wav,safety_alarm,safety_alarm
safety_alarm_47.wav,safety_alarm,safety_alarm
safety_alarm_48.wav,safety_alarm,safety_alarm
safety_alarm_49.wav,safety_alarm,safety_alarm
safety_alarm_50.wav,safety_alarm,safety_alarm
safety_alarm_51.wav,safety_alarm,safety_alarm
safety_alarm_52.wav,safety_alarm,safety_alarm
safety_alarm_53.wav,safety_alarm,safety_alarm
safety_alarm_54.wav,safety_alarm,safety_alarm
safety_alarm_55.wav,safety_alarm,safety_alarm
safety_alarm_56.wav,safety_alarm,safety_alarm
safety_alarm_57.wav,safety_alarm,safety_alarm
safety_alarm_58.wav,safety_alarm,safety_alarm
safety_alarm_59.wav,safety_alarm,safety_alarm
safety_alarm_60.wav,safety_alarm,safety_alarm
safety_alarm_61.wav,safety_alarm,safety_alarm
safety_alarm_62.wav,safety_alarm,safety_alarm
safety_alarm_63.wav,safety_alarm,safety_alarm
safety_alarm_64.wav,safety_alarm,safety_alarm
safety_alarm_65.wav,safety_alarm,safety_alarm
safety_alarm_66.wav,safety_alarm,safety_alarm
safety_alarm_67.wav,safety_alarm,safety_alarm
safety_alarm_68.wav,safety_alarm,safety_alarm
safety_alarm_69.wav,safety_alarm,safety_alarm
safety_alarm_70.wav,safety_alarm,safety_alarm
safety_alarm_71.wav,safety_alarm,safety_alarm
safety_alarm_72.wav,safety_alarm,safety_alarm
safety_alarm_73.wav,safety_alarm,safety_alarm
safety_alarm_74.wav,safety_alarm,safety_alarm
safety_alarm_75.wav,safety_alarm,safety_alarm
safety_alarm_76.wav,safety_alarm,safety_alarm
safety_alarm_77.wav,safety_alarm,safety_alarm
safety_alarm_78.wav,safety_alarm,safety_alarm
safety_alarm_79.wav,safety_alarm,safety_alarm
safety_alarm_80.wav,safety_alarm,safety_alarm
safety_alarm_81.wav,safety_alarm,safety_alarm
safety_alarm_82.wav,safety_alarm,safety_alarm
safety_alarm_83.wav,safety_alarm,safety_alarm
safety_alarm_84.wav,safety_alarm,safety_alarm
safety_alarm_85.wav,safety_alarm,safety_alarm
safety_alarm_86.wav,safety_alarm,safety_alarm
safety_alarm_87.wav,safety_alarm,safety_alarm
safety_alarm_88.wav,safety_alarm,safety_alarm
safety_alarm_89.wav,safety_alarm,safety_alarm
safety_alarm_90.wav,safety_alarm,safety_alarm
safety_alarm_91.wav,safety_alarm,safety_alarm
safety_alarm_92.wav,safety_alarm,safety_alarm
safety_alarm_93.wav,safety_alarm,safety_alarm
safety_alarm_94.wav,safety_alarm,safety_alarm
safety_alarm_95.wav,safety_alarm,safety_alarm
safety_alarm_96.wav,safety_alarm,safety_alarm
safety_alarm_97.wav,safety_alarm,safety_alarm
safety_alarm_98.wav,safety_alarm,safety_alarm
safety_alarm_99.wav,safety_alarm,safety_alarm
safety_alarm_100.wav,safety_alarm,safety_alarm
safety_alarm_101.wav,safety_alarm,safety_alarm
safety_alarm_102.wav,safety_alarm,safety_alarm
safety_alarm_103.wav,safety_alarm,safety_alarm
safety_alarm_104.wav,safety_alarm,safety_alarm
safety_alarm_105.wav,safety_alarm,safety_alarm
safety_alarm_106.wav,safety_alarm,safety_alarm
safety_alarm_107.wav,safety_alarm,safety_alarm
safety_alarm_108.wav,safety_alarm,safety_alarm
safety_alarm_109.wav,safety_alarm,safety_alarm
safety_alarm_110.wav,safety_alarm,safety_alarm
safety_alarm_111.wav,safety_alarm,safety_alarm
safety_alarm_112.wav,safety_alarm,safety_alarm
safety_alarm_113.wav,safety_alarm,safety_alarm
safety_alarm_114.wav,safety_alarm,safety_alarm
safety_alarm_115.wav,safety_alarm,safety_alarm
safety_alarm_116.wav,safety_alarm,safety_alarm
safety_alarm_117.wav,safety_alarm,safety_alarm
safety_alarm_118.wav,safety_alarm,safety_alarm
safety_alarm_119.wav,safety_alarm,safety_alarm
safety_alarm_120.wav,safety_alarm,safety_alarm
safety_alarm_121.wav,safety_alarm,safety_alarm
safety_alarm_122.wav,safety_alarm,safety_alarm
safety_alarm_123.wav,safety_alarm,safety_alarm
safety_alarm_124.wav,safety_alarm,safety_alarm
safety_alarm_125.wav,safety_alarm,safety_alarm
safety_alarm_126.wav,safety_alarm,safety_alarm
safety_alarm_127.wav,safety_alarm,safety_alarm
safety_alarm_128.wav,safety_alarm,safety_alarm
safety_alarm_129.wav,safety_alarm,safety_alarm
safety_alarm_130.wav,safety_alarm,safety_alarm
safety_alarm_131.wav,telephone_bell,safety_alarm
safety_alarm_132.wav,safety_alarm,safety_alarm
safety_alarm_133.wav,safety_alarm,safety_alarm
safety_alarm_134.wav,safety_alarm,safety_alarm
safety_alarm_135.wav,safety_alarm,safety_alarm
safety_alarm_136.wav,safety_alarm,safety_alarm
safety_alarm_137.wav,safety_alarm,safety_alarm
safety_alarm_138.wav,safety_alarm,safety_alarm
safety_alarm_139.wav,safety_alarm,safety_alarm
safety_alarm_140.wav,safety_alarm,safety_alarm
safety_alarm_141.wav,safety_alarm,safety_alarm
safety_alarm_142.wav,safety_alarm,safety_alarm
safety_alarm_143.wav,safety_alarm,safety_alarm
safety_alarm_144.wav,safety_alarm,safety_alarm
safety_alarm_145.wav,safety_alarm,safety_alarm
safety_alarm_146.wav,safety_alarm,safety_alarm
safety_alarm_147.wav,safety_alarm,safety_alarm
safety_alarm_148.wav,safety_alarm,safety_alarm
safety_alarm_149.wav,safety_alarm,safety_alarm
safety_alarm_150.wav,safety_alarm,safety_alarm
safety_alarm_151.wav,safety_alarm,safety_alarm
safety_alarm_152.wav,safety_alarm,safety_alarm
safety_alarm_153.wav,safety_alarm,safety_alarm
safety_alarm_154.wav,telephone_bell,safety_alarm
safety_alarm_155.wav,safety_alarm,safety_alarm
safety_alarm_156.wav,safety_alarm,safety_alarm
safety_alarm_157.wav,safety_alarm,safety_alarm
safety_alarm_158.wav,safety_alarm,safety_alarm
safety_alarm_159.wav,safety_alarm,safety_alarm
safety_alarm_160.wav,safety_alarm,safety_alarm
safety_alarm_161.wav,safety_alarm,safety_alarm
safety_alarm_162.wav,safety_alarm,safety_alarm
safety_alarm_163.wav,safety_alarm,safety_alarm
safety_alarm_164.wav,safety_alarm,safety_alarm
safety_alarm_165.wav,safety_alarm,safety_alarm
safety_alarm_166.wav,wood,safety_alarm
safety_alarm_167.wav,safety_alarm,safety_alarm
safety_alarm_168.wav,safety_alarm,safety_alarm
safety_alarm_169.wav,safety_alarm,safety_alarm
safety_alarm_170.wav,safety_alarm,safety_alarm
safety_alarm_171.wav,safety_alarm,safety_alarm
safety_alarm_172.wav,safety_alarm,safety_alarm
safety_alarm_173.wav,safety_alarm,safety_alarm
safety_alarm_174.wav,safety_alarm,safety_alarm
safety_alarm_175.wav,safety_alarm,safety_alarm
safety_alarm_176.wav,safety_alarm,safety_alarm
safety_alarm_177.wav,safety_alarm,safety_alarm
safety_alarm_178.wav,safety_alarm,safety_alarm
safety_alarm_179.wav,safety_alarm,safety_alarm
safety_alarm_180.wav,safety_alarm,safety_alarm
safety_alarm_181.wav,safety_alarm,safety_alarm
safety_alarm_182.wav,safety_alarm,safety_alarm
safety_alarm_183.wav,safety_alarm,safety_alarm
safety_alarm_184.wav,safety_alarm,safety_alarm
safety_alarm_185.wav,safety_alarm,safety_alarm
safety_alarm_186.wav,safety_alarm,safety_alarm
safety_alarm_187.wav,safety_alarm,safety_alarm
safety_alarm_188.wav,safety_alarm,safety_alarm
safety_alarm_189.wav,safety_alarm,safety_alarm
safety_alarm_190.wav,safety_alarm,safety_alarm
safety_alarm_191.wav,safety_alarm,safety_alarm
safety_alarm_192.wav,safety_alarm,safety_alarm
safety_alarm_193.wav,safety_alarm,safety_alarm
safety_alarm_194.wav,safety_alarm,safety_alarm
safety_alarm_195.wav,safety_alarm,safety_alarm
safety_alarm_196.wav,safety_alarm,safety_alarm
safety_alarm_197.wav,safety_alarm,safety_alarm
safety_alarm_198.wav,safety_alarm,safety_alarm
safety_alarm_199.wav,safety_alarm,safety_alarm
safety_alarm_200.wav,safety_alarm,safety_alarm
safety_alarm_201.wav,safety_alarm,safety_alarm
safety_alarm_202.wav,safety_alarm,safety_alarm
safety_alarm_203.wav,safety_alarm,safety_alarm
safety_alarm_204.wav,safety_alarm,safety_alarm
safety_alarm_205.wav,safety_alarm,safety_alarm
safety_alarm_206.wav,safety_alarm,safety_alarm
safety_alarm_207.wav,safety_alarm,safety_alarm
safety_alarm_208.wav,safety_alarm,safety_alarm
safety_alarm_209.wav,safety_alarm,safety_alarm
safety_alarm_210.wav,safety_alarm,safety_alarm
safety_alarm_211.wav,safety_alarm,safety_alarm
safety_alarm_212.wav,safety_alarm,safety_alarm
safety_alarm_213.wav,safety_alarm,safety_alarm
safety_alarm_214.wav,safety_alarm,safety_alarm
safety_alarm_215.wav,safety_alarm,safety_alarm
safety_alarm_216.wav,safety_alarm,safety_alarm
safety_alarm_217.wav,safety_alarm,safety_alarm
safety_alarm_218.wav,safety_alarm,safety_alarm
safety_alarm_219.wav,safety_alarm,safety_alarm
safety_alarm_220.wav,safety_alarm,safety_alarm
safety_alarm_221.wav,safety_alarm,safety_alarm
safety_alarm_222.wav,safety_alarm,safety_alarm
safety_alarm_223.wav,safety_alarm,safety_alarm
safety_alarm_224.wav,safety_alarm,safety_alarm
safety_alarm_225.wav,safety_alarm,safety_alarm
safety_alarm_226.wav,safety_alarm,safety_alarm
safety_alarm_227.wav,safety_alarm,safety_alarm
safety_alarm_228.wav,safety_alarm,safety_alarm
safety_alarm_229.wav,safety_alarm,safety_alarm
safety_alarm_230.wav,safety_alarm,safety_alarm
safety_alarm_231.wav,safety_alarm,safety_alarm
safety_alarm_232.wav,safety_alarm,safety_alarm
safety_alarm_233.wav,safety_alarm,safety_alarm
safety_alarm_234.wav,safety_alarm,safety_alarm
safety_alarm_235.wav,safety_alarm,safety_alarm
safety_alarm_236.wav,wood,safety_alarm
safety_alarm_237.wav,safety_alarm,safety_alarm
safety_alarm_238.wav,safety_alarm,safety_alarm
safety_alarm_239.wav,safety_alarm,safety_alarm
safety_alarm_240.wav,safety_alarm,safety_alarm
safety_alarm_241.wav,safety_alarm,safety_alarm
safety_alarm_242.wav,safety_alarm,safety_alarm
safety_alarm_243.wav,safety_alarm,safety_alarm
safety_alarm_244.wav,safety_alarm,safety_alarm
safety_alarm_245.wav,safety_alarm,safety_alarm
safety_alarm_246.wav,safety_alarm,safety_alarm
safety_alarm_247.wav,safety_alarm,safety_alarm
safety_alarm_248.wav,safety_alarm,safety_alarm
safety_alarm_249.wav,safety_alarm,safety_alarm
safety_alarm_250.wav,safety_alarm,safety_alarm
safety_alarm_251.wav,safety_alarm,safety_alarm
safety_alarm_252.wav,safety_alarm,safety_alarm
safety_alarm_253.wav,safety_alarm,safety_alarm
safety_alarm_254.wav,safety_alarm,safety_alarm
safety_alarm_255.wav,safety_alarm,safety_alarm
safety_alarm_256.wav,safety_alarm,safety_alarm
safety_alarm_257.wav,safety_alarm,safety_alarm
safety_alarm_258.wav,safety_alarm,safety_alarm
safety_alarm_259.wav,safety_alarm,safety_alarm
safety_alarm_260.wav,safety_alarm,safety_alarm
safety_alarm_261.wav,safety_alarm,safety_alarm
safety_alarm_262.wav,safety_alarm,safety_alarm
safety_alarm_263.wav,safety_alarm,safety_alarm
safety_alarm_264.wav,safety_alarm,safety_alarm
safety_alarm_265.wav,safety_alarm,safety_alarm
safety_alarm_266.wav,safety_alarm,safety_alarm
safety_alarm_267.wav,safety_alarm,safety_alarm
safety_alarm_268.wav,safety_alarm,safety_alarm
safety_alarm_269.wav,safety_alarm,safety_alarm
safety_alarm_270.wav,safety_alarm,safety_alarm
safety_alarm_271.wav,safety_alarm,safety_alarm
safety_alarm_272.wav,safety_alarm,safety_alarm
safety_alarm_273.wav,safety_alarm,safety_alarm
safety_alarm_274.wav,safety_alarm,safety_alarm
safety_alarm_275.wav,safety_alarm,safety_alarm
safety_alarm_276.wav,safety_alarm,safety_alarm
safety_alarm_277.wav,safety_alarm,safety_alarm
safety_alarm_278.wav,telephone_bell,safety_alarm
safety_alarm_279.wav,safety_alarm,safety_alarm
safety_alarm_280.wav,safety_alarm,safety_alarm
safety_alarm_281.wav,safety_alarm,safety_alarm
safety_alarm_282.wav,safety_alarm,safety_alarm
safety_alarm_283.wav,safety_alarm,safety_alarm
safety_alarm_284.wav,safety_alarm,safety_alarm
safety_alarm_285.wav,safety_alarm,safety_alarm
safety_alarm_286.wav,safety_alarm,safety_alarm
safety_alarm_287.wav,safety_alarm,safety_alarm
safety_alarm_288.wav,safety_alarm,safety_alarm
safety_alarm_289.wav,safety_alarm,safety_alarm
safety_alarm_290.wav,safety_alarm,safety_alarm
safety_alarm_291.wav,safety_alarm,safety_alarm
safety_alarm_292.wav,safety_alarm,safety_alarm
safety_alarm_293.wav,safety_alarm,safety_alarm
safety_alarm_294.wav,safety_alarm,safety_alarm
safety_alarm_295.wav,safety_alarm,safety_alarm
safety_alarm_296.wav,safety_alarm,safety_alarm
safety_alarm_297.wav,safety_alarm,safety_alarm
safety_alarm_298.wav,safety_alarm,safety_alarm
safety_alarm_299.wav,safety_alarm,safety_alarm
safety_alarm_300.wav,safety_alarm,safety_alarm
safety_alarm_301.wav,safety_alarm,safety_alarm
safety_alarm_302.wav,safety_alarm,safety_alarm
safety_alarm_303.wav,safety_alarm,safety_alarm
safety_alarm_304.wav,safety_alarm,safety_alarm
safety_alarm_305.wav,safety_alarm,safety_alarm
safety_alarm_306.wav,safety_alarm,safety_alarm
safety_alarm_307.wav,safety_alarm,safety_alarm
safety_alarm_308.wav,safety_alarm,safety_alarm
safety_alarm_309.wav,safety_alarm,safety_alarm
safety_alarm_310.wav,telephone_bell,safety_alarm
safety_alarm_311.wav,safety_alarm,safety_alarm
safety_alarm_312.wav,safety_alarm,safety_alarm
safety_alarm_313.wav,safety_alarm,safety_alarm
safety_alarm_314.wav,safety_alarm,safety_alarm
safety_alarm_315.wav,safety_alarm,safety_alarm
safety_alarm_316.wav,safety_alarm,safety_alarm
safety_alarm_317.wav,safety_alarm,safety_alarm
safety_alarm_318.wav,safety_alarm,safety_alarm
safety_alarm_319.wav,safety_alarm,safety_alarm
safety_alarm_320.wav,safety_alarm,safety_alarm
safety_alarm_321.wav,safety_alarm,safety_alarm
safety_alarm_322.wav,safety_alarm,safety_alarm
safety_alarm_323.wav,safety_alarm,safety_alarm
safety_alarm_324.wav,safety_alarm,safety_alarm
safety_alarm_325.wav,safety_alarm,safety_alarm
safety_alarm_326.wav,safety_alarm,safety_alarm
safety_alarm_327.wav,safety_alarm,safety_alarm
safety_alarm_328.wav,safety_alarm,safety_alarm
safety_alarm_329.wav,safety_alarm,safety_alarm
safety_alarm_330.wav,safety_alarm,safety_alarm
safety_alarm_331.wav,safety_alarm,safety_alarm
safety_alarm_332.wav,safety_alarm,safety_alarm
safety_alarm_333.wav,safety_alarm,safety_alarm
safety_alarm_334.wav,telephone_bell,safety_alarm
safety_alarm_335.wav,safety_alarm,safety_alarm
safety_alarm_336.wav,safety_alarm,safety_alarm
safety_alarm_337.wav,safety_alarm,safety_alarm
safety_alarm_338.wav,safety_alarm,safety_alarm
safety_alarm_339.wav,safety_alarm,safety_alarm
safety_alarm_340.wav,safety_alarm,safety_alarm
safety_alarm_341.wav,safety_alarm,safety_alarm
safety_alarm_342.wav,safety_alarm,safety_alarm
safety_alarm_343.wav,safety_alarm,safety_alarm
safety_alarm_344.wav,safety_alarm,safety_alarm
safety_alarm_345.wav,safety_alarm,safety_alarm
safety_alarm_346.wav,safety_alarm,safety_alarm
safety_alarm_347.wav,safety_alarm,safety_alarm
safety_alarm_348.wav,safety_alarm,safety_alarm
safety_alarm_349.wav,safety_alarm,safety_alarm
safety_alarm_350.wav,safety_alarm,safety_alarm
safety_alarm_351.wav,safety_alarm,safety_alarm
safety_alarm_352.wav,safety_alarm,safety_alarm
safety_alarm_353.wav,safety_alarm,safety_alarm
safety_alarm_354.wav,safety_alarm,safety_alarm
safety_alarm_355.wav,safety_alarm,safety_alarm
safety_alarm_356.wav,safety_alarm,safety_alarm
safety_alarm_357.wav,safety_alarm,safety_alarm
safety_alarm_358.wav,safety_alarm,safety_alarm
safety_alarm_359.wav,safety_alarm,safety_alarm
safety_alarm_360.wav,safety_alarm,safety_alarm
safety_alarm_361.wav,safety_alarm,safety_alarm
safety_alarm_362.wav,safety_alarm,safety_alarm
safety_alarm_363.wav,safety_alarm,safety_alarm
safety_alarm_364.wav,safety_alarm,safety_alarm
safety_alarm_365.wav,safety_alarm,safety_alarm
safety_alarm_366.wav,safety_alarm,safety_alarm
safety_alarm_367.wav,safety_alarm,safety_alarm
safety_alarm_368.wav,safety_alarm,safety_alarm
safety_alarm_369.wav,safety_alarm,safety_alarm
safety_alarm_370.wav,safety_alarm,safety_alarm
safety_alarm_371.wav,safety_alarm,safety_alarm
safety_alarm_372.wav,safety_alarm,safety_alarm
safety_alarm_373.wav,safety_alarm,safety_alarm
safety_alarm_374.wav,safety_alarm,safety_alarm
safety_alarm_375.wav,safety_alarm,safety_alarm
safety_alarm_376.wav,safety_alarm,safety_alarm
safety_alarm_377.wav,safety_alarm,safety_alarm
safety_alarm_378.wav,safety_alarm,safety_alarm
safety_alarm_379.wav,safety_alarm,safety_alarm
safety_alarm_380.wav,safety_alarm,safety_alarm
safety_alarm_381.wav,safety_alarm,safety_alarm
safety_alarm_382.wav,safety_alarm,safety_alarm
safety_alarm_383.wav,safety_alarm,safety_alarm
safety_alarm_384.wav,safety_alarm,safety_alarm
safety_alarm_385.wav,safety_alarm,safety_alarm
safety_alarm_386.wav,safety_alarm,safety_alarm
safety_alarm_387.wav,safety_alarm,safety_alarm
safety_alarm_388.wav,safety_alarm,safety_alarm
safety_alarm_389.wav,safety_alarm,safety_alarm
safety_alarm_390.wav,safety_alarm,safety_alarm
safety_alarm_391.wav,safety_alarm,safety_alarm
safety_alarm_392.wav,safety_alarm,safety_alarm
safety_alarm_393.wav,safety_alarm,safety_alarm
safety_alarm_394.wav,safety_alarm,safety_alarm
safety_alarm_395.wav,safety_alarm,safety_alarm
safety_alarm_396.wav,safety_alarm,safety_alarm
safety_alarm_397.wav,safety_alarm,safety_alarm
safety_alarm_398.wav,safety_alarm,safety_alarm
safety_alarm_399.wav,safety_alarm,safety_alarm
safety_alarm_400.wav,safety_alarm,safety_alarm
safety_alarm_401.wav,safety_alarm,safety_alarm
safety_alarm_402.wav,safety_alarm,safety_alarm
safety_alarm_403.wav,safety_alarm,safety_alarm
safety_alarm_404.wav,safety_alarm,safety_alarm
safety_alarm_405.wav,safety_alarm,safety_alarm
safety_alarm_406.wav,safety_alarm,safety_alarm
safety_alarm_407.wav,safety_alarm,safety_alarm
safety_alarm_408.wav,safety_alarm,safety_alarm
safety_alarm_409.wav,slap_smack,safety_alarm
safety_alarm_410.wav,telephone_bell,safety_alarm
safety_alarm_411.wav,safety_alarm,safety_alarm
safety_alarm_412.wav,safety_alarm,safety_alarm
safety_alarm_413.wav,safety_alarm,safety_alarm
safety_alarm_414.wav,safety_alarm,safety_alarm
safety_alarm_415.wav,safety_alarm,safety_alarm
safety_alarm_416.wav,safety_alarm,safety_alarm
safety_alarm_417.wav,safety_alarm,safety_alarm
safety_alarm_418.wav,safety_alarm,safety_alarm
safety_alarm_419.wav,safety_alarm,safety_alarm
safety_alarm_420.wav,safety_alarm,safety_alarm
safety_alarm_421.wav,safety_alarm,safety_alarm
safety_alarm_422.wav,safety_alarm,safety_alarm
safety_alarm_423.wav,safety_alarm,safety_alarm
safety_alarm_424.wav,safety_alarm,safety_alarm
safety_alarm_425.wav,safety_alarm,safety_alarm
safety_alarm_426.wav,safety_alarm,safety_alarm
safety_alarm_427.wav,safety_alarm,safety_alarm
safety_alarm_428.wav,safety_alarm,safety_alarm
safety_alarm_429.wav,safety_alarm,safety_alarm
safety_alarm_430.wav,safety_alarm,safety_alarm
safety_alarm_431.wav,safety_alarm,safety_alarm
safety_alarm_432.wav,safety_alarm,safety_alarm
safety_alarm_433.wav,safety_alarm,safety_alarm
safety_alarm_434.wav,safety_alarm,safety_alarm
safety_alarm_435.wav,safety_alarm,safety_alarm
safety_alarm_436.wav,safety_alarm,safety_alarm
safety_alarm_437.wav,safety_alarm,safety_alarm
safety_alarm_438.wav,safety_alarm,safety_alarm
safety_alarm_439.wav,safety_alarm,safety_alarm
safety_alarm_440.wav,safety_alarm,safety_alarm
safety_alarm_441.wav,safety_alarm,safety_alarm
safety_alarm_442.wav,safety_alarm,safety_alarm
safety_alarm_443.wav,safety_alarm,safety_alarm
safety_alarm_444.wav,safety_alarm,safety_alarm
safety_alarm_445.wav,safety_alarm,safety_alarm
safety_alarm_446.wav,safety_alarm,safety_alarm
safety_alarm_447.wav,safety_alarm,safety_alarm
safety_alarm_448.wav,safety_alarm,safety_alarm
safety_alarm_449.wav,safety_alarm,safety_alarm
safety_alarm_450.wav,safety_alarm,safety_alarm
safety_alarm_451.wav,safety_alarm,safety_alarm
safety_alarm_452.wav,safety_alarm,safety_alarm
safety_alarm_453.wav,safety_alarm,safety_alarm
safety_alarm_454.wav,safety_alarm,safety_alarm
safety_alarm_455.wav,safety_alarm,safety_alarm
safety_alarm_456.wav,safety_alarm,safety_alarm
safety_alarm_457.wav,safety_alarm,safety_alarm
safety_alarm_458.wav,safety_alarm,safety_alarm
safety_alarm_459.wav,safety_alarm,safety_alarm
safety_alarm_460.wav,safety_alarm,safety_alarm
safety_alarm_461.wav,safety_alarm,safety_alarm
safety_alarm_462.wav,safety_alarm,safety_alarm
safety_alarm_463.wav,safety_alarm,safety_alarm
safety_alarm_464.wav,safety_alarm,safety_alarm
safety_alarm_465.wav,safety_alarm,safety_alarm
safety_alarm_466.wav,safety_alarm,safety_alarm
safety_alarm_467.wav,safety_alarm,safety_alarm
safety_alarm_468.wav,safety_alarm,safety_alarm
safety_alarm_469.wav,safety_alarm,safety_alarm
safety_alarm_470.wav,safety_alarm,safety_alarm
safety_alarm_471.wav,siren,safety_alarm
safety_alarm_472.wav,safety_alarm,safety_alarm
safety_alarm_473.wav,safety_alarm,safety_alarm
safety_alarm_474.wav,safety_alarm,safety_alarm
safety_alarm_475.wav,safety_alarm,safety_alarm
safety_alarm_476.wav,safety_alarm,safety_alarm
safety_alarm_477.wav,safety_alarm,safety_alarm
safety_alarm_478.wav,safety_alarm,safety_alarm
safety_alarm_479.wav,safety_alarm,safety_alarm
safety_alarm_480.wav,safety_alarm,safety_alarm
safety_alarm_481.wav,safety_alarm,safety_alarm
safety_alarm_482.wav,safety_alarm,safety_alarm
safety_alarm_483.wav,safety_alarm,safety_alarm
safety_alarm_484.wav,safety_alarm,safety_alarm
safety_alarm_485.wav,safety_alarm,safety_alarm
safety_alarm_486.wav,safety_alarm,safety_alarm
safety_alarm_487.wav,safety_alarm,safety_alarm
safety_alarm_488.wav,safety_alarm,safety_alarm
safety_alarm_489.wav,safety_alarm,safety_alarm
safety_alarm_490.wav,safety_alarm,safety_alarm
safety_alarm_491.wav,safety_alarm,safety_alarm
safety_alarm_492.wav,safety_alarm,safety_alarm
safety_alarm_493.wav,safety_alarm,safety_alarm
safety_alarm_494.wav,safety_alarm,safety_alarm
safety_alarm_495.wav,safety_alarm,safety_alarm
safety_alarm_496.wav,safety_alarm,safety_alarm
safety_alarm_497.wav,safety_alarm,safety_alarm
safety_alarm_498.wav,safety_alarm,safety_alarm
safety_alarm_499.wav,safety_alarm,safety_alarm
safety_alarm_500.wav,safety_alarm,safety_alarm
safety_alarm_501.wav,safety_alarm,safety_alarm
safety_alarm_502.wav,tools,safety_alarm
safety_alarm_503.wav,safety_alarm,safety_alarm
safety_alarm_504.wav,safety_alarm,safety_alarm
safety_alarm_505.wav,safety_alarm,safety_alarm
safety_alarm_506.wav,safety_alarm,safety_alarm
safety_alarm_507.wav,safety_alarm,safety_alarm
safety_alarm_508.wav,safety_alarm,safety_alarm
safety_alarm_509.wav,safety_alarm,safety_alarm
safety_alarm_510.wav,safety_alarm,safety_alarm
safety_alarm_511.wav,safety_alarm,safety_alarm
safety_alarm_512.wav,safety_alarm,safety_alarm
safety_alarm_513.wav,safety_alarm,safety_alarm
safety_alarm_514.wav,safety_alarm,safety_alarm
safety_alarm_515.wav,safety_alarm,safety_alarm
safety_alarm_516.wav,safety_alarm,safety_alarm
safety_alarm_517.wav,safety_alarm,safety_alarm
safety_alarm_518.wav,safety_alarm,safety_alarm
safety_alarm_519.wav,safety_alarm,safety_alarm
safety_alarm_520.wav,safety_alarm,safety_alarm
safety_alarm_521.wav,safety_alarm,safety_alarm
safety_alarm_522.wav,safety_alarm,safety_alarm
safety_alarm_523.wav,safety_alarm,safety_alarm
safety_alarm_524.wav,safety_alarm,safety_alarm
safety_alarm_525.wav,safety_alarm,safety_alarm
safety_alarm_526.wav,safety_alarm,safety_alarm
safety_alarm_527.wav,safety_alarm,safety_alarm
safety_alarm_528.wav,safety_alarm,safety_alarm
safety_alarm_529.wav,safety_alarm,safety_alarm
safety_alarm_530.wav,safety_alarm,safety_alarm
safety_alarm_531.wav,safety_alarm,safety_alarm
safety_alarm_532.wav,safety_alarm,safety_alarm
safety_alarm_533.wav,safety_alarm,safety_alarm
safety_alarm_534.wav,safety_alarm,safety_alarm
safety_alarm_535.wav,safety_alarm,safety_alarm
safety_alarm_536.wav,safety_alarm,safety_alarm
safety_alarm_537.wav,safety_alarm,safety_alarm
safety_alarm_538.wav,safety_alarm,safety_alarm
safety_alarm_539.wav,safety_alarm,safety_alarm
safety_alarm_540.wav,safety_alarm,safety_alarm
safety_alarm_541.wav,safety_alarm,safety_alarm
safety_alarm_542.wav,safety_alarm,safety_alarm
safety_alarm_543.wav,safety_alarm,safety_alarm
safety_alarm_544.wav,safety_alarm,safety_alarm
safety_alarm_545.wav,safety_alarm,safety_alarm
safety_alarm_546.wav,safety_alarm,safety_alarm
safety_alarm_547.wav,safety_alarm,safety_alarm
safety_alarm_548.wav,telephone_bell,safety_alarm
safety_alarm_549.wav,safety_alarm,safety_alarm
safety_alarm_550.wav,safety_alarm,safety_alarm
safety_alarm_551.wav,safety_alarm,safety_alarm
safety_alarm_552.wav,safety_alarm,safety_alarm
safety_alarm_553.wav,safety_alarm,safety_alarm
safety_alarm_554.wav,safety_alarm,safety_alarm
safety_alarm_555.wav,safety_alarm,safety_alarm
safety_alarm_556.wav,safety_alarm,safety_alarm
safety_alarm_557.wav,safety_alarm,safety_alarm
safety_alarm_558.wav,safety_alarm,safety_alarm
safety_alarm_559.wav,safety_alarm,safety_alarm
safety_alarm_560.wav,safety_alarm,safety_alarm
safety_alarm_561.wav,safety_alarm,safety_alarm
safety_alarm_562.wav,safety_alarm,safety_alarm
safety_alarm_563.wav,safety_alarm,safety_alarm
safety_alarm_564.wav,safety_alarm,safety_alarm
safety_alarm_565.wav,safety_alarm,safety_alarm
safety_alarm_566.wav,safety_alarm,safety_alarm
safety_alarm_567.wav,safety_alarm,safety_alarm
safety_alarm_568.wav,safety_alarm,safety_alarm
safety_alarm_569.wav,safety_alarm,safety_alarm
safety_alarm_570.wav,safety_alarm,safety_alarm
safety_alarm_571.wav,safety_alarm,safety_alarm
safety_alarm_572.wav,safety_alarm,safety_alarm
safety_alarm_573.wav,safety_alarm,safety_alarm
safety_alarm_574.wav,safety_alarm,safety_alarm
safety_alarm_575.wav,safety_alarm,safety_alarm
safety_alarm_576.wav,safety_alarm,safety_alarm
safety_alarm_577.wav,safety_alarm,safety_alarm
safety_alarm_578.wav,safety_alarm,safety_alarm
safety_alarm_579.wav,safety_alarm,safety_alarm
safety_alarm_580.wav,safety_alarm,safety_alarm
safety_alarm_581.wav,safety_alarm,safety_alarm
safety_alarm_582.wav,safety_alarm,safety_alarm
safety_alarm_583.wav,safety_alarm,safety_alarm
safety_alarm_584.wav,safety_alarm,safety_alarm
safety_alarm_585.wav,safety_alarm,safety_alarm
safety_alarm_586.wav,safety_alarm,safety_alarm
safety_alarm_587.wav,safety_alarm,safety_alarm
safety_alarm_588.wav,safety_alarm,safety_alarm
safety_alarm_589.wav,safety_alarm,safety_alarm
safety_alarm_590.wav,safety_alarm,safety_alarm
safety_alarm_591.wav,safety_alarm,safety_alarm
safety_alarm_592.wav,safety_alarm,safety_alarm
safety_alarm_593.wav,safety_alarm,safety_alarm
safety_alarm_594.wav,safety_alarm,safety_alarm
safety_alarm_595.wav,safety_alarm,safety_alarm
safety_alarm_596.wav,safety_alarm,safety_alarm
safety_alarm_597.wav,safety_alarm,safety_alarm
safety_alarm_598.wav,safety_alarm,safety_alarm
safety_alarm_599.wav,safety_alarm,safety_alarm
safety_alarm_600.wav,safety_alarm,safety_alarm
safety_alarm_601.wav,safety_alarm,safety_alarm
safety_alarm_602.wav,safety_alarm,safety_alarm
safety_alarm_603.wav,safety_alarm,safety_alarm
safety_alarm_604.wav,safety_alarm,safety_alarm
safety_alarm_605.wav,safety_alarm,safety_alarm
safety_alarm_606.wav,safety_alarm,safety_alarm
safety_alarm_607.wav,safety_alarm,safety_alarm
safety_alarm_608.wav,safety_alarm,safety_alarm
safety_alarm_609.wav,safety_alarm,safety_alarm
safety_alarm_610.wav,safety_alarm,safety_alarm
safety_alarm_611.wav,safety_alarm,safety_alarm
safety_alarm_612.wav,safety_alarm,safety_alarm
safety_alarm_613.wav,safety_alarm,safety_alarm
safety_alarm_614.wav,safety_alarm,safety_alarm
safety_alarm_615.wav,safety_alarm,safety_alarm
safety_alarm_616.wav,safety_alarm,safety_alarm
safety_alarm_617.wav,safety_alarm,safety_alarm
safety_alarm_618.wav,safety_alarm,safety_alarm
safety_alarm_619.wav,safety_alarm,safety_alarm
safety_alarm_620.wav,safety_alarm,safety_alarm
safety_alarm_621.wav,safety_alarm,safety_alarm
safety_alarm_622.wav,safety_alarm,safety_alarm
safety_alarm_623.wav,safety_alarm,safety_alarm
safety_alarm_624.wav,safety_alarm,safety_alarm
safety_alarm_625.wav,safety_alarm,safety_alarm
safety_alarm_626.wav,safety_alarm,safety_alarm
safety_alarm_627.wav,telephone_bell,safety_alarm
safety_alarm_628.wav,safety_alarm,safety_alarm
safety_alarm_629.wav,safety_alarm,safety_alarm
safety_alarm_630.wav,safety_alarm,safety_alarm
safety_alarm_631.wav,safety_alarm,safety_alarm
safety_alarm_632.wav,safety_alarm,safety_alarm
safety_alarm_633.wav,safety_alarm,safety_alarm
safety_alarm_634.wav,safety_alarm,safety_alarm
safety_alarm_635.wav,safety_alarm,safety_alarm
safety_alarm_636.wav,safety_alarm,safety_alarm
safety_alarm_637.wav,telephone_bell,safety_alarm
safety_alarm_638.wav,safety_alarm,safety_alarm
safety_alarm_639.wav,safety_alarm,safety_alarm
safety_alarm_640.wav,safety_alarm,safety_alarm
safety_alarm_641.wav,tools,safety_alarm
safety_alarm_642.wav,safety_alarm,safety_alarm
safety_alarm_643.wav,safety_alarm,safety_alarm
safety_alarm_644.wav,safety_alarm,safety_alarm
safety_alarm_645.wav,safety_alarm,safety_alarm
safety_alarm_646.wav,safety_alarm,safety_alarm
safety_alarm_647.wav,safety_alarm,safety_alarm
safety_alarm_648.wav,safety_alarm,safety_alarm
safety_alarm_649.wav,safety_alarm,safety_alarm
safety_alarm_650.wav,safety_alarm,safety_alarm
safety_alarm_651.wav,safety_alarm,safety_alarm
safety_alarm_652.wav,safety_alarm,safety_alarm
safety_alarm_653.wav,safety_alarm,safety_alarm
safety_alarm_654.wav,safety_alarm,safety_alarm
safety_alarm_655.wav,safety_alarm,safety_alarm
safety_alarm_656.wav,safety_alarm,safety_alarm
safety_alarm_657.wav,safety_alarm,safety_alarm
safety_alarm_658.wav,safety_alarm,safety_alarm
safety_alarm_659.wav,safety_alarm,safety_alarm
safety_alarm_660.wav,safety_alarm,safety_alarm
safety_alarm_661.wav,safety_alarm,safety_alarm
safety_alarm_662.wav,safety_alarm,safety_alarm
safety_alarm_663.wav,telephone_bell,safety_alarm
safety_alarm_664.wav,safety_alarm,safety_alarm
safety_alarm_665.wav,safety_alarm,safety_alarm
safety_alarm_666.wav,safety_alarm,safety_alarm
safety_alarm_667.wav,safety_alarm,safety_alarm
safety_alarm_668.wav,safety_alarm,safety_alarm
safety_alarm_669.wav,safety_alarm,safety_alarm
safety_alarm_670.wav,safety_alarm,safety_alarm
safety_alarm_671.wav,safety_alarm,safety_alarm
safety_alarm_672.wav,safety_alarm,safety_alarm
safety_alarm_673.wav,safety_alarm,safety_alarm
safety_alarm_674.wav,safety_alarm,safety_alarm
safety_alarm_675.wav,safety_alarm,safety_alarm
safety_alarm_676.wav,safety_alarm,safety_alarm
safety_alarm_677.wav,safety_alarm,safety_alarm
safety_alarm_678.wav,safety_alarm,safety_alarm
safety_alarm_679.wav,safety_alarm,safety_alarm
safety_alarm_680.wav,safety_alarm,safety_alarm
safety_alarm_681.wav,telephone_bell,safety_alarm
safety_alarm_682.wav,safety_alarm,safety_alarm
safety_alarm_683.wav,safety_alarm,safety_alarm
safety_alarm_684.wav,safety_alarm,safety_alarm
safety_alarm_685.wav,safety_alarm,safety_alarm
safety_alarm_686.wav,safety_alarm,safety_alarm
safety_alarm_687.wav,safety_alarm,safety_alarm
safety_alarm_688.wav,safety_alarm,safety_alarm
safety_alarm_689.wav,safety_alarm,safety_alarm
safety_alarm_690.wav,safety_alarm,safety_alarm
safety_alarm_691.wav,safety_alarm,safety_alarm
safety_alarm_692.wav,safety_alarm,safety_alarm
safety_alarm_693.wav,safety_alarm,safety_alarm
safety_alarm_694.wav,safety_alarm,safety_alarm
safety_alarm_695.wav,wood,safety_alarm
safety_alarm_696.wav,safety_alarm,safety_alarm
safety_alarm_697.wav,safety_alarm,safety_alarm
safety_alarm_698.wav,safety_alarm,safety_alarm
safety_alarm_699.wav,safety_alarm,safety_alarm
safety_alarm_700.wav,safety_alarm,safety_alarm
safety_alarm_701.wav,safety_alarm,safety_alarm
safety_alarm_702.wav,safety_alarm,safety_alarm
safety_alarm_703.wav,safety_alarm,safety_alarm
safety_alarm_704.wav,safety_alarm,safety_alarm
safety_alarm_705.wav,safety_alarm,safety_alarm
safety_alarm_706.wav,safety_alarm,safety_alarm
safety_alarm_707.wav,safety_alarm,safety_alarm
safety_alarm_708.wav,safety_alarm,safety_alarm
safety_alarm_709.wav,safety_alarm,safety_alarm
safety_alarm_710.wav,safety_alarm,safety_alarm
safety_alarm_711.wav,safety_alarm,safety_alarm
safety_alarm_712.wav,safety_alarm,safety_alarm
safety_alarm_713.wav,safety_alarm,safety_alarm
safety_alarm_714.wav,safety_alarm,safety_alarm
safety_alarm_715.wav,safety_alarm,safety_alarm
safety_alarm_716.wav,safety_alarm,safety_alarm
safety_alarm_717.wav,safety_alarm,safety_alarm
safety_alarm_718.wav,safety_alarm,safety_alarm
safety_alarm_719.wav,safety_alarm,safety_alarm
safety_alarm_720.wav,safety_alarm,safety_alarm
safety_alarm_721.wav,safety_alarm,safety_alarm
safety_alarm_722.wav,safety_alarm,safety_alarm
safety_alarm_723.wav,safety_alarm,safety_alarm
safety_alarm_724.wav,safety_alarm,safety_alarm
safety_alarm_725.wav,safety_alarm,safety_alarm
safety_alarm_726.wav,safety_alarm,safety_alarm
safety_alarm_727.wav,safety_alarm,safety_alarm
safety_alarm_728.wav,safety_alarm,safety_alarm
safety_alarm_729.wav,safety_alarm,safety_alarm
safety_alarm_730.wav,safety_alarm,safety_alarm
safety_alarm_731.wav,safety_alarm,safety_alarm
safety_alarm_732.wav,safety_alarm,safety_alarm
safety_alarm_733.wav,safety_alarm,safety_alarm
safety_alarm_734.wav,safety_alarm,safety_alarm
safety_alarm_735.wav,safety_alarm,safety_alarm
safety_alarm_736.wav,safety_alarm,safety_alarm
safety_alarm_737.wav,safety_alarm,safety_alarm
safety_alarm_738.wav,safety_alarm,safety_alarm
safety_alarm_739.wav,safety_alarm,safety_alarm
safety_alarm_740.wav,safety_alarm,safety_alarm
safety_alarm_741.wav,safety_alarm,safety_alarm
safety_alarm_742.wav,safety_alarm,safety_alarm
safety_alarm_743.wav,safety_alarm,safety_alarm
safety_alarm_744.wav,safety_alarm,safety_alarm
safety_alarm_745.wav,safety_alarm,safety_alarm
safety_alarm_746.wav,safety_alarm,safety_alarm
safety_alarm_747.wav,safety_alarm,safety_alarm
safety_alarm_748.wav,safety_alarm,safety_alarm
safety_alarm_749.wav,safety_alarm,safety_alarm
safety_alarm_750.wav,safety_alarm,safety_alarm
safety_alarm_751.wav,safety_alarm,safety_alarm
safety_alarm_752.wav,safety_alarm,safety_alarm
safety_alarm_753.wav,telephone_bell,safety_alarm
safety_alarm_754.wav,safety_alarm,safety_alarm
safety_alarm_755.wav,safety_alarm,safety_alarm
safety_alarm_756.wav,safety_alarm,safety_alarm
safety_alarm_757.wav,safety_alarm,safety_alarm
safety_alarm_758.wav,safety_alarm,safety_alarm
safety_alarm_759.wav,safety_alarm,safety_alarm
safety_alarm_760.wav,safety_alarm,safety_alarm
safety_alarm_761.wav,safety_alarm,safety_alarm
safety_alarm_762.wav,safety_alarm,safety_alarm
safety_alarm_763.wav,safety_alarm,safety_alarm
safety_alarm_764.wav,siren,safety_alarm
safety_alarm_765.wav,safety_alarm,safety_alarm
safety_alarm_766.wav,safety_alarm,safety_alarm
safety_alarm_767.wav,safety_alarm,safety_alarm
safety_alarm_768.wav,safety_alarm,safety_alarm
safety_alarm_769.wav,safety_alarm,safety_alarm
safety_alarm_770.wav,safety_alarm,safety_alarm
safety_alarm_771.wav,safety_alarm,safety_alarm
safety_alarm_772.wav,safety_alarm,safety_alarm
safety_alarm_773.wav,safety_alarm,safety_alarm
safety_alarm_774.wav,safety_alarm,safety_alarm
safety_alarm_775.wav,safety_alarm,safety_alarm
safety_alarm_776.wav,safety_alarm,safety_alarm
safety_alarm_777.wav,safety_alarm,safety_alarm
safety_alarm_778.wav,safety_alarm,safety_alarm
safety_alarm_779.wav,safety_alarm,safety_alarm
safety_alarm_780.wav,safety_alarm,safety_alarm
safety_alarm_781.wav,safety_alarm,safety_alarm
safety_alarm_782.wav,safety_alarm,safety_alarm
safety_alarm_783.wav,telephone_bell,safety_alarm
safety_alarm_784.wav,crying_sobbing_wail,safety_alarm
safety_alarm_785.wav,safety_alarm,safety_alarm
safety_alarm_786.wav,safety_alarm,safety_alarm
safety_alarm_787.wav,safety_alarm,safety_alarm
safety_alarm_788.wav,safety_alarm,safety_alarm
safety_alarm_789.wav,safety_alarm,safety_alarm
safety_alarm_790.wav,safety_alarm,safety_alarm
safety_alarm_791.wav,safety_alarm,safety_alarm
safety_alarm_792.wav,safety_alarm,safety_alarm
safety_alarm_793.wav,safety_alarm,safety_alarm
safety_alarm_794.wav,safety_alarm,safety_alarm
safety_alarm_795.wav,safety_alarm,safety_alarm
safety_alarm_796.wav,safety_alarm,safety_alarm
safety_alarm_797.wav,safety_alarm,safety_alarm
safety_alarm_798.wav,safety_alarm,safety_alarm
safety_alarm_799.wav,safety_alarm,safety_alarm
safety_alarm_800.wav,safety_alarm,safety_alarm
safety_alarm_801.wav,safety_alarm,safety_alarm
safety_alarm_802.wav,safety_alarm,safety_alarm
safety_alarm_803.wav,safety_alarm,safety_alarm
safety_alarm_804.wav,safety_alarm,safety_alarm
safety_alarm_805.wav,safety_alarm,safety_alarm
safety_alarm_806.wav,safety_alarm,safety_alarm
safety_alarm_807.wav,safety_alarm,safety_alarm
safety_alarm_808.wav,safety_alarm,safety_alarm
safety_alarm_809.wav,safety_alarm,safety_alarm
safety_alarm_810.wav,tools,safety_alarm
safety_alarm_811.wav,safety_alarm,safety_alarm
safety_alarm_812.wav,safety_alarm,safety_alarm
safety_alarm_813.wav,safety_alarm,safety_alarm
safety_alarm_814.wav,safety_alarm,safety_alarm
safety_alarm_815.wav,safety_alarm,safety_alarm
safety_alarm_816.wav,safety_alarm,safety_alarm
safety_alarm_817.wav,safety_alarm,safety_alarm
safety_alarm_818.wav,safety_alarm,safety_alarm
safety_alarm_819.wav,safety_alarm,safety_alarm
safety_alarm_820.wav,safety_alarm,safety_alarm
safety_alarm_821.wav,safety_alarm,safety_alarm
safety_alarm_822.wav,safety_alarm,safety_alarm
safety_alarm_823.wav,safety_alarm,safety_alarm
safety_alarm_824.wav,safety_alarm,safety_alarm
safety_alarm_825.wav,safety_alarm,safety_alarm
safety_alarm_826.wav,safety_alarm,safety_alarm
safety_alarm_827.wav,safety_alarm,safety_alarm
safety_alarm_828.wav,safety_alarm,safety_alarm
safety_alarm_829.wav,safety_alarm,safety_alarm
safety_alarm_830.wav,safety_alarm,safety_alarm
safety_alarm_831.wav,safety_alarm,safety_alarm
safety_alarm_832.wav,safety_alarm,safety_alarm
safety_alarm_833.wav,safety_alarm,safety_alarm
safety_alarm_834.wav,safety_alarm,safety_alarm
safety_alarm_835.wav,safety_alarm,safety_alarm
safety_alarm_836.wav,safety_alarm,safety_alarm
safety_alarm_837.wav,safety_alarm,safety_alarm
safety_alarm_838.wav,safety_alarm,safety_alarm
safety_alarm_839.wav,safety_alarm,safety_alarm
safety_alarm_840.wav,safety_alarm,safety_alarm
safety_alarm_841.wav,telephone_bell,safety_alarm
safety_alarm_842.wav,safety_alarm,safety_alarm
safety_alarm_843.wav,safety_alarm,safety_alarm
safety_alarm_844.wav,safety_alarm,safety_alarm
safety_alarm_845.wav,safety_alarm,safety_alarm
safety_alarm_846.wav,safety_alarm,safety_alarm
safety_alarm_847.wav,safety_alarm,safety_alarm
safety_alarm_848.wav,safety_alarm,safety_alarm
safety_alarm_849.wav,safety_alarm,safety_alarm
safety_alarm_850.wav,safety_alarm,safety_alarm
safety_alarm_851.wav,safety_alarm,safety_alarm
safety_alarm_852.wav,safety_alarm,safety_alarm
safety_alarm_853.wav,safety_alarm,safety_alarm
safety_alarm_854.wav,safety_alarm,safety_alarm
safety_alarm_855.wav,safety_alarm,safety_alarm
safety_alarm_856.wav,safety_alarm,safety_alarm
safety_alarm_857.wav,safety_alarm,safety_alarm
safety_alarm_858.wav,safety_alarm,safety_alarm
safety_alarm_859.wav,safety_alarm,safety_alarm
safety_alarm_860.wav,safety_alarm,safety_alarm
safety_alarm_861.wav,safety_alarm,safety_alarm
safety_alarm_862.wav,safety_alarm,safety_alarm
safety_alarm_863.wav,safety_alarm,safety_alarm
safety_alarm_864.wav,safety_alarm,safety_alarm
safety_alarm_865.wav,safety_alarm,safety_alarm
safety_alarm_866.wav,safety_alarm,safety_alarm
safety_alarm_867.wav,safety_alarm,safety_alarm
safety_alarm_868.wav,safety_alarm,safety_alarm
safety_alarm_869.wav,safety_alarm,safety_alarm
safety_alarm_870.wav,safety_alarm,safety_alarm
safety_alarm_871.wav,safety_alarm,safety_alarm
safety_alarm_872.wav,safety_alarm,safety_alarm
safety_alarm_873.wav,safety_alarm,safety_alarm
safety_alarm_874.wav,safety_alarm,safety_alarm
safety_alarm_875.wav,safety_alarm,safety_alarm
safety_alarm_876.wav,safety_alarm,safety_alarm
safety_alarm_877.wav,safety_alarm,safety_alarm
safety_alarm_878.wav,safety_alarm,safety_alarm
safety_alarm_879.wav,safety_alarm,safety_alarm
safety_alarm_880.wav,safety_alarm,safety_alarm
safety_alarm_881.wav,safety_alarm,safety_alarm
safety_alarm_882.wav,safety_alarm,safety_alarm
safety_alarm_883.wav,safety_alarm,safety_alarm
safety_alarm_884.wav,safety_alarm,safety_alarm
safety_alarm_885.wav,safety_alarm,safety_alarm
safety_alarm_886.wav,safety_alarm,safety_alarm
safety_alarm_887.wav,safety_alarm,safety_alarm
safety_alarm_888.wav,safety_alarm,safety_alarm
safety_alarm_889.wav,safety_alarm,safety_alarm
safety_alarm_890.wav,safety_alarm,safety_alarm
safety_alarm_891.wav,safety_alarm,safety_alarm
safety_alarm_892.wav,safety_alarm,safety_alarm
safety_alarm_893.wav,safety_alarm,safety_alarm
safety_alarm_894.wav,safety_alarm,safety_alarm
safety_alarm_895.wav,telephone_bell,safety_alarm
safety_alarm_896.wav,safety_alarm,safety_alarm
safety_alarm_897.wav,safety_alarm,safety_alarm
safety_alarm_898.wav,safety_alarm,safety_alarm
safety_alarm_899.wav,safety_alarm,safety_alarm
safety_alarm_900.wav,safety_alarm,safety_alarm
safety_alarm_901.wav,safety_alarm,safety_alarm
safety_alarm_902.wav,safety_alarm,safety_alarm
safety_alarm_903.wav,safety_alarm,safety_alarm
safety_alarm_904.wav,safety_alarm,safety_alarm
safety_alarm_905.wav,safety_alarm,safety_alarm
safety_alarm_906.wav,safety_alarm,safety_alarm
safety_alarm_907.wav,safety_alarm,safety_alarm
safety_alarm_908.wav,safety_alarm,safety_alarm
safety_alarm_909.wav,safety_alarm,safety_alarm
safety_alarm_910.wav,safety_alarm,safety_alarm
safety_alarm_911.wav,safety_alarm,safety_alarm
safety_alarm_912.wav,safety_alarm,safety_alarm
safety_alarm_913.wav,safety_alarm,safety_alarm
safety_alarm_914.wav,safety_alarm,safety_alarm
safety_alarm_915.wav,safety_alarm,safety_alarm
safety_alarm_916.wav,safety_alarm,safety_alarm
safety_alarm_917.wav,safety_alarm,safety_alarm
safety_alarm_918.wav,telephone_bell,safety_alarm
safety_alarm_919.wav,safety_alarm,safety_alarm
safety_alarm_920.wav,safety_alarm,safety_alarm
safety_alarm_921.wav,safety_alarm,safety_alarm
safety_alarm_922.wav,safety_alarm,safety_alarm
safety_alarm_923.wav,safety_alarm,safety_alarm
safety_alarm_924.wav,safety_alarm,safety_alarm
safety_alarm_925.wav,safety_alarm,safety_alarm
safety_alarm_926.wav,safety_alarm,safety_alarm
safety_alarm_927.wav,safety_alarm,safety_alarm
safety_alarm_928.wav,safety_alarm,safety_alarm
safety_alarm_929.wav,safety_alarm,safety_alarm
safety_alarm_930.wav,safety_alarm,safety_alarm
safety_alarm_931.wav,safety_alarm,safety_alarm
safety_alarm_932.wav,safety_alarm,safety_alarm
safety_alarm_933.wav,safety_alarm,safety_alarm
safety_alarm_934.wav,safety_alarm,safety_alarm
safety_alarm_935.wav,safety_alarm,safety_alarm
safety_alarm_936.wav,safety_alarm,safety_alarm
safety_alarm_937.wav,safety_alarm,safety_alarm
safety_alarm_938.wav,safety_alarm,safety_alarm
safety_alarm_939.wav,safety_alarm,safety_alarm
safety_alarm_940.wav,safety_alarm,safety_alarm
safety_alarm_941.wav,safety_alarm,safety_alarm
safety_alarm_942.wav,safety_alarm,safety_alarm
safety_alarm_943.wav,safety_alarm,safety_alarm
safety_alarm_944.wav,safety_alarm,safety_alarm
safety_alarm_945.wav,safety_alarm,safety_alarm
safety_alarm_946.wav,safety_alarm,safety_alarm
safety_alarm_947.wav,safety_alarm,safety_alarm
safety_alarm_948.wav,safety_alarm,safety_alarm
safety_alarm_949.wav,safety_alarm,safety_alarm
safety_alarm_950.wav,safety_alarm,safety_alarm
safety_alarm_951.wav,safety_alarm,safety_alarm
safety_alarm_952.wav,safety_alarm,safety_alarm
safety_alarm_953.wav,safety_alarm,safety_alarm
safety_alarm_954.wav,safety_alarm,safety_alarm
safety_alarm_955.wav,safety_alarm,safety_alarm
safety_alarm_956.wav,safety_alarm,safety_alarm
safety_alarm_957.wav,safety_alarm,safety_alarm
safety_alarm_958.wav,safety_alarm,safety_alarm
safety_alarm_959.wav,safety_alarm,safety_alarm
safety_alarm_960.wav,safety_alarm,safety_alarm
safety_alarm_961.wav,safety_alarm,safety_alarm
safety_alarm_962.wav,safety_alarm,safety_alarm
safety_alarm_963.wav,safety_alarm,safety_alarm
safety_alarm_964.wav,safety_alarm,safety_alarm
safety_alarm_965.wav,safety_alarm,safety_alarm
safety_alarm_966.wav,safety_alarm,safety_alarm
safety_alarm_967.wav,safety_alarm,safety_alarm
safety_alarm_968.wav,safety_alarm,safety_alarm
safety_alarm_969.wav,safety_alarm,safety_alarm
safety_alarm_970.wav,safety_alarm,safety_alarm
safety_alarm_971.wav,safety_alarm,safety_alarm
safety_alarm_972.wav,safety_alarm,safety_alarm
safety_alarm_973.wav,safety_alarm,safety_alarm
safety_alarm_974.wav,safety_alarm,safety_alarm
safety_alarm_975.wav,safety_alarm,safety_alarm
safety_alarm_976.wav,safety_alarm,safety_alarm
safety_alarm_977.wav,safety_alarm,safety_alarm
safety_alarm_978.wav,safety_alarm,safety_alarm
safety_alarm_979.wav,safety_alarm,safety_alarm
safety_alarm_980.wav,safety_alarm,safety_alarm
safety_alarm_981.wav,safety_alarm,safety_alarm
safety_alarm_982.wav,safety_alarm,safety_alarm
safety_alarm_983.wav,safety_alarm,safety_alarm
safety_alarm_984.wav,safety_alarm,safety_alarm
safety_alarm_985.wav,safety_alarm,safety_alarm
safety_alarm_986.wav,safety_alarm,safety_alarm
safety_alarm_987.wav,safety_alarm,safety_alarm
safety_alarm_988.wav,safety_alarm,safety_alarm
safety_alarm_989.wav,safety_alarm,safety_alarm
safety_alarm_990.wav,safety_alarm,safety_alarm
safety_alarm_991.wav,safety_alarm,safety_alarm
safety_alarm_992.wav,safety_alarm,safety_alarm
safety_alarm_993.wav,safety_alarm,safety_alarm
safety_alarm_994.wav,tools,safety_alarm
safety_alarm_995.wav,safety_alarm,safety_alarm
safety_alarm_996.wav,safety_alarm,safety_alarm
safety_alarm_997.wav,safety_alarm,safety_alarm
safety_alarm_998.wav,safety_alarm,safety_alarm
safety_alarm_999.wav,safety_alarm,safety_alarm
safety_alarm_1000.wav,safety_alarm,safety_alarm
dog_1.wav,dog,dog
dog_2.wav,dog,dog
dog_3.wav,dog,dog
dog_4.wav,dog,dog
dog_5.wav,dog,dog
dog_6.wav,dog,dog
dog_7.wav,dog,dog
dog_8.wav,dog,dog
dog_9.wav,dog,dog
dog_10.wav,dog,dog
dog_11.wav,dog,dog
dog_12.wav,dog,dog
dog_13.wav,dog,dog
dog_14.wav,dog,dog
dog_15.wav,dog,dog
dog_16.wav,dog,dog
dog_17.wav,dog,dog
dog_18.wav,dog,dog
dog_19.wav,dog,dog
dog_20.wav,dog,dog
dog_21.wav,dog,dog
dog_22.wav,dog,dog
dog_23.wav,dog,dog
dog_24.wav,dog,dog
dog_25.wav,dog,dog
dog_26.wav,dog,dog
dog_27.wav,dog,dog
dog_28.wav,dog,dog
dog_29.wav,dog,dog
dog_30.wav,dog,dog
dog_31.wav,dog,dog
dog_32.wav,dog,dog
dog_33.wav,dog,dog
dog_34.wav,dog,dog
dog_35.wav,dog,dog
dog_36.wav,dog,dog
dog_37.wav,dog,dog
dog_38.wav,dog,dog
dog_39.wav,dog,dog
dog_40.wav,dog,dog
dog_41.wav,dog,dog
dog_42.wav,dog,dog
dog_43.wav,dog,dog
dog_44.wav,dog,dog
dog_45.wav,dog,dog
dog_46.wav,dog,dog
dog_47.wav,dog,dog
dog_48.wav,dog,dog
dog_49.wav,dog,dog
dog_50.wav,dog,dog
dog_51.wav,dog,dog
dog_52.wav,dog,dog
dog_53.wav,dog,dog
dog_54.wav,dog,dog
dog_55.wav,dog,dog
dog_56.wav,dog,dog
dog_57.wav,dog,dog
dog_58.wav,dog,dog
dog_59.wav,dog,dog
dog_60.wav,dog,dog
dog_61.wav,dog,dog
dog_62.wav,dog,dog
dog_63.wav,dog,dog
dog_64.wav,dog,dog
dog_65.wav,dog,dog
dog_66.wav,dog,dog
dog_67.wav,dog,dog
dog_68.wav,dog,dog
dog_69.wav,dog,dog
dog_70.wav,dog,dog
dog_71.wav,dog,dog
dog_72.wav,dog,dog
dog_73.wav,dog,dog
dog_74.wav,dog,dog
dog_75.wav,dog,dog
dog_76.wav,dog,dog
dog_77.wav,dog,dog
dog_78.wav,dog,dog
dog_79.wav,dog,dog
dog_80.wav,dog,dog
dog_81.wav,dog,dog
dog_82.wav,dog,dog
dog_83.wav,dog,dog
dog_84.wav,dog,dog
dog_85.wav,dog,dog
dog_86.wav,dog,dog
dog_87.wav,dog,dog
dog_88.wav,dog,dog
dog_89.wav,dog,dog
dog_90.wav,dog,dog
dog_91.wav,dog,dog
dog_92.wav,dog,dog
dog_93.wav,dog,dog
dog_94.wav,dog,dog
dog_95.wav,dog,dog
dog_96.wav,dog,dog
dog_97.wav,dog,dog
dog_98.wav,dog,dog
dog_99.wav,dog,dog
dog_100.wav,dog,dog
dog_101.wav,dog,dog
dog_102.wav,dog,dog
dog_103.wav,dog,dog
dog_104.wav,dog,dog
dog_105.wav,dog,dog
dog_106.wav,dog,dog
dog_107.wav,dog,dog
dog_108.wav,dog,dog
dog_109.wav,dog,dog
dog_110.wav,dog,dog
dog_111.wav,dog,dog
dog_112.wav,dog,dog
dog_113.wav,dog,dog
dog_114.wav,dog,dog
dog_115.wav,dog,dog
dog_116.wav,dog,dog
dog_117.wav,dog,dog
dog_118.wav,dog,dog
dog_119.wav,dog,dog
dog_120.wav,dog,dog
dog_121.wav,dog,dog
dog_122.wav,dog,dog
dog_123.wav,dog,dog
dog_124.wav,dog,dog
dog_125.wav,dog,dog
dog_126.wav,dog,dog
dog_127.wav,dog,dog
dog_128.wav,dog,dog
dog_129.wav,dog,dog
dog_130.wav,dog,dog
dog_131.wav,dog,dog
dog_132.wav,dog,dog
dog_133.wav,dog,dog
dog_134.wav,dog,dog
dog_135.wav,dog,dog
dog_136.wav,dog,dog
dog_137.wav,dog,dog
dog_138.wav,dog,dog
dog_139.wav,dog,dog
dog_140.wav,dog,dog
dog_141.wav,dog,dog
dog_142.wav,dog,dog
dog_143.wav,dog,dog
dog_144.wav,dog,dog
dog_145.wav,dog,dog
dog_146.wav,dog,dog
dog_147.wav,dog,dog
dog_148.wav,dog,dog
dog_149.wav,dog,dog
dog_150.wav,dog,dog
dog_151.wav,dog,dog
dog_152.wav,dog,dog
dog_153.wav,dog,dog
dog_154.wav,dog,dog
dog_155.wav,dog,dog
dog_156.wav,dog,dog
dog_157.wav,dog,dog
dog_158.wav,dog,dog
dog_159.wav,dog,dog
dog_160.wav,dog,dog
dog_161.wav,dog,dog
dog_162.wav,dog,dog
dog_163.wav,dog,dog
dog_164.wav,dog,dog
dog_165.wav,dog,dog
dog_166.wav,dog,dog
dog_167.wav,dog,dog
dog_168.wav,dog,dog
dog_169.wav,dog,dog
dog_170.wav,dog,dog
dog_171.wav,dog,dog
dog_172.wav,dog,dog
dog_173.wav,dog,dog
dog_174.wav,dog,dog
dog_175.wav,dog,dog
dog_176.wav,dog,dog
dog_177.wav,dog,dog
dog_178.wav,dog,dog
dog_179.wav,dog,dog
dog_180.wav,dog,dog
dog_181.wav,dog,dog
dog_182.wav,dog,dog
dog_183.wav,dog,dog
dog_184.wav,dog,dog
dog_185.wav,dog,dog
dog_186.wav,dog,dog
dog_187.wav,dog,dog
dog_188.wav,dog,dog
dog_189.wav,dog,dog
dog_190.wav,dog,dog
dog_191.wav,dog,dog
dog_192.wav,dog,dog
dog_193.wav,dog,dog
dog_194.wav,dog,dog
dog_195.wav,dog,dog
dog_196.wav,dog,dog
dog_197.wav,dog,dog
dog_198.wav,dog,dog
dog_199.wav,dog,dog
dog_200.wav,dog,dog
dog_201.wav,dog,dog
dog_202.wav,dog,dog
dog_203.wav,dog,dog
dog_204.wav,dog,dog
dog_205.wav,dog,dog
dog_206.wav,dog,dog
dog_207.wav,dog,dog
dog_208.wav,dog,dog
dog_209.wav,dog,dog
dog_210.wav,dog,dog
dog_211.wav,dog,dog
dog_212.wav,dog,dog
dog_213.wav,dog,dog
dog_214.wav,dog,dog
dog_215.wav,dog,dog
dog_216.wav,dog,dog
dog_217.wav,dog,dog
dog_218.wav,dog,dog
dog_219.wav,dog,dog
dog_220.wav,dog,dog
dog_221.wav,dog,dog
dog_222.wav,dog,dog
dog_223.wav,dog,dog
dog_224.wav,dog,dog
dog_225.wav,dog,dog
dog_226.wav,dog,dog
dog_227.wav,dog,dog
dog_228.wav,dog,dog
dog_229.wav,dog,dog
dog_230.wav,dog,dog
dog_231.wav,dog,dog
dog_232.wav,dog,dog
dog_233.wav,dog,dog
dog_234.wav,dog,dog
dog_235.wav,dog,dog
dog_236.wav,dog,dog
dog_237.wav,dog,dog
dog_238.wav,dog,dog
dog_239.wav,dog,dog
dog_240.wav,dog,dog
dog_241.wav,dog,dog
dog_242.wav,dog,dog
dog_243.wav,dog,dog
dog_244.wav,dog,dog
dog_245.wav,dog,dog
dog_246.wav,dog,dog
dog_247.wav,dog,dog
dog_248.wav,dog,dog
dog_249.wav,dog,dog
dog_250.wav,dog,dog
dog_251.wav,dog,dog
dog_252.wav,dog,dog
dog_253.wav,dog,dog
dog_254.wav,dog,dog
dog_255.wav,dog,dog
dog_256.wav,dog,dog
dog_257.wav,dog,dog
dog_258.wav,dog,dog
dog_259.wav,dog,dog
dog_260.wav,dog,dog
dog_261.wav,dog,dog
dog_262.wav,dog,dog
dog_263.wav,dog,dog
dog_264.wav,dog,dog
dog_265.wav,dog,dog
dog_266.wav,dog,dog
dog_267.wav,dog,dog
dog_268.wav,dog,dog
dog_269.wav,dog,dog
dog_270.wav,dog,dog
dog_271.wav,dog,dog
dog_272.wav,dog,dog
dog_273.wav,dog,dog
dog_274.wav,dog,dog
dog_275.wav,dog,dog
dog_276.wav,dog,dog
dog_277.wav,dog,dog
dog_278.wav,dog,dog
dog_279.wav,dog,dog
dog_280.wav,dog,dog
dog_281.wav,dog,dog
dog_282.wav,dog,dog
dog_283.wav,dog,dog
dog_284.wav,dog,dog
dog_285.wav,dog,dog
dog_286.wav,dog,dog
dog_287.wav,dog,dog
dog_288.wav,dog,dog
dog_289.wav,dog,dog
dog_290.wav,dog,dog
dog_291.wav,dog,dog
dog_292.wav,dog,dog
dog_293.wav,dog,dog
dog_294.wav,dog,dog
dog_295.wav,dog,dog
dog_296.wav,dog,dog
dog_297.wav,dog,dog
dog_298.wav,dog,dog
dog_299.wav,dog,dog
dog_300.wav,dog,dog
dog_301.wav,dog,dog
dog_302.wav,dog,dog
dog_303.wav,dog,dog
dog_304.wav,dog,dog
dog_305.wav,dog,dog
dog_306.wav,dog,dog
dog_307.wav,dog,dog
dog_308.wav,dog,dog
dog_309.wav,dog,dog
dog_310.wav,dog,dog
dog_311.wav,dog,dog
dog_312.wav,dog,dog
dog_313.wav,dog,dog
dog_314.wav,dog,dog
dog_315.wav,dog,dog
dog_316.wav,dog,dog
dog_317.wav,dog,dog
dog_318.wav,dog,dog
dog_319.wav,dog,dog
dog_320.wav,dog,dog
dog_321.wav,dog,dog
dog_322.wav,dog,dog
dog_323.wav,dog,dog
dog_324.wav,dog,dog
dog_325.wav,dog,dog
dog_326.wav,dog,dog
dog_327.wav,dog,dog
dog_328.wav,dog,dog
dog_329.wav,dog,dog
dog_330.wav,dog,dog
dog_331.wav,dog,dog
dog_332.wav,dog,dog
dog_333.wav,dog,dog
dog_334.wav,dog,dog
dog_335.wav,dog,dog
dog_336.wav,dog,dog
dog_337.wav,dog,dog
dog_338.wav,dog,dog
dog_339.wav,dog,dog
dog_340.wav,dog,dog
dog_341.wav,dog,dog
dog_342.wav,dog,dog
dog_343.wav,dog,dog
dog_344.wav,dog,dog
dog_345.wav,dog,dog
dog_346.wav,dog,dog
dog_347.wav,dog,dog
dog_348.wav,dog,dog
dog_349.wav,dog,dog
dog_350.wav,dog,dog
dog_351.wav,dog,dog
dog_352.wav,dog,dog
dog_353.wav,dog,dog
dog_354.wav,dog,dog
dog_355.wav,dog,dog
dog_356.wav,dog,dog
dog_357.wav,dog,dog
dog_358.wav,dog,dog
dog_359.wav,dog,dog
dog_360.wav,dog,dog
dog_361.wav,dog,dog
dog_362.wav,dog,dog
dog_363.wav,dog,dog
dog_364.wav,dog,dog
dog_365.wav,dog,dog
dog_366.wav,dog,dog
dog_367.wav,dog,dog
dog_368.wav,dog,dog
dog_369.wav,dog,dog
dog_370.wav,dog,dog
dog_371.wav,dog,dog
dog_372.wav,dog,dog
dog_373.wav,dog,dog
dog_374.wav,dog,dog
dog_375.wav,dog,dog
dog_376.wav,dog,dog
dog_377.wav,dog,dog
dog_378.wav,dog,dog
dog_379.wav,dog,dog
dog_380.wav,dog,dog
dog_381.wav,dog,dog
dog_382.wav,dog,dog
dog_383.wav,dog,dog
dog_384.wav,dog,dog
dog_385.wav,dog,dog
dog_386.wav,dog,dog
dog_387.wav,dog,dog
dog_388.wav,dog,dog
dog_389.wav,dog,dog
dog_390.wav,dog,dog
dog_391.wav,dog,dog
dog_392.wav,dog,dog
dog_393.wav,dog,dog
dog_394.wav,dog,dog
dog_395.wav,dog,dog
dog_396.wav,dog,dog
dog_397.wav,dog,dog
dog_398.wav,dog,dog
dog_399.wav,dog,dog
dog_400.wav,dog,dog
dog_401.wav,dog,dog
dog_402.wav,dog,dog
dog_403.wav,dog,dog
dog_404.wav,dog,dog
dog_405.wav,dog,dog
dog_406.wav,dog,dog
dog_407.wav,dog,dog
dog_408.wav,dog,dog
dog_409.wav,dog,dog
dog_410.wav,dog,dog
dog_411.wav,dog,dog
dog_412.wav,dog,dog
dog_413.wav,dog,dog
dog_414.wav,dog,dog
dog_415.wav,dog,dog
dog_416.wav,dog,dog
dog_417.wav,dog,dog
dog_418.wav,dog,dog
dog_419.wav,dog,dog
dog_420.wav,dog,dog
dog_421.wav,dog,dog
dog_422.wav,dog,dog
dog_423.wav,dog,dog
dog_424.wav,dog,dog
dog_425.wav,dog,dog
dog_426.wav,dog,dog
dog_427.wav,dog,dog
dog_428.wav,dog,dog
dog_429.wav,dog,dog
dog_430.wav,dog,dog
dog_431.wav,dog,dog
dog_432.wav,dog,dog
dog_433.wav,dog,dog
dog_434.wav,dog,dog
dog_435.wav,dog,dog
dog_436.wav,dog,dog
dog_437.wav,dog,dog
dog_438.wav,dog,dog
dog_439.wav,dog,dog
dog_440.wav,dog,dog
dog_441.wav,dog,dog
dog_442.wav,dog,dog
dog_443.wav,dog,dog
dog_444.wav,dog,dog
dog_445.wav,dog,dog
dog_446.wav,dog,dog
dog_447.wav,dog,dog
dog_448.wav,dog,dog
dog_449.wav,dog,dog
dog_450.wav,dog,dog
dog_451.wav,dog,dog
dog_452.wav,dog,dog
dog_453.wav,dog,dog
dog_454.wav,dog,dog
dog_455.wav,dog,dog
dog_456.wav,dog,dog
dog_457.wav,dog,dog
dog_458.wav,dog,dog
dog_459.wav,dog,dog
dog_460.wav,dog,dog
dog_461.wav,dog,dog
dog_462.wav,dog,dog
dog_463.wav,dog,dog
dog_464.wav,dog,dog
dog_465.wav,dog,dog
dog_466.wav,dog,dog
dog_467.wav,dog,dog
dog_468.wav,dog,dog
dog_469.wav,dog,dog
dog_470.wav,dog,dog
dog_471.wav,dog,dog
dog_472.wav,dog,dog
dog_473.wav,dog,dog
dog_474.wav,dog,dog
dog_475.wav,dog,dog
dog_476.wav,dog,dog
dog_477.wav,dog,dog
dog_478.wav,dog,dog
dog_479.wav,dog,dog
dog_480.wav,dog,dog
dog_481.wav,dog,dog
dog_482.wav,dog,dog
dog_483.wav,dog,dog
dog_484.wav,dog,dog
dog_485.wav,dog,dog
dog_486.wav,dog,dog
dog_487.wav,dog,dog
dog_488.wav,dog,dog
dog_489.wav,dog,dog
dog_490.wav,dog,dog
dog_491.wav,dog,dog
dog_492.wav,dog,dog
dog_493.wav,dog,dog
dog_494.wav,dog,dog
dog_495.wav,dog,dog
dog_496.wav,dog,dog
dog_497.wav,dog,dog
dog_498.wav,dog,dog
dog_499.wav,dog,dog
dog_500.wav,dog,dog
dog_501.wav,dog,dog
dog_502.wav,dog,dog
dog_503.wav,dog,dog
dog_504.wav,dog,dog
dog_505.wav,dog,dog
dog_506.wav,dog,dog
dog_507.wav,dog,dog
dog_508.wav,dog,dog
dog_509.wav,dog,dog
dog_510.wav,dog,dog
dog_511.wav,dog,dog
dog_512.wav,dog,dog
dog_513.wav,dog,dog
dog_514.wav,dog,dog
dog_515.wav,dog,dog
dog_516.wav,dog,dog
dog_517.wav,dog,dog
dog_518.wav,dog,dog
dog_519.wav,dog,dog
dog_520.wav,dog,dog
dog_521.wav,dog,dog
dog_522.wav,dog,dog
dog_523.wav,dog,dog
dog_524.wav,dog,dog
dog_525.wav,dog,dog
dog_526.wav,dog,dog
dog_527.wav,dog,dog
dog_528.wav,dog,dog
dog_529.wav,dog,dog
dog_530.wav,dog,dog
dog_531.wav,dog,dog
dog_532.wav,dog,dog
dog_533.wav,dog,dog
dog_534.wav,dog,dog
dog_535.wav,dog,dog
dog_536.wav,dog,dog
dog_537.wav,dog,dog
dog_538.wav,dog,dog
dog_539.wav,dog,dog
dog_540.wav,dog,dog
dog_541.wav,dog,dog
dog_542.wav,dog,dog
dog_543.wav,dog,dog
dog_544.wav,dog,dog
dog_545.wav,dog,dog
dog_546.wav,dog,dog
dog_547.wav,dog,dog
dog_548.wav,dog,dog
dog_549.wav,dog,dog
dog_550.wav,dog,dog
dog_551.wav,dog,dog
dog_552.wav,dog,dog
dog_553.wav,dog,dog
dog_554.wav,dog,dog
dog_555.wav,dog,dog
dog_556.wav,dog,dog
dog_557.wav,dog,dog
dog_558.wav,dog,dog
dog_559.wav,dog,dog
dog_560.wav,dog,dog
dog_561.wav,dog,dog
dog_562.wav,dog,dog
dog_563.wav,dog,dog
dog_564.wav,dog,dog
dog_565.wav,dog,dog
dog_566.wav,dog,dog
dog_567.wav,dog,dog
dog_568.wav,dog,dog
dog_569.wav,dog,dog
dog_570.wav,dog,dog
dog_571.wav,dog,dog
dog_572.wav,dog,dog
dog_573.wav,dog,dog
dog_574.wav,dog,dog
dog_575.wav,dog,dog
dog_576.wav,dog,dog
dog_577.wav,dog,dog
dog_578.wav,dog,dog
dog_579.wav,dog,dog
dog_580.wav,dog,dog
dog_581.wav,dog,dog
dog_582.wav,dog,dog
dog_583.wav,dog,dog
dog_584.wav,dog,dog
dog_585.wav,dog,dog
dog_586.wav,dog,dog
dog_587.wav,dog,dog
dog_588.wav,dog,dog
dog_589.wav,dog,dog
dog_590.wav,dog,dog
dog_591.wav,dog,dog
dog_592.wav,dog,dog
dog_593.wav,dog,dog
dog_594.wav,dog,dog
dog_595.wav,dog,dog
dog_596.wav,dog,dog
dog_597.wav,dog,dog
dog_598.wav,dog,dog
dog_599.wav,dog,dog
dog_600.wav,dog,dog
dog_601.wav,dog,dog
dog_602.wav,dog,dog
dog_603.wav,dog,dog
dog_604.wav,dog,dog
dog_605.wav,dog,dog
dog_606.wav,dog,dog
dog_607.wav,dog,dog
dog_608.wav,dog,dog
dog_609.wav,dog,dog
dog_610.wav,dog,dog
dog_611.wav,dog,dog
dog_612.wav,dog,dog
dog_613.wav,dog,dog
dog_614.wav,dog,dog
dog_615.wav,dog,dog
dog_616.wav,dog,dog
dog_617.wav,dog,dog
dog_618.wav,dog,dog
dog_619.wav,dog,dog
dog_620.wav,dog,dog
dog_621.wav,dog,dog
dog_622.wav,dog,dog
dog_623.wav,dog,dog
dog_624.wav,dog,dog
dog_625.wav,dog,dog
dog_626.wav,dog,dog
dog_627.wav,dog,dog
dog_628.wav,dog,dog
dog_629.wav,dog,dog
dog_630.wav,dog,dog
dog_631.wav,dog,dog
dog_632.wav,dog,dog
dog_633.wav,dog,dog
dog_634.wav,dog,dog
dog_635.wav,dog,dog
dog_636.wav,dog,dog
dog_637.wav,dog,dog
dog_638.wav,dog,dog
dog_639.wav,dog,dog
dog_640.wav,dog,dog
dog_641.wav,dog,dog
dog_642.wav,dog,dog
dog_643.wav,dog,dog
dog_644.wav,dog,dog
dog_645.wav,dog,dog
dog_646.wav,dog,dog
dog_647.wav,dog,dog
dog_648.wav,dog,dog
dog_649.wav,dog,dog
dog_650.wav,dog,dog
dog_651.wav,dog,dog
dog_652.wav,dog,dog
dog_653.wav,dog,dog
dog_654.wav,dog,dog
dog_655.wav,dog,dog
dog_656.wav,dog,dog
dog_657.wav,dog,dog
dog_658.wav,dog,dog
dog_659.wav,dog,dog
dog_660.wav,dog,dog
dog_661.wav,dog,dog
dog_662.wav,dog,dog
dog_663.wav,dog,dog
dog_664.wav,dog,dog
dog_665.wav,dog,dog
dog_666.wav,dog,dog
dog_667.wav,dog,dog
dog_668.wav,dog,dog
dog_669.wav,dog,dog
dog_670.wav,dog,dog
dog_671.wav,dog,dog
dog_672.wav,dog,dog
dog_673.wav,dog,dog
dog_674.wav,dog,dog
dog_675.wav,dog,dog
dog_676.wav,dog,dog
dog_677.wav,dog,dog
dog_678.wav,dog,dog
dog_679.wav,dog,dog
dog_680.wav,dog,dog
dog_681.wav,dog,dog
dog_682.wav,dog,dog
dog_683.wav,dog,dog
dog_684.wav,dog,dog
dog_685.wav,dog,dog
dog_686.wav,dog,dog
dog_687.wav,dog,dog
dog_688.wav,dog,dog
dog_689.wav,dog,dog
dog_690.wav,dog,dog
dog_691.wav,dog,dog
dog_692.wav,dog,dog
dog_693.wav,dog,dog
dog_694.wav,dog,dog
dog_695.wav,dog,dog
dog_696.wav,dog,dog
dog_697.wav,dog,dog
dog_698.wav,dog,dog
dog_699.wav,dog,dog
dog_700.wav,dog,dog
dog_701.wav,dog,dog
dog_702.wav,dog,dog
dog_703.wav,dog,dog
dog_704.wav,dog,dog
dog_705.wav,dog,dog
dog_706.wav,dog,dog
dog_707.wav,dog,dog
dog_708.wav,dog,dog
dog_709.wav,dog,dog
dog_710.wav,dog,dog
dog_711.wav,dog,dog
dog_712.wav,dog,dog
dog_713.wav,dog,dog
dog_714.wav,dog,dog
dog_715.wav,dog,dog
dog_716.wav,dog,dog
dog_717.wav,dog,dog
dog_718.wav,dog,dog
dog_719.wav,dog,dog
dog_720.wav,dog,dog
dog_721.wav,dog,dog
dog_722.wav,dog,dog
dog_723.wav,dog,dog
dog_724.wav,dog,dog
dog_725.wav,dog,dog
dog_726.wav,dog,dog
dog_727.wav,dog,dog
dog_728.wav,dog,dog
dog_729.wav,dog,dog
dog_730.wav,dog,dog
dog_731.wav,dog,dog
dog_732.wav,dog,dog
dog_733.wav,dog,dog
dog_734.wav,dog,dog
dog_735.wav,dog,dog
dog_736.wav,dog,dog
dog_737.wav,dog,dog
dog_738.wav,dog,dog
dog_739.wav,dog,dog
dog_740.wav,dog,dog
dog_741.wav,dog,dog
dog_742.wav,dog,dog
dog_743.wav,dog,dog
dog_744.wav,dog,dog
dog_745.wav,dog,dog
dog_746.wav,dog,dog
dog_747.wav,dog,dog
dog_748.wav,dog,dog
dog_749.wav,dog,dog
dog_750.wav,dog,dog
dog_751.wav,dog,dog
dog_752.wav,dog,dog
dog_753.wav,dog,dog
dog_754.wav,dog,dog
dog_755.wav,dog,dog
dog_756.wav,dog,dog
dog_757.wav,dog,dog
dog_758.wav,dog,dog
dog_759.wav,dog,dog
dog_760.wav,dog,dog
dog_761.wav,dog,dog
dog_762.wav,cat,dog
dog_763.wav,dog,dog
dog_764.wav,dog,dog
dog_765.wav,dog,dog
dog_766.wav,dog,dog
dog_767.wav,dog,dog
dog_768.wav,dog,dog
dog_769.wav,dog,dog
dog_770.wav,dog,dog
dog_771.wav,dog,dog
dog_772.wav,dog,dog
dog_773.wav,dog,dog
dog_774.wav,dog,dog
dog_775.wav,dog,dog
dog_776.wav,dog,dog
dog_777.wav,dog,dog
dog_778.wav,dog,dog
dog_779.wav,dog,dog
dog_780.wav,dog,dog
dog_781.wav,dog,dog
dog_782.wav,dog,dog
dog_783.wav,dog,dog
dog_784.wav,dog,dog
dog_785.wav,dog,dog
dog_786.wav,dog,dog
dog_787.wav,dog,dog
dog_788.wav,dog,dog
dog_789.wav,dog,dog
dog_790.wav,dog,dog
dog_791.wav,dog,dog
dog_792.wav,dog,dog
dog_793.wav,dog,dog
dog_794.wav,dog,dog
dog_795.wav,dog,dog
dog_796.wav,dog,dog
dog_797.wav,dog,dog
dog_798.wav,dog,dog
dog_799.wav,dog,dog
dog_800.wav,dog,dog
dog_801.wav,dog,dog
dog_802.wav,dog,dog
dog_803.wav,dog,dog
dog_804.wav,dog,dog
dog_805.wav,dog,dog
dog_806.wav,dog,dog
dog_807.wav,dog,dog
dog_808.wav,dog,dog
dog_809.wav,dog,dog
dog_810.wav,dog,dog
dog_811.wav,dog,dog
dog_812.wav,dog,dog
dog_813.wav,dog,dog
dog_814.wav,dog,dog
dog_815.wav,dog,dog
dog_816.wav,dog,dog
dog_817.wav,dog,dog
dog_818.wav,dog,dog
dog_819.wav,dog,dog
dog_820.wav,dog,dog
dog_821.wav,dog,dog
dog_822.wav,dog,dog
dog_823.wav,dog,dog
dog_824.wav,dog,dog
dog_825.wav,dog,dog
dog_826.wav,dog,dog
dog_827.wav,dog,dog
dog_828.wav,dog,dog
dog_829.wav,dog,dog
dog_830.wav,dog,dog
dog_831.wav,dog,dog
dog_832.wav,dog,dog
dog_833.wav,dog,dog
dog_834.wav,dog,dog
dog_835.wav,dog,dog
dog_836.wav,dog,dog
dog_837.wav,dog,dog
dog_838.wav,dog,dog
dog_839.wav,dog,dog
dog_840.wav,dog,dog
dog_841.wav,dog,dog
dog_842.wav,dog,dog
dog_843.wav,dog,dog
dog_844.wav,dog,dog
dog_845.wav,dog,dog
dog_846.wav,dog,dog
dog_847.wav,dog,dog
dog_848.wav,dog,dog
dog_849.wav,dog,dog
dog_850.wav,dog,dog
dog_851.wav,dog,dog
dog_852.wav,dog,dog
dog_853.wav,dog,dog
dog_854.wav,dog,dog
dog_855.wav,dog,dog
dog_856.wav,dog,dog
dog_857.wav,dog,dog
dog_858.wav,dog,dog
dog_859.wav,dog,dog
dog_860.wav,dog,dog
dog_861.wav,dog,dog
dog_862.wav,dog,dog
dog_863.wav,dog,dog
dog_864.wav,dog,dog
dog_865.wav,dog,dog
dog_866.wav,dog,dog
dog_867.wav,dog,dog
dog_868.wav,dog,dog
dog_869.wav,dog,dog
dog_870.wav,dog,dog
dog_871.wav,dog,dog
dog_872.wav,dog,dog
dog_873.wav,dog,dog
dog_874.wav,dog,dog
dog_875.wav,dog,dog
dog_876.wav,dog,dog
dog_877.wav,dog,dog
dog_878.wav,dog,dog
dog_879.wav,dog,dog
dog_880.wav,dog,dog
dog_881.wav,sneeze,dog
dog_882.wav,dog,dog
dog_883.wav,dog,dog
dog_884.wav,dog,dog
dog_885.wav,dog,dog
dog_886.wav,dog,dog
dog_887.wav,dog,dog
dog_888.wav,dog,dog
dog_889.wav,dog,dog
dog_890.wav,dog,dog
dog_891.wav,dog,dog
dog_892.wav,dog,dog
dog_893.wav,dog,dog
dog_894.wav,dog,dog
dog_895.wav,dog,dog
dog_896.wav,dog,dog
dog_897.wav,dog,dog
dog_898.wav,dog,dog
dog_899.wav,dog,dog
dog_900.wav,dog,dog
dog_901.wav,dog,dog
dog_902.wav,dog,dog
dog_903.wav,dog,dog
dog_904.wav,dog,dog
dog_905.wav,dog,dog
dog_906.wav,dog,dog
dog_907.wav,dog,dog
dog_908.wav,dog,dog
dog_909.wav,dog,dog
dog_910.wav,dog,dog
dog_911.wav,dog,dog
dog_912.wav,dog,dog
dog_913.wav,dog,dog
dog_914.wav,dog,dog
dog_915.wav,dog,dog
dog_916.wav,dog,dog
dog_917.wav,dog,dog
dog_918.wav,dog,dog
dog_919.wav,dog,dog
dog_920.wav,dog,dog
dog_921.wav,dog,dog
dog_922.wav,dog,dog
dog_923.wav,dog,dog
dog_924.wav,dog,dog
dog_925.wav,dog,dog
dog_926.wav,dog,dog
dog_927.wav,dog,dog
dog_928.wav,dog,dog
dog_929.wav,dog,dog
dog_930.wav,dog,dog
dog_931.wav,dog,dog
dog_932.wav,dog,dog
dog_933.wav,dog,dog
dog_934.wav,dog,dog
dog_935.wav,dog,dog
dog_936.wav,dog,dog
dog_937.wav,dog,dog
dog_938.wav,dog,dog
dog_939.wav,dog,dog
dog_940.wav,dog,dog
dog_941.wav,dog,dog
dog_942.wav,dog,dog
dog_943.wav,dog,dog
dog_944.wav,dog,dog
dog_945.wav,dog,dog
dog_946.wav,dog,dog
dog_947.wav,dog,dog
dog_948.wav,dog,dog
dog_949.wav,dog,dog
dog_950.wav,dog,dog
dog_951.wav,dog,dog
dog_952.wav,dog,dog
dog_953.wav,dog,dog
dog_954.wav,dog,dog
dog_955.wav,dog,dog
dog_956.wav,dog,dog
dog_957.wav,dog,dog
dog_958.wav,dog,dog
dog_959.wav,dog,dog
dog_960.wav,dog,dog
dog_961.wav,dog,dog
dog_962.wav,dog,dog
dog_963.wav,dog,dog
dog_964.wav,dog,dog
dog_965.wav,dog,dog
dog_966.wav,dog,dog
dog_967.wav,dog,dog
dog_968.wav,dog,dog
dog_969.wav,dog,dog
dog_970.wav,dog,dog
dog_971.wav,dog,dog
dog_972.wav,dog,dog
dog_973.wav,dog,dog
dog_974.wav,dog,dog
dog_975.wav,dog,dog
dog_976.wav,dog,dog
dog_977.wav,dog,dog
dog_978.wav,dog,dog
dog_979.wav,dog,dog
dog_980.wav,dog,dog
dog_981.wav,dog,dog
dog_982.wav,dog,dog
dog_983.wav,dog,dog
dog_984.wav,dog,dog
dog_985.wav,dog,dog
dog_986.wav,dog,dog
dog_987.wav,dog,dog
dog_988.wav,dog,dog
dog_989.wav,dog,dog
dog_990.wav,dog,dog
dog_991.wav,dog,dog
dog_992.wav,dog,dog
dog_993.wav,dog,dog
dog_994.wav,dog,dog
dog_995.wav,dog,dog
dog_996.wav,dog,dog
dog_997.wav,dog,dog
dog_998.wav,dog,dog
dog_999.wav,dog,dog
dog_1000.wav,dog,dog
stone_rock_1.wav,stone_rock,stone_rock
stone_rock_2.wav,stone_rock,stone_rock
stone_rock_3.wav,stone_rock,stone_rock
stone_rock_4.wav,stone_rock,stone_rock
stone_rock_5.wav,stone_rock,stone_rock
stone_rock_6.wav,stone_rock,stone_rock
stone_rock_7.wav,stone_rock,stone_rock
stone_rock_8.wav,safety_alarm,stone_rock
stone_rock_9.wav,safety_alarm,stone_rock
stone_rock_10.wav,stone_rock,stone_rock
stone_rock_11.wav,stone_rock,stone_rock
stone_rock_12.wav,stone_rock,stone_rock
stone_rock_13.wav,stone_rock,stone_rock
stone_rock_14.wav,stone_rock,stone_rock
stone_rock_15.wav,stone_rock,stone_rock
stone_rock_16.wav,stone_rock,stone_rock
stone_rock_17.wav,stone_rock,stone_rock
stone_rock_18.wav,stone_rock,stone_rock
stone_rock_19.wav,metal,stone_rock
stone_rock_20.wav,metal,stone_rock
stone_rock_21.wav,stone_rock,stone_rock
stone_rock_22.wav,stone_rock,stone_rock
stone_rock_23.wav,stone_rock,stone_rock
stone_rock_24.wav,stone_rock,stone_rock
stone_rock_25.wav,stone_rock,stone_rock
stone_rock_26.wav,stone_rock,stone_rock
stone_rock_27.wav,stone_rock,stone_rock
stone_rock_28.wav,stone_rock,stone_rock
stone_rock_29.wav,stone_rock,stone_rock
stone_rock_30.wav,stone_rock,stone_rock
stone_rock_31.wav,stone_rock,stone_rock
stone_rock_32.wav,stone_rock,stone_rock
stone_rock_33.wav,stone_rock,stone_rock
stone_rock_34.wav,stone_rock,stone_rock
stone_rock_35.wav,stone_rock,stone_rock
stone_rock_36.wav,stone_rock,stone_rock
stone_rock_37.wav,stone_rock,stone_rock
stone_rock_38.wav,stone_rock,stone_rock
stone_rock_39.wav,stone_rock,stone_rock
stone_rock_40.wav,stone_rock,stone_rock
stone_rock_41.wav,stone_rock,stone_rock
stone_rock_42.wav,stone_rock,stone_rock
stone_rock_43.wav,stone_rock,stone_rock
stone_rock_44.wav,stone_rock,stone_rock
stone_rock_45.wav,stone_rock,stone_rock
stone_rock_46.wav,stone_rock,stone_rock
stone_rock_47.wav,stone_rock,stone_rock
stone_rock_48.wav,stone_rock,stone_rock
stone_rock_49.wav,stone_rock,stone_rock
stone_rock_50.wav,stone_rock,stone_rock
stone_rock_51.wav,stone_rock,stone_rock
stone_rock_52.wav,stone_rock,stone_rock
stone_rock_53.wav,stone_rock,stone_rock
stone_rock_54.wav,stone_rock,stone_rock
stone_rock_55.wav,stone_rock,stone_rock
stone_rock_56.wav,stone_rock,stone_rock
stone_rock_57.wav,stone_rock,stone_rock
stone_rock_58.wav,stone_rock,stone_rock
stone_rock_59.wav,stone_rock,stone_rock
stone_rock_60.wav,stone_rock,stone_rock
stone_rock_61.wav,stone_rock,stone_rock
stone_rock_62.wav,stone_rock,stone_rock
stone_rock_63.wav,stone_rock,stone_rock
stone_rock_64.wav,metal,stone_rock
stone_rock_65.wav,metal,stone_rock
stone_rock_66.wav,stone_rock,stone_rock
stone_rock_67.wav,stone_rock,stone_rock
stone_rock_68.wav,stone_rock,stone_rock
stone_rock_69.wav,stone_rock,stone_rock
stone_rock_70.wav,stone_rock,stone_rock
stone_rock_71.wav,stone_rock,stone_rock
stone_rock_72.wav,stone_rock,stone_rock
stone_rock_73.wav,stone_rock,stone_rock
stone_rock_74.wav,stone_rock,stone_rock
stone_rock_75.wav,stone_rock,stone_rock
stone_rock_76.wav,stone_rock,stone_rock
stone_rock_77.wav,stone_rock,stone_rock
stone_rock_78.wav,stone_rock,stone_rock
stone_rock_79.wav,stone_rock,stone_rock
stone_rock_80.wav,stone_rock,stone_rock
stone_rock_81.wav,stone_rock,stone_rock
stone_rock_82.wav,stone_rock,stone_rock
stone_rock_83.wav,stone_rock,stone_rock
stone_rock_84.wav,stone_rock,stone_rock
stone_rock_85.wav,stone_rock,stone_rock
stone_rock_86.wav,stone_rock,stone_rock
stone_rock_87.wav,stone_rock,stone_rock
stone_rock_88.wav,stone_rock,stone_rock
stone_rock_89.wav,stone_rock,stone_rock
stone_rock_90.wav,stone_rock,stone_rock
stone_rock_91.wav,stone_rock,stone_rock
stone_rock_92.wav,stone_rock,stone_rock
stone_rock_93.wav,stone_rock,stone_rock
stone_rock_94.wav,stone_rock,stone_rock
stone_rock_95.wav,stone_rock,stone_rock
stone_rock_96.wav,stone_rock,stone_rock
stone_rock_97.wav,stone_rock,stone_rock
stone_rock_98.wav,stone_rock,stone_rock
stone_rock_99.wav,telephone_bell,stone_rock
stone_rock_100.wav,stone_rock,stone_rock
stone_rock_101.wav,stone_rock,stone_rock
stone_rock_102.wav,stone_rock,stone_rock
stone_rock_103.wav,stone_rock,stone_rock
stone_rock_104.wav,stone_rock,stone_rock
stone_rock_105.wav,stone_rock,stone_rock
stone_rock_106.wav,stone_rock,stone_rock
stone_rock_107.wav,stone_rock,stone_rock
stone_rock_108.wav,stone_rock,stone_rock
stone_rock_109.wav,stone_rock,stone_rock
stone_rock_110.wav,stone_rock,stone_rock
stone_rock_111.wav,stone_rock,stone_rock
stone_rock_112.wav,stone_rock,stone_rock
stone_rock_113.wav,stone_rock,stone_rock
stone_rock_114.wav,stone_rock,stone_rock
stone_rock_115.wav,stone_rock,stone_rock
stone_rock_116.wav,stone_rock,stone_rock
stone_rock_117.wav,stone_rock,stone_rock
stone_rock_118.wav,stone_rock,stone_rock
stone_rock_119.wav,stone_rock,stone_rock
stone_rock_120.wav,stone_rock,stone_rock
stone_rock_121.wav,stone_rock,stone_rock
stone_rock_122.wav,stone_rock,stone_rock
stone_rock_123.wav,stone_rock,stone_rock
stone_rock_124.wav,stone_rock,stone_rock
stone_rock_125.wav,stone_rock,stone_rock
stone_rock_126.wav,stone_rock,stone_rock
stone_rock_127.wav,stone_rock,stone_rock
stone_rock_128.wav,stone_rock,stone_rock
stone_rock_129.wav,stone_rock,stone_rock
stone_rock_130.wav,stone_rock,stone_rock
stone_rock_131.wav,stone_rock,stone_rock
stone_rock_132.wav,stone_rock,stone_rock
stone_rock_133.wav,stone_rock,stone_rock
stone_rock_134.wav,stone_rock,stone_rock
stone_rock_135.wav,stone_rock,stone_rock
stone_rock_136.wav,stone_rock,stone_rock
stone_rock_137.wav,stone_rock,stone_rock
stone_rock_138.wav,stone_rock,stone_rock
stone_rock_139.wav,telephone_bell,stone_rock
stone_rock_140.wav,stone_rock,stone_rock
stone_rock_141.wav,stone_rock,stone_rock
stone_rock_142.wav,stone_rock,stone_rock
stone_rock_143.wav,stone_rock,stone_rock
stone_rock_144.wav,stone_rock,stone_rock
stone_rock_145.wav,stone_rock,stone_rock
stone_rock_146.wav,stone_rock,stone_rock
stone_rock_147.wav,stone_rock,stone_rock
stone_rock_148.wav,stone_rock,stone_rock
stone_rock_149.wav,stone_rock,stone_rock
stone_rock_150.wav,stone_rock,stone_rock
stone_rock_151.wav,stone_rock,stone_rock
stone_rock_152.wav,metal,stone_rock
stone_rock_153.wav,stone_rock,stone_rock
stone_rock_154.wav,stone_rock,stone_rock
stone_rock_155.wav,stone_rock,stone_rock
stone_rock_156.wav,stone_rock,stone_rock
stone_rock_157.wav,stone_rock,stone_rock
stone_rock_158.wav,stone_rock,stone_rock
stone_rock_159.wav,stone_rock,stone_rock
stone_rock_160.wav,metal,stone_rock
stone_rock_161.wav,stone_rock,stone_rock
stone_rock_162.wav,stone_rock,stone_rock
stone_rock_163.wav,stone_rock,stone_rock
stone_rock_164.wav,stone_rock,stone_rock
stone_rock_165.wav,stone_rock,stone_rock
stone_rock_166.wav,stone_rock,stone_rock
stone_rock_167.wav,stone_rock,stone_rock
stone_rock_168.wav,stone_rock,stone_rock
stone_rock_169.wav,stone_rock,stone_rock
stone_rock_170.wav,stone_rock,stone_rock
stone_rock_171.wav,stone_rock,stone_rock
stone_rock_172.wav,metal,stone_rock
stone_rock_173.wav,metal,stone_rock
stone_rock_174.wav,stone_rock,stone_rock
stone_rock_175.wav,stone_rock,stone_rock
stone_rock_176.wav,stone_rock,stone_rock
stone_rock_177.wav,stone_rock,stone_rock
stone_rock_178.wav,stone_rock,stone_rock
stone_rock_179.wav,stone_rock,stone_rock
stone_rock_180.wav,stone_rock,stone_rock
stone_rock_181.wav,stone_rock,stone_rock
stone_rock_182.wav,stone_rock,stone_rock
stone_rock_183.wav,stone_rock,stone_rock
stone_rock_184.wav,metal,stone_rock
stone_rock_185.wav,stone_rock,stone_rock
stone_rock_186.wav,stone_rock,stone_rock
stone_rock_187.wav,stone_rock,stone_rock
stone_rock_188.wav,stone_rock,stone_rock
stone_rock_189.wav,stone_rock,stone_rock
stone_rock_190.wav,stone_rock,stone_rock
stone_rock_191.wav,stone_rock,stone_rock
stone_rock_192.wav,stone_rock,stone_rock
stone_rock_193.wav,stone_rock,stone_rock
stone_rock_194.wav,stone_rock,stone_rock
stone_rock_195.wav,stone_rock,stone_rock
stone_rock_196.wav,stone_rock,stone_rock
stone_rock_197.wav,stone_rock,stone_rock
stone_rock_198.wav,stone_rock,stone_rock
stone_rock_199.wav,safety_alarm,stone_rock
stone_rock_200.wav,stone_rock,stone_rock
stone_rock_201.wav,stone_rock,stone_rock
stone_rock_202.wav,stone_rock,stone_rock
stone_rock_203.wav,stone_rock,stone_rock
stone_rock_204.wav,stone_rock,stone_rock
stone_rock_205.wav,stone_rock,stone_rock
stone_rock_206.wav,stone_rock,stone_rock
stone_rock_207.wav,stone_rock,stone_rock
stone_rock_208.wav,stone_rock,stone_rock
stone_rock_209.wav,safety_alarm,stone_rock
stone_rock_210.wav,stone_rock,stone_rock
stone_rock_211.wav,stone_rock,stone_rock
stone_rock_212.wav,stone_rock,stone_rock
stone_rock_213.wav,stone_rock,stone_rock
stone_rock_214.wav,stone_rock,stone_rock
stone_rock_215.wav,stone_rock,stone_rock
stone_rock_216.wav,stone_rock,stone_rock
stone_rock_217.wav,stone_rock,stone_rock
stone_rock_218.wav,stone_rock,stone_rock
stone_rock_219.wav,stone_rock,stone_rock
stone_rock_220.wav,stone_rock,stone_rock
stone_rock_221.wav,stone_rock,stone_rock
stone_rock_222.wav,stone_rock,stone_rock
stone_rock_223.wav,stone_rock,stone_rock
stone_rock_224.wav,stone_rock,stone_rock
stone_rock_225.wav,stone_rock,stone_rock
stone_rock_226.wav,stone_rock,stone_rock
stone_rock_227.wav,stone_rock,stone_rock
stone_rock_228.wav,stone_rock,stone_rock
stone_rock_229.wav,stone_rock,stone_rock
stone_rock_230.wav,stone_rock,stone_rock
stone_rock_231.wav,stone_rock,stone_rock
stone_rock_232.wav,stone_rock,stone_rock
stone_rock_233.wav,stone_rock,stone_rock
stone_rock_234.wav,stone_rock,stone_rock
stone_rock_235.wav,stone_rock,stone_rock
stone_rock_236.wav,stone_rock,stone_rock
stone_rock_237.wav,stone_rock,stone_rock
stone_rock_238.wav,stone_rock,stone_rock
stone_rock_239.wav,stone_rock,stone_rock
stone_rock_240.wav,stone_rock,stone_rock
stone_rock_241.wav,stone_rock,stone_rock
stone_rock_242.wav,stone_rock,stone_rock
stone_rock_243.wav,stone_rock,stone_rock
stone_rock_244.wav,stone_rock,stone_rock
stone_rock_245.wav,stone_rock,stone_rock
stone_rock_246.wav,stone_rock,stone_rock
stone_rock_247.wav,stone_rock,stone_rock
stone_rock_248.wav,stone_rock,stone_rock
stone_rock_249.wav,stone_rock,stone_rock
stone_rock_250.wav,stone_rock,stone_rock
stone_rock_251.wav,stone_rock,stone_rock
stone_rock_252.wav,stone_rock,stone_rock
stone_rock_253.wav,stone_rock,stone_rock
stone_rock_254.wav,stone_rock,stone_rock
stone_rock_255.wav,stone_rock,stone_rock
stone_rock_256.wav,stone_rock,stone_rock
stone_rock_257.wav,stone_rock,stone_rock
stone_rock_258.wav,stone_rock,stone_rock
stone_rock_259.wav,stone_rock,stone_rock
stone_rock_260.wav,stone_rock,stone_rock
stone_rock_261.wav,stone_rock,stone_rock
stone_rock_262.wav,stone_rock,stone_rock
stone_rock_263.wav,stone_rock,stone_rock
stone_rock_264.wav,stone_rock,stone_rock
stone_rock_265.wav,stone_rock,stone_rock
stone_rock_266.wav,stone_rock,stone_rock
stone_rock_267.wav,stone_rock,stone_rock
stone_rock_268.wav,stone_rock,stone_rock
stone_rock_269.wav,stone_rock,stone_rock
stone_rock_270.wav,stone_rock,stone_rock
stone_rock_271.wav,stone_rock,stone_rock
stone_rock_272.wav,stone_rock,stone_rock
stone_rock_273.wav,stone_rock,stone_rock
stone_rock_274.wav,stone_rock,stone_rock
stone_rock_275.wav,stone_rock,stone_rock
stone_rock_276.wav,stone_rock,stone_rock
stone_rock_277.wav,stone_rock,stone_rock
stone_rock_278.wav,stone_rock,stone_rock
stone_rock_279.wav,metal,stone_rock
stone_rock_280.wav,stone_rock,stone_rock
stone_rock_281.wav,stone_rock,stone_rock
stone_rock_282.wav,stone_rock,stone_rock
stone_rock_283.wav,stone_rock,stone_rock
stone_rock_284.wav,stone_rock,stone_rock
stone_rock_285.wav,stone_rock,stone_rock
stone_rock_286.wav,stone_rock,stone_rock
stone_rock_287.wav,stone_rock,stone_rock
stone_rock_288.wav,stone_rock,stone_rock
stone_rock_289.wav,stone_rock,stone_rock
stone_rock_290.wav,stone_rock,stone_rock
stone_rock_291.wav,stone_rock,stone_rock
stone_rock_292.wav,stone_rock,stone_rock
stone_rock_293.wav,stone_rock,stone_rock
stone_rock_294.wav,stone_rock,stone_rock
stone_rock_295.wav,stone_rock,stone_rock
stone_rock_296.wav,stone_rock,stone_rock
stone_rock_297.wav,stone_rock,stone_rock
stone_rock_298.wav,stone_rock,stone_rock
stone_rock_299.wav,slap_smack,stone_rock
stone_rock_300.wav,stone_rock,stone_rock
stone_rock_301.wav,stone_rock,stone_rock
stone_rock_302.wav,stone_rock,stone_rock
stone_rock_303.wav,stone_rock,stone_rock
stone_rock_304.wav,stone_rock,stone_rock
stone_rock_305.wav,stone_rock,stone_rock
stone_rock_306.wav,stone_rock,stone_rock
stone_rock_307.wav,stone_rock,stone_rock
stone_rock_308.wav,stone_rock,stone_rock
stone_rock_309.wav,glass,stone_rock
stone_rock_310.wav,stone_rock,stone_rock
stone_rock_311.wav,stone_rock,stone_rock
stone_rock_312.wav,stone_rock,stone_rock
stone_rock_313.wav,stone_rock,stone_rock
stone_rock_314.wav,stone_rock,stone_rock
stone_rock_315.wav,stone_rock,stone_rock
stone_rock_316.wav,stone_rock,stone_rock
stone_rock_317.wav,stone_rock,stone_rock
stone_rock_318.wav,stone_rock,stone_rock
stone_rock_319.wav,stone_rock,stone_rock
stone_rock_320.wav,stone_rock,stone_rock
stone_rock_321.wav,stone_rock,stone_rock
stone_rock_322.wav,stone_rock,stone_rock
stone_rock_323.wav,stone_rock,stone_rock
stone_rock_324.wav,stone_rock,stone_rock
stone_rock_325.wav,metal,stone_rock
stone_rock_326.wav,stone_rock,stone_rock
stone_rock_327.wav,stone_rock,stone_rock
stone_rock_328.wav,stone_rock,stone_rock
stone_rock_329.wav,stone_rock,stone_rock
stone_rock_330.wav,stone_rock,stone_rock
stone_rock_331.wav,stone_rock,stone_rock
stone_rock_332.wav,stone_rock,stone_rock
stone_rock_333.wav,stone_rock,stone_rock
stone_rock_334.wav,stone_rock,stone_rock
stone_rock_335.wav,stone_rock,stone_rock
stone_rock_336.wav,stone_rock,stone_rock
stone_rock_337.wav,stone_rock,stone_rock
stone_rock_338.wav,stone_rock,stone_rock
stone_rock_339.wav,stone_rock,stone_rock
stone_rock_340.wav,stone_rock,stone_rock
stone_rock_341.wav,stone_rock,stone_rock
stone_rock_342.wav,stone_rock,stone_rock
stone_rock_343.wav,stone_rock,stone_rock
stone_rock_344.wav,stone_rock,stone_rock
stone_rock_345.wav,stone_rock,stone_rock
stone_rock_346.wav,stone_rock,stone_rock
stone_rock_347.wav,stone_rock,stone_rock
stone_rock_348.wav,stone_rock,stone_rock
stone_rock_349.wav,stone_rock,stone_rock
stone_rock_350.wav,stone_rock,stone_rock
stone_rock_351.wav,stone_rock,stone_rock
stone_rock_352.wav,stone_rock,stone_rock
stone_rock_353.wav,stone_rock,stone_rock
stone_rock_354.wav,stone_rock,stone_rock
stone_rock_355.wav,stone_rock,stone_rock
stone_rock_356.wav,stone_rock,stone_rock
stone_rock_357.wav,stone_rock,stone_rock
stone_rock_358.wav,stone_rock,stone_rock
stone_rock_359.wav,stone_rock,stone_rock
stone_rock_360.wav,stone_rock,stone_rock
stone_rock_361.wav,stone_rock,stone_rock
stone_rock_362.wav,stone_rock,stone_rock
stone_rock_363.wav,stone_rock,stone_rock
stone_rock_364.wav,stone_rock,stone_rock
stone_rock_365.wav,stone_rock,stone_rock
stone_rock_366.wav,stone_rock,stone_rock
stone_rock_367.wav,stone_rock,stone_rock
stone_rock_368.wav,stone_rock,stone_rock
stone_rock_369.wav,stone_rock,stone_rock
stone_rock_370.wav,stone_rock,stone_rock
stone_rock_371.wav,stone_rock,stone_rock
stone_rock_372.wav,stone_rock,stone_rock
stone_rock_373.wav,stone_rock,stone_rock
stone_rock_374.wav,stone_rock,stone_rock
stone_rock_375.wav,stone_rock,stone_rock
stone_rock_376.wav,metal,stone_rock
stone_rock_377.wav,stone_rock,stone_rock
stone_rock_378.wav,stone_rock,stone_rock
stone_rock_379.wav,stone_rock,stone_rock
stone_rock_380.wav,stone_rock,stone_rock
stone_rock_381.wav,stone_rock,stone_rock
stone_rock_382.wav,stone_rock,stone_rock
stone_rock_383.wav,metal,stone_rock
stone_rock_384.wav,stone_rock,stone_rock
stone_rock_385.wav,stone_rock,stone_rock
stone_rock_386.wav,stone_rock,stone_rock
stone_rock_387.wav,stone_rock,stone_rock
stone_rock_388.wav,stone_rock,stone_rock
stone_rock_389.wav,stone_rock,stone_rock
stone_rock_390.wav,slap_smack,stone_rock
stone_rock_391.wav,stone_rock,stone_rock
stone_rock_392.wav,stone_rock,stone_rock
stone_rock_393.wav,stone_rock,stone_rock
stone_rock_394.wav,stone_rock,stone_rock
stone_rock_395.wav,stone_rock,stone_rock
stone_rock_396.wav,stone_rock,stone_rock
stone_rock_397.wav,stone_rock,stone_rock
stone_rock_398.wav,metal,stone_rock
stone_rock_399.wav,stone_rock,stone_rock
stone_rock_400.wav,stone_rock,stone_rock
stone_rock_401.wav,stone_rock,stone_rock
stone_rock_402.wav,stone_rock,stone_rock
stone_rock_403.wav,stone_rock,stone_rock
stone_rock_404.wav,stone_rock,stone_rock
stone_rock_405.wav,stone_rock,stone_rock
stone_rock_406.wav,stone_rock,stone_rock
stone_rock_407.wav,stone_rock,stone_rock
stone_rock_408.wav,stone_rock,stone_rock
stone_rock_409.wav,stone_rock,stone_rock
stone_rock_410.wav,stone_rock,stone_rock
stone_rock_411.wav,stone_rock,stone_rock
stone_rock_412.wav,stone_rock,stone_rock
stone_rock_413.wav,stone_rock,stone_rock
stone_rock_414.wav,stone_rock,stone_rock
stone_rock_415.wav,stone_rock,stone_rock
stone_rock_416.wav,metal,stone_rock
stone_rock_417.wav,stone_rock,stone_rock
stone_rock_418.wav,stone_rock,stone_rock
stone_rock_419.wav,stone_rock,stone_rock
stone_rock_420.wav,stone_rock,stone_rock
stone_rock_421.wav,stone_rock,stone_rock
stone_rock_422.wav,stone_rock,stone_rock
stone_rock_423.wav,stone_rock,stone_rock
stone_rock_424.wav,stone_rock,stone_rock
stone_rock_425.wav,stone_rock,stone_rock
stone_rock_426.wav,stone_rock,stone_rock
stone_rock_427.wav,stone_rock,stone_rock
stone_rock_428.wav,stone_rock,stone_rock
stone_rock_429.wav,stone_rock,stone_rock
stone_rock_430.wav,stone_rock,stone_rock
stone_rock_431.wav,stone_rock,stone_rock
stone_rock_432.wav,stone_rock,stone_rock
stone_rock_433.wav,stone_rock,stone_rock
stone_rock_434.wav,stone_rock,stone_rock
stone_rock_435.wav,safety_alarm,stone_rock
stone_rock_436.wav,stone_rock,stone_rock
stone_rock_437.wav,stone_rock,stone_rock
stone_rock_438.wav,stone_rock,stone_rock
stone_rock_439.wav,stone_rock,stone_rock
stone_rock_440.wav,stone_rock,stone_rock
stone_rock_441.wav,telephone_bell,stone_rock
stone_rock_442.wav,stone_rock,stone_rock
stone_rock_443.wav,stone_rock,stone_rock
stone_rock_444.wav,stone_rock,stone_rock
stone_rock_445.wav,stone_rock,stone_rock
stone_rock_446.wav,stone_rock,stone_rock
stone_rock_447.wav,stone_rock,stone_rock
stone_rock_448.wav,stone_rock,stone_rock
stone_rock_449.wav,stone_rock,stone_rock
stone_rock_450.wav,stone_rock,stone_rock
stone_rock_451.wav,stone_rock,stone_rock
stone_rock_452.wav,stone_rock,stone_rock
stone_rock_453.wav,stone_rock,stone_rock
stone_rock_454.wav,stone_rock,stone_rock
stone_rock_455.wav,stone_rock,stone_rock
stone_rock_456.wav,stone_rock,stone_rock
stone_rock_457.wav,stone_rock,stone_rock
stone_rock_458.wav,stone_rock,stone_rock
stone_rock_459.wav,stone_rock,stone_rock
stone_rock_460.wav,stone_rock,stone_rock
stone_rock_461.wav,stone_rock,stone_rock
stone_rock_462.wav,safety_alarm,stone_rock
stone_rock_463.wav,stone_rock,stone_rock
stone_rock_464.wav,stone_rock,stone_rock
stone_rock_465.wav,stone_rock,stone_rock
stone_rock_466.wav,stone_rock,stone_rock
stone_rock_467.wav,stone_rock,stone_rock
stone_rock_468.wav,stone_rock,stone_rock
stone_rock_469.wav,stone_rock,stone_rock
stone_rock_470.wav,stone_rock,stone_rock
stone_rock_471.wav,stone_rock,stone_rock
stone_rock_472.wav,stone_rock,stone_rock
stone_rock_473.wav,stone_rock,stone_rock
stone_rock_474.wav,stone_rock,stone_rock
stone_rock_475.wav,stone_rock,stone_rock
stone_rock_476.wav,stone_rock,stone_rock
stone_rock_477.wav,stone_rock,stone_rock
stone_rock_478.wav,stone_rock,stone_rock
stone_rock_479.wav,stone_rock,stone_rock
stone_rock_480.wav,stone_rock,stone_rock
stone_rock_481.wav,stone_rock,stone_rock
stone_rock_482.wav,stone_rock,stone_rock
stone_rock_483.wav,stone_rock,stone_rock
stone_rock_484.wav,stone_rock,stone_rock
stone_rock_485.wav,stone_rock,stone_rock
stone_rock_486.wav,stone_rock,stone_rock
stone_rock_487.wav,telephone_bell,stone_rock
stone_rock_488.wav,stone_rock,stone_rock
stone_rock_489.wav,stone_rock,stone_rock
stone_rock_490.wav,stone_rock,stone_rock
stone_rock_491.wav,stone_rock,stone_rock
stone_rock_492.wav,stone_rock,stone_rock
stone_rock_493.wav,stone_rock,stone_rock
stone_rock_494.wav,stone_rock,stone_rock
stone_rock_495.wav,stone_rock,stone_rock
stone_rock_496.wav,stone_rock,stone_rock
stone_rock_497.wav,stone_rock,stone_rock
stone_rock_498.wav,stone_rock,stone_rock
stone_rock_499.wav,stone_rock,stone_rock
stone_rock_500.wav,stone_rock,stone_rock
stone_rock_501.wav,stone_rock,stone_rock
stone_rock_502.wav,stone_rock,stone_rock
stone_rock_503.wav,stone_rock,stone_rock
stone_rock_504.wav,stone_rock,stone_rock
stone_rock_505.wav,stone_rock,stone_rock
stone_rock_506.wav,stone_rock,stone_rock
stone_rock_507.wav,stone_rock,stone_rock
stone_rock_508.wav,stone_rock,stone_rock
stone_rock_509.wav,stone_rock,stone_rock
stone_rock_510.wav,stone_rock,stone_rock
stone_rock_511.wav,stone_rock,stone_rock
stone_rock_512.wav,stone_rock,stone_rock
stone_rock_513.wav,metal,stone_rock
stone_rock_514.wav,stone_rock,stone_rock
stone_rock_515.wav,stone_rock,stone_rock
stone_rock_516.wav,stone_rock,stone_rock
stone_rock_517.wav,stone_rock,stone_rock
stone_rock_518.wav,safety_alarm,stone_rock
stone_rock_519.wav,metal,stone_rock
stone_rock_520.wav,stone_rock,stone_rock
stone_rock_521.wav,stone_rock,stone_rock
stone_rock_522.wav,stone_rock,stone_rock
stone_rock_523.wav,stone_rock,stone_rock
stone_rock_524.wav,stone_rock,stone_rock
stone_rock_525.wav,glass,stone_rock
stone_rock_526.wav,stone_rock,stone_rock
stone_rock_527.wav,stone_rock,stone_rock
stone_rock_528.wav,stone_rock,stone_rock
stone_rock_529.wav,stone_rock,stone_rock
stone_rock_530.wav,stone_rock,stone_rock
stone_rock_531.wav,stone_rock,stone_rock
stone_rock_532.wav,stone_rock,stone_rock
stone_rock_533.wav,stone_rock,stone_rock
stone_rock_534.wav,stone_rock,stone_rock
stone_rock_535.wav,stone_rock,stone_rock
stone_rock_536.wav,stone_rock,stone_rock
stone_rock_537.wav,stone_rock,stone_rock
stone_rock_538.wav,stone_rock,stone_rock
stone_rock_539.wav,stone_rock,stone_rock
stone_rock_540.wav,stone_rock,stone_rock
stone_rock_541.wav,stone_rock,stone_rock
stone_rock_542.wav,stone_rock,stone_rock
stone_rock_543.wav,stone_rock,stone_rock
stone_rock_544.wav,stone_rock,stone_rock
stone_rock_545.wav,stone_rock,stone_rock
stone_rock_546.wav,stone_rock,stone_rock
stone_rock_547.wav,stone_rock,stone_rock
stone_rock_548.wav,stone_rock,stone_rock
stone_rock_549.wav,stone_rock,stone_rock
stone_rock_550.wav,stone_rock,stone_rock
stone_rock_551.wav,stone_rock,stone_rock
stone_rock_552.wav,stone_rock,stone_rock
stone_rock_553.wav,stone_rock,stone_rock
stone_rock_554.wav,stone_rock,stone_rock
stone_rock_555.wav,stone_rock,stone_rock
stone_rock_556.wav,stone_rock,stone_rock
stone_rock_557.wav,stone_rock,stone_rock
stone_rock_558.wav,stone_rock,stone_rock
stone_rock_559.wav,stone_rock,stone_rock
stone_rock_560.wav,stone_rock,stone_rock
stone_rock_561.wav,metal,stone_rock
stone_rock_562.wav,stone_rock,stone_rock
stone_rock_563.wav,stone_rock,stone_rock
stone_rock_564.wav,stone_rock,stone_rock
stone_rock_565.wav,stone_rock,stone_rock
stone_rock_566.wav,stone_rock,stone_rock
stone_rock_567.wav,stone_rock,stone_rock
stone_rock_568.wav,stone_rock,stone_rock
stone_rock_569.wav,stone_rock,stone_rock
stone_rock_570.wav,telephone_bell,stone_rock
stone_rock_571.wav,stone_rock,stone_rock
stone_rock_572.wav,stone_rock,stone_rock
stone_rock_573.wav,stone_rock,stone_rock
stone_rock_574.wav,stone_rock,stone_rock
stone_rock_575.wav,stone_rock,stone_rock
stone_rock_576.wav,stone_rock,stone_rock
stone_rock_577.wav,stone_rock,stone_rock
stone_rock_578.wav,stone_rock,stone_rock
stone_rock_579.wav,stone_rock,stone_rock
stone_rock_580.wav,stone_rock,stone_rock
stone_rock_581.wav,stone_rock,stone_rock
stone_rock_582.wav,stone_rock,stone_rock
stone_rock_583.wav,stone_rock,stone_rock
stone_rock_584.wav,stone_rock,stone_rock
stone_rock_585.wav,stone_rock,stone_rock
stone_rock_586.wav,stone_rock,stone_rock
stone_rock_587.wav,stone_rock,stone_rock
stone_rock_588.wav,stone_rock,stone_rock
stone_rock_589.wav,stone_rock,stone_rock
stone_rock_590.wav,stone_rock,stone_rock
stone_rock_591.wav,metal,stone_rock
stone_rock_592.wav,stone_rock,stone_rock
stone_rock_593.wav,stone_rock,stone_rock
stone_rock_594.wav,stone_rock,stone_rock
stone_rock_595.wav,stone_rock,stone_rock
stone_rock_596.wav,stone_rock,stone_rock
stone_rock_597.wav,stone_rock,stone_rock
stone_rock_598.wav,stone_rock,stone_rock
stone_rock_599.wav,stone_rock,stone_rock
stone_rock_600.wav,stone_rock,stone_rock
stone_rock_601.wav,stone_rock,stone_rock
stone_rock_602.wav,stone_rock,stone_rock
stone_rock_603.wav,stone_rock,stone_rock
stone_rock_604.wav,stone_rock,stone_rock
stone_rock_605.wav,stone_rock,stone_rock
stone_rock_606.wav,stone_rock,stone_rock
stone_rock_607.wav,stone_rock,stone_rock
stone_rock_608.wav,metal,stone_rock
stone_rock_609.wav,stone_rock,stone_rock
stone_rock_610.wav,stone_rock,stone_rock
stone_rock_611.wav,stone_rock,stone_rock
stone_rock_612.wav,stone_rock,stone_rock
stone_rock_613.wav,stone_rock,stone_rock
stone_rock_614.wav,stone_rock,stone_rock
stone_rock_615.wav,stone_rock,stone_rock
stone_rock_616.wav,slap_smack,stone_rock
stone_rock_617.wav,stone_rock,stone_rock
stone_rock_618.wav,stone_rock,stone_rock
stone_rock_619.wav,stone_rock,stone_rock
stone_rock_620.wav,stone_rock,stone_rock
stone_rock_621.wav,stone_rock,stone_rock
stone_rock_622.wav,slap_smack,stone_rock
stone_rock_623.wav,stone_rock,stone_rock
stone_rock_624.wav,stone_rock,stone_rock
stone_rock_625.wav,stone_rock,stone_rock
stone_rock_626.wav,stone_rock,stone_rock
stone_rock_627.wav,stone_rock,stone_rock
stone_rock_628.wav,stone_rock,stone_rock
stone_rock_629.wav,stone_rock,stone_rock
stone_rock_630.wav,stone_rock,stone_rock
stone_rock_631.wav,metal,stone_rock
stone_rock_632.wav,stone_rock,stone_rock
stone_rock_633.wav,stone_rock,stone_rock
stone_rock_634.wav,stone_rock,stone_rock
stone_rock_635.wav,stone_rock,stone_rock
stone_rock_636.wav,stone_rock,stone_rock
stone_rock_637.wav,stone_rock,stone_rock
stone_rock_638.wav,stone_rock,stone_rock
stone_rock_639.wav,stone_rock,stone_rock
stone_rock_640.wav,stone_rock,stone_rock
stone_rock_641.wav,stone_rock,stone_rock
stone_rock_642.wav,stone_rock,stone_rock
stone_rock_643.wav,stone_rock,stone_rock
stone_rock_644.wav,stone_rock,stone_rock
stone_rock_645.wav,stone_rock,stone_rock
stone_rock_646.wav,stone_rock,stone_rock
stone_rock_647.wav,stone_rock,stone_rock
stone_rock_648.wav,stone_rock,stone_rock
stone_rock_649.wav,stone_rock,stone_rock
stone_rock_650.wav,stone_rock,stone_rock
stone_rock_651.wav,stone_rock,stone_rock
stone_rock_652.wav,stone_rock,stone_rock
stone_rock_653.wav,stone_rock,stone_rock
stone_rock_654.wav,stone_rock,stone_rock
stone_rock_655.wav,stone_rock,stone_rock
stone_rock_656.wav,stone_rock,stone_rock
stone_rock_657.wav,stone_rock,stone_rock
stone_rock_658.wav,stone_rock,stone_rock
stone_rock_659.wav,stone_rock,stone_rock
stone_rock_660.wav,stone_rock,stone_rock
stone_rock_661.wav,stone_rock,stone_rock
stone_rock_662.wav,stone_rock,stone_rock
stone_rock_663.wav,stone_rock,stone_rock
stone_rock_664.wav,stone_rock,stone_rock
stone_rock_665.wav,stone_rock,stone_rock
stone_rock_666.wav,stone_rock,stone_rock
stone_rock_667.wav,stone_rock,stone_rock
stone_rock_668.wav,stone_rock,stone_rock
stone_rock_669.wav,stone_rock,stone_rock
stone_rock_670.wav,stone_rock,stone_rock
stone_rock_671.wav,stone_rock,stone_rock
stone_rock_672.wav,stone_rock,stone_rock
stone_rock_673.wav,stone_rock,stone_rock
stone_rock_674.wav,stone_rock,stone_rock
stone_rock_675.wav,stone_rock,stone_rock
stone_rock_676.wav,stone_rock,stone_rock
stone_rock_677.wav,stone_rock,stone_rock
stone_rock_678.wav,stone_rock,stone_rock
stone_rock_679.wav,stone_rock,stone_rock
stone_rock_680.wav,stone_rock,stone_rock
stone_rock_681.wav,stone_rock,stone_rock
stone_rock_682.wav,stone_rock,stone_rock
stone_rock_683.wav,stone_rock,stone_rock
stone_rock_684.wav,stone_rock,stone_rock
stone_rock_685.wav,stone_rock,stone_rock
stone_rock_686.wav,stone_rock,stone_rock
stone_rock_687.wav,stone_rock,stone_rock
stone_rock_688.wav,stone_rock,stone_rock
stone_rock_689.wav,stone_rock,stone_rock
stone_rock_690.wav,metal,stone_rock
stone_rock_691.wav,stone_rock,stone_rock
stone_rock_692.wav,stone_rock,stone_rock
stone_rock_693.wav,stone_rock,stone_rock
stone_rock_694.wav,stone_rock,stone_rock
stone_rock_695.wav,stone_rock,stone_rock
stone_rock_696.wav,stone_rock,stone_rock
stone_rock_697.wav,stone_rock,stone_rock
stone_rock_698.wav,stone_rock,stone_rock
stone_rock_699.wav,stone_rock,stone_rock
stone_rock_700.wav,safety_alarm,stone_rock
stone_rock_701.wav,stone_rock,stone_rock
stone_rock_702.wav,stone_rock,stone_rock
stone_rock_703.wav,stone_rock,stone_rock
stone_rock_704.wav,stone_rock,stone_rock
stone_rock_705.wav,stone_rock,stone_rock
stone_rock_706.wav,stone_rock,stone_rock
stone_rock_707.wav,stone_rock,stone_rock
stone_rock_708.wav,stone_rock,stone_rock
stone_rock_709.wav,stone_rock,stone_rock
stone_rock_710.wav,stone_rock,stone_rock
stone_rock_711.wav,safety_alarm,stone_rock
stone_rock_712.wav,stone_rock,stone_rock
stone_rock_713.wav,stone_rock,stone_rock
stone_rock_714.wav,stone_rock,stone_rock
stone_rock_715.wav,stone_rock,stone_rock
stone_rock_716.wav,stone_rock,stone_rock
stone_rock_717.wav,stone_rock,stone_rock
stone_rock_718.wav,stone_rock,stone_rock
stone_rock_719.wav,stone_rock,stone_rock
stone_rock_720.wav,stone_rock,stone_rock
stone_rock_721.wav,stone_rock,stone_rock
stone_rock_722.wav,stone_rock,stone_rock
stone_rock_723.wav,stone_rock,stone_rock
stone_rock_724.wav,stone_rock,stone_rock
stone_rock_725.wav,stone_rock,stone_rock
stone_rock_726.wav,stone_rock,stone_rock
stone_rock_727.wav,stone_rock,stone_rock
stone_rock_728.wav,stone_rock,stone_rock
stone_rock_729.wav,stone_rock,stone_rock
stone_rock_730.wav,stone_rock,stone_rock
stone_rock_731.wav,stone_rock,stone_rock
stone_rock_732.wav,stone_rock,stone_rock
stone_rock_733.wav,stone_rock,stone_rock
stone_rock_734.wav,stone_rock,stone_rock
stone_rock_735.wav,stone_rock,stone_rock
stone_rock_736.wav,stone_rock,stone_rock
stone_rock_737.wav,stone_rock,stone_rock
stone_rock_738.wav,stone_rock,stone_rock
stone_rock_739.wav,stone_rock,stone_rock
stone_rock_740.wav,stone_rock,stone_rock
stone_rock_741.wav,metal,stone_rock
stone_rock_742.wav,stone_rock,stone_rock
stone_rock_743.wav,stone_rock,stone_rock
stone_rock_744.wav,stone_rock,stone_rock
stone_rock_745.wav,stone_rock,stone_rock
stone_rock_746.wav,stone_rock,stone_rock
stone_rock_747.wav,stone_rock,stone_rock
stone_rock_748.wav,stone_rock,stone_rock
stone_rock_749.wav,stone_rock,stone_rock
stone_rock_750.wav,stone_rock,stone_rock
stone_rock_751.wav,stone_rock,stone_rock
stone_rock_752.wav,stone_rock,stone_rock
stone_rock_753.wav,stone_rock,stone_rock
stone_rock_754.wav,stone_rock,stone_rock
stone_rock_755.wav,stone_rock,stone_rock
stone_rock_756.wav,stone_rock,stone_rock
stone_rock_757.wav,stone_rock,stone_rock
stone_rock_758.wav,stone_rock,stone_rock
stone_rock_759.wav,stone_rock,stone_rock
stone_rock_760.wav,stone_rock,stone_rock
stone_rock_761.wav,stone_rock,stone_rock
stone_rock_762.wav,stone_rock,stone_rock
stone_rock_763.wav,stone_rock,stone_rock
stone_rock_764.wav,metal,stone_rock
stone_rock_765.wav,stone_rock,stone_rock
stone_rock_766.wav,stone_rock,stone_rock
stone_rock_767.wav,stone_rock,stone_rock
stone_rock_768.wav,stone_rock,stone_rock
stone_rock_769.wav,stone_rock,stone_rock
stone_rock_770.wav,stone_rock,stone_rock
stone_rock_771.wav,stone_rock,stone_rock
stone_rock_772.wav,stone_rock,stone_rock
stone_rock_773.wav,stone_rock,stone_rock
stone_rock_774.wav,stone_rock,stone_rock
stone_rock_775.wav,stone_rock,stone_rock
stone_rock_776.wav,stone_rock,stone_rock
stone_rock_777.wav,stone_rock,stone_rock
stone_rock_778.wav,stone_rock,stone_rock
stone_rock_779.wav,metal,stone_rock
stone_rock_780.wav,stone_rock,stone_rock
stone_rock_781.wav,stone_rock,stone_rock
stone_rock_782.wav,metal,stone_rock
stone_rock_783.wav,stone_rock,stone_rock
stone_rock_784.wav,stone_rock,stone_rock
stone_rock_785.wav,stone_rock,stone_rock
stone_rock_786.wav,stone_rock,stone_rock
stone_rock_787.wav,stone_rock,stone_rock
stone_rock_788.wav,stone_rock,stone_rock
stone_rock_789.wav,stone_rock,stone_rock
stone_rock_790.wav,stone_rock,stone_rock
stone_rock_791.wav,stone_rock,stone_rock
stone_rock_792.wav,stone_rock,stone_rock
stone_rock_793.wav,stone_rock,stone_rock
stone_rock_794.wav,stone_rock,stone_rock
stone_rock_795.wav,stone_rock,stone_rock
stone_rock_796.wav,stone_rock,stone_rock
stone_rock_797.wav,stone_rock,stone_rock
stone_rock_798.wav,stone_rock,stone_rock
stone_rock_799.wav,stone_rock,stone_rock
stone_rock_800.wav,stone_rock,stone_rock
stone_rock_801.wav,stone_rock,stone_rock
stone_rock_802.wav,stone_rock,stone_rock
stone_rock_803.wav,stone_rock,stone_rock
stone_rock_804.wav,stone_rock,stone_rock
stone_rock_805.wav,stone_rock,stone_rock
stone_rock_806.wav,stone_rock,stone_rock
stone_rock_807.wav,stone_rock,stone_rock
stone_rock_808.wav,stone_rock,stone_rock
stone_rock_809.wav,stone_rock,stone_rock
stone_rock_810.wav,stone_rock,stone_rock
stone_rock_811.wav,stone_rock,stone_rock
stone_rock_812.wav,stone_rock,stone_rock
stone_rock_813.wav,stone_rock,stone_rock
stone_rock_814.wav,stone_rock,stone_rock
stone_rock_815.wav,stone_rock,stone_rock
stone_rock_816.wav,stone_rock,stone_rock
stone_rock_817.wav,telephone_bell,stone_rock
stone_rock_818.wav,stone_rock,stone_rock
stone_rock_819.wav,stone_rock,stone_rock
stone_rock_820.wav,stone_rock,stone_rock
stone_rock_821.wav,stone_rock,stone_rock
stone_rock_822.wav,stone_rock,stone_rock
stone_rock_823.wav,stone_rock,stone_rock
stone_rock_824.wav,stone_rock,stone_rock
stone_rock_825.wav,stone_rock,stone_rock
stone_rock_826.wav,stone_rock,stone_rock
stone_rock_827.wav,stone_rock,stone_rock
stone_rock_828.wav,stone_rock,stone_rock
stone_rock_829.wav,stone_rock,stone_rock
stone_rock_830.wav,stone_rock,stone_rock
stone_rock_831.wav,stone_rock,stone_rock
stone_rock_832.wav,slap_smack,stone_rock
stone_rock_833.wav,stone_rock,stone_rock
stone_rock_834.wav,metal,stone_rock
stone_rock_835.wav,stone_rock,stone_rock
stone_rock_836.wav,safety_alarm,stone_rock
stone_rock_837.wav,stone_rock,stone_rock
stone_rock_838.wav,stone_rock,stone_rock
stone_rock_839.wav,stone_rock,stone_rock
stone_rock_840.wav,stone_rock,stone_rock
stone_rock_841.wav,stone_rock,stone_rock
stone_rock_842.wav,stone_rock,stone_rock
stone_rock_843.wav,stone_rock,stone_rock
stone_rock_844.wav,stone_rock,stone_rock
stone_rock_845.wav,stone_rock,stone_rock
stone_rock_846.wav,stone_rock,stone_rock
stone_rock_847.wav,stone_rock,stone_rock
stone_rock_848.wav,stone_rock,stone_rock
stone_rock_849.wav,stone_rock,stone_rock
stone_rock_850.wav,stone_rock,stone_rock
stone_rock_851.wav,stone_rock,stone_rock
stone_rock_852.wav,stone_rock,stone_rock
stone_rock_853.wav,stone_rock,stone_rock
stone_rock_854.wav,stone_rock,stone_rock
stone_rock_855.wav,stone_rock,stone_rock
stone_rock_856.wav,stone_rock,stone_rock
stone_rock_857.wav,stone_rock,stone_rock
stone_rock_858.wav,stone_rock,stone_rock
stone_rock_859.wav,stone_rock,stone_rock
stone_rock_860.wav,stone_rock,stone_rock
stone_rock_861.wav,stone_rock,stone_rock
stone_rock_862.wav,stone_rock,stone_rock
stone_rock_863.wav,stone_rock,stone_rock
stone_rock_864.wav,stone_rock,stone_rock
stone_rock_865.wav,stone_rock,stone_rock
stone_rock_866.wav,stone_rock,stone_rock
stone_rock_867.wav,stone_rock,stone_rock
stone_rock_868.wav,stone_rock,stone_rock
stone_rock_869.wav,stone_rock,stone_rock
stone_rock_870.wav,stone_rock,stone_rock
stone_rock_871.wav,stone_rock,stone_rock
stone_rock_872.wav,stone_rock,stone_rock
stone_rock_873.wav,stone_rock,stone_rock
stone_rock_874.wav,stone_rock,stone_rock
stone_rock_875.wav,stone_rock,stone_rock
stone_rock_876.wav,stone_rock,stone_rock
stone_rock_877.wav,stone_rock,stone_rock
stone_rock_878.wav,stone_rock,stone_rock
stone_rock_879.wav,stone_rock,stone_rock
stone_rock_880.wav,stone_rock,stone_rock
stone_rock_881.wav,stone_rock,stone_rock
stone_rock_882.wav,stone_rock,stone_rock
stone_rock_883.wav,stone_rock,stone_rock
stone_rock_884.wav,stone_rock,stone_rock
stone_rock_885.wav,stone_rock,stone_rock
stone_rock_886.wav,stone_rock,stone_rock
stone_rock_887.wav,stone_rock,stone_rock
stone_rock_888.wav,stone_rock,stone_rock
stone_rock_889.wav,stone_rock,stone_rock
stone_rock_890.wav,stone_rock,stone_rock
stone_rock_891.wav,stone_rock,stone_rock
stone_rock_892.wav,stone_rock,stone_rock
stone_rock_893.wav,stone_rock,stone_rock
stone_rock_894.wav,stone_rock,stone_rock
stone_rock_895.wav,stone_rock,stone_rock
stone_rock_896.wav,stone_rock,stone_rock
stone_rock_897.wav,stone_rock,stone_rock
stone_rock_898.wav,stone_rock,stone_rock
stone_rock_899.wav,stone_rock,stone_rock
stone_rock_900.wav,stone_rock,stone_rock
stone_rock_901.wav,stone_rock,stone_rock
stone_rock_902.wav,stone_rock,stone_rock
stone_rock_903.wav,stone_rock,stone_rock
stone_rock_904.wav,stone_rock,stone_rock
stone_rock_905.wav,stone_rock,stone_rock
stone_rock_906.wav,stone_rock,stone_rock
stone_rock_907.wav,stone_rock,stone_rock
stone_rock_908.wav,stone_rock,stone_rock
stone_rock_909.wav,stone_rock,stone_rock
stone_rock_910.wav,stone_rock,stone_rock
stone_rock_911.wav,stone_rock,stone_rock
stone_rock_912.wav,stone_rock,stone_rock
stone_rock_913.wav,stone_rock,stone_rock
stone_rock_914.wav,stone_rock,stone_rock
stone_rock_915.wav,stone_rock,stone_rock
stone_rock_916.wav,safety_alarm,stone_rock
stone_rock_917.wav,stone_rock,stone_rock
stone_rock_918.wav,stone_rock,stone_rock
stone_rock_919.wav,stone_rock,stone_rock
stone_rock_920.wav,stone_rock,stone_rock
stone_rock_921.wav,stone_rock,stone_rock
stone_rock_922.wav,stone_rock,stone_rock
stone_rock_923.wav,stone_rock,stone_rock
stone_rock_924.wav,stone_rock,stone_rock
stone_rock_925.wav,stone_rock,stone_rock
stone_rock_926.wav,stone_rock,stone_rock
stone_rock_927.wav,stone_rock,stone_rock
stone_rock_928.wav,stone_rock,stone_rock
stone_rock_929.wav,stone_rock,stone_rock
stone_rock_930.wav,stone_rock,stone_rock
stone_rock_931.wav,stone_rock,stone_rock
stone_rock_932.wav,stone_rock,stone_rock
stone_rock_933.wav,stone_rock,stone_rock
stone_rock_934.wav,stone_rock,stone_rock
stone_rock_935.wav,metal,stone_rock
stone_rock_936.wav,metal,stone_rock
stone_rock_937.wav,metal,stone_rock
stone_rock_938.wav,stone_rock,stone_rock
stone_rock_939.wav,stone_rock,stone_rock
stone_rock_940.wav,stone_rock,stone_rock
stone_rock_941.wav,stone_rock,stone_rock
stone_rock_942.wav,stone_rock,stone_rock
stone_rock_943.wav,stone_rock,stone_rock
stone_rock_944.wav,stone_rock,stone_rock
stone_rock_945.wav,stone_rock,stone_rock
stone_rock_946.wav,stone_rock,stone_rock
stone_rock_947.wav,stone_rock,stone_rock
stone_rock_948.wav,stone_rock,stone_rock
stone_rock_949.wav,stone_rock,stone_rock
stone_rock_950.wav,stone_rock,stone_rock
stone_rock_951.wav,stone_rock,stone_rock
stone_rock_952.wav,stone_rock,stone_rock
stone_rock_953.wav,stone_rock,stone_rock
stone_rock_954.wav,stone_rock,stone_rock
stone_rock_955.wav,stone_rock,stone_rock
stone_rock_956.wav,stone_rock,stone_rock
stone_rock_957.wav,stone_rock,stone_rock
stone_rock_958.wav,stone_rock,stone_rock
stone_rock_959.wav,stone_rock,stone_rock
stone_rock_960.wav,stone_rock,stone_rock
stone_rock_961.wav,stone_rock,stone_rock
stone_rock_962.wav,stone_rock,stone_rock
stone_rock_963.wav,stone_rock,stone_rock
stone_rock_964.wav,stone_rock,stone_rock
stone_rock_965.wav,stone_rock,stone_rock
stone_rock_966.wav,stone_rock,stone_rock
stone_rock_967.wav,stone_rock,stone_rock
stone_rock_968.wav,stone_rock,stone_rock
stone_rock_969.wav,stone_rock,stone_rock
stone_rock_970.wav,stone_rock,stone_rock
stone_rock_971.wav,stone_rock,stone_rock
stone_rock_972.wav,stone_rock,stone_rock
stone_rock_973.wav,stone_rock,stone_rock
stone_rock_974.wav,stone_rock,stone_rock
stone_rock_975.wav,stone_rock,stone_rock
stone_rock_976.wav,stone_rock,stone_rock
stone_rock_977.wav,stone_rock,stone_rock
stone_rock_978.wav,stone_rock,stone_rock
stone_rock_979.wav,stone_rock,stone_rock
stone_rock_980.wav,stone_rock,stone_rock
stone_rock_981.wav,stone_rock,stone_rock
stone_rock_982.wav,stone_rock,stone_rock
stone_rock_983.wav,safety_alarm,stone_rock
stone_rock_984.wav,stone_rock,stone_rock
stone_rock_985.wav,metal,stone_rock
stone_rock_986.wav,stone_rock,stone_rock
stone_rock_987.wav,stone_rock,stone_rock
stone_rock_988.wav,stone_rock,stone_rock
stone_rock_989.wav,stone_rock,stone_rock
stone_rock_990.wav,stone_rock,stone_rock
stone_rock_991.wav,stone_rock,stone_rock
stone_rock_992.wav,stone_rock,stone_rock
stone_rock_993.wav,stone_rock,stone_rock
stone_rock_994.wav,stone_rock,stone_rock
stone_rock_995.wav,stone_rock,stone_rock
stone_rock_996.wav,stone_rock,stone_rock
stone_rock_997.wav,stone_rock,stone_rock
stone_rock_998.wav,stone_rock,stone_rock
stone_rock_999.wav,stone_rock,stone_rock
stone_rock_1000.wav,stone_rock,stone_rock
siren_1.wav,siren,siren
siren_2.wav,siren,siren
siren_3.wav,siren,siren
siren_4.wav,siren,siren
siren_5.wav,siren,siren
siren_6.wav,siren,siren
siren_7.wav,siren,siren
siren_8.wav,siren,siren
siren_9.wav,siren,siren
siren_10.wav,siren,siren
siren_11.wav,siren,siren
siren_12.wav,siren,siren
siren_13.wav,siren,siren
siren_14.wav,siren,siren
siren_15.wav,siren,siren
siren_16.wav,siren,siren
siren_17.wav,siren,siren
siren_18.wav,siren,siren
siren_19.wav,siren,siren
siren_20.wav,siren,siren
siren_21.wav,siren,siren
siren_22.wav,siren,siren
siren_23.wav,siren,siren
siren_24.wav,siren,siren
siren_25.wav,siren,siren
siren_26.wav,siren,siren
siren_27.wav,siren,siren
siren_28.wav,siren,siren
siren_29.wav,siren,siren
siren_30.wav,siren,siren
siren_31.wav,siren,siren
siren_32.wav,siren,siren
siren_33.wav,siren,siren
siren_34.wav,siren,siren
siren_35.wav,siren,siren
siren_36.wav,siren,siren
siren_37.wav,siren,siren
siren_38.wav,siren,siren
siren_39.wav,siren,siren
siren_40.wav,siren,siren
siren_41.wav,siren,siren
siren_42.wav,siren,siren
siren_43.wav,siren,siren
siren_44.wav,siren,siren
siren_45.wav,siren,siren
siren_46.wav,siren,siren
siren_47.wav,siren,siren
siren_48.wav,siren,siren
siren_49.wav,siren,siren
siren_50.wav,siren,siren
siren_51.wav,siren,siren
siren_52.wav,siren,siren
siren_53.wav,siren,siren
siren_54.wav,siren,siren
siren_55.wav,siren,siren
siren_56.wav,siren,siren
siren_57.wav,siren,siren
siren_58.wav,screaming,siren
siren_59.wav,siren,siren
siren_60.wav,siren,siren
siren_61.wav,siren,siren
siren_62.wav,siren,siren
siren_63.wav,siren,siren
siren_64.wav,siren,siren
siren_65.wav,siren,siren
siren_66.wav,siren,siren
siren_67.wav,siren,siren
siren_68.wav,siren,siren
siren_69.wav,siren,siren
siren_70.wav,siren,siren
siren_71.wav,siren,siren
siren_72.wav,siren,siren
siren_73.wav,siren,siren
siren_74.wav,siren,siren
siren_75.wav,siren,siren
siren_76.wav,siren,siren
siren_77.wav,siren,siren
siren_78.wav,siren,siren
siren_79.wav,siren,siren
siren_80.wav,siren,siren
siren_81.wav,siren,siren
siren_82.wav,siren,siren
siren_83.wav,siren,siren
siren_84.wav,siren,siren
siren_85.wav,siren,siren
siren_86.wav,siren,siren
siren_87.wav,siren,siren
siren_88.wav,siren,siren
siren_89.wav,siren,siren
siren_90.wav,siren,siren
siren_91.wav,siren,siren
siren_92.wav,siren,siren
siren_93.wav,siren,siren
siren_94.wav,siren,siren
siren_95.wav,siren,siren
siren_96.wav,siren,siren
siren_97.wav,siren,siren
siren_98.wav,siren,siren
siren_99.wav,siren,siren
siren_100.wav,siren,siren
siren_101.wav,siren,siren
siren_102.wav,siren,siren
siren_103.wav,siren,siren
siren_104.wav,siren,siren
siren_105.wav,siren,siren
siren_106.wav,siren,siren
siren_107.wav,siren,siren
siren_108.wav,siren,siren
siren_109.wav,siren,siren
siren_110.wav,siren,siren
siren_111.wav,siren,siren
siren_112.wav,siren,siren
siren_113.wav,siren,siren
siren_114.wav,siren,siren
siren_115.wav,siren,siren
siren_116.wav,siren,siren
siren_117.wav,siren,siren
siren_118.wav,siren,siren
siren_119.wav,siren,siren
siren_120.wav,siren,siren
siren_121.wav,siren,siren
siren_122.wav,siren,siren
siren_123.wav,siren,siren
siren_124.wav,siren,siren
siren_125.wav,siren,siren
siren_126.wav,siren,siren
siren_127.wav,siren,siren
siren_128.wav,siren,siren
siren_129.wav,siren,siren
siren_130.wav,siren,siren
siren_131.wav,siren,siren
siren_132.wav,siren,siren
siren_133.wav,siren,siren
siren_134.wav,siren,siren
siren_135.wav,siren,siren
siren_136.wav,siren,siren
siren_137.wav,siren,siren
siren_138.wav,siren,siren
siren_139.wav,siren,siren
siren_140.wav,siren,siren
siren_141.wav,siren,siren
siren_142.wav,siren,siren
siren_143.wav,siren,siren
siren_144.wav,siren,siren
siren_145.wav,siren,siren
siren_146.wav,siren,siren
siren_147.wav,siren,siren
siren_148.wav,siren,siren
siren_149.wav,siren,siren
siren_150.wav,siren,siren
siren_151.wav,siren,siren
siren_152.wav,siren,siren
siren_153.wav,siren,siren
siren_154.wav,siren,siren
siren_155.wav,siren,siren
siren_156.wav,siren,siren
siren_157.wav,siren,siren
siren_158.wav,siren,siren
siren_159.wav,siren,siren
siren_160.wav,siren,siren
siren_161.wav,siren,siren
siren_162.wav,siren,siren
siren_163.wav,siren,siren
siren_164.wav,siren,siren
siren_165.wav,siren,siren
siren_166.wav,siren,siren
siren_167.wav,siren,siren
siren_168.wav,siren,siren
siren_169.wav,siren,siren
siren_170.wav,klaxon,siren
siren_171.wav,siren,siren
siren_172.wav,screaming,siren
siren_173.wav,siren,siren
siren_174.wav,siren,siren
siren_175.wav,siren,siren
siren_176.wav,siren,siren
siren_177.wav,siren,siren
siren_178.wav,siren,siren
siren_179.wav,siren,siren
siren_180.wav,siren,siren
siren_181.wav,siren,siren
siren_182.wav,siren,siren
siren_183.wav,siren,siren
siren_184.wav,siren,siren
siren_185.wav,siren,siren
siren_186.wav,siren,siren
siren_187.wav,siren,siren
siren_188.wav,siren,siren
siren_189.wav,siren,siren
siren_190.wav,siren,siren
siren_191.wav,siren,siren
siren_192.wav,siren,siren
siren_193.wav,siren,siren
siren_194.wav,siren,siren
siren_195.wav,siren,siren
siren_196.wav,siren,siren
siren_197.wav,siren,siren
siren_198.wav,siren,siren
siren_199.wav,siren,siren
siren_200.wav,siren,siren
siren_201.wav,siren,siren
siren_202.wav,siren,siren
siren_203.wav,siren,siren
siren_204.wav,siren,siren
siren_205.wav,siren,siren
siren_206.wav,siren,siren
siren_207.wav,siren,siren
siren_208.wav,siren,siren
siren_209.wav,siren,siren
siren_210.wav,siren,siren
siren_211.wav,siren,siren
siren_212.wav,screaming,siren
siren_213.wav,siren,siren
siren_214.wav,siren,siren
siren_215.wav,siren,siren
siren_216.wav,siren,siren
siren_217.wav,siren,siren
siren_218.wav,siren,siren
siren_219.wav,siren,siren
siren_220.wav,siren,siren
siren_221.wav,siren,siren
siren_222.wav,siren,siren
siren_223.wav,siren,siren
siren_224.wav,siren,siren
siren_225.wav,siren,siren
siren_226.wav,siren,siren
siren_227.wav,siren,siren
siren_228.wav,siren,siren
siren_229.wav,siren,siren
siren_230.wav,siren,siren
siren_231.wav,siren,siren
siren_232.wav,siren,siren
siren_233.wav,siren,siren
siren_234.wav,siren,siren
siren_235.wav,siren,siren
siren_236.wav,siren,siren
siren_237.wav,siren,siren
siren_238.wav,siren,siren
siren_239.wav,siren,siren
siren_240.wav,siren,siren
siren_241.wav,siren,siren
siren_242.wav,siren,siren
siren_243.wav,siren,siren
siren_244.wav,siren,siren
siren_245.wav,siren,siren
siren_246.wav,siren,siren
siren_247.wav,siren,siren
siren_248.wav,siren,siren
siren_249.wav,siren,siren
siren_250.wav,siren,siren
siren_251.wav,siren,siren
siren_252.wav,siren,siren
siren_253.wav,siren,siren
siren_254.wav,siren,siren
siren_255.wav,siren,siren
siren_256.wav,siren,siren
siren_257.wav,tools,siren
siren_258.wav,siren,siren
siren_259.wav,siren,siren
siren_260.wav,siren,siren
siren_261.wav,siren,siren
siren_262.wav,siren,siren
siren_263.wav,siren,siren
siren_264.wav,siren,siren
siren_265.wav,siren,siren
siren_266.wav,siren,siren
siren_267.wav,siren,siren
siren_268.wav,siren,siren
siren_269.wav,siren,siren
siren_270.wav,siren,siren
siren_271.wav,siren,siren
siren_272.wav,siren,siren
siren_273.wav,siren,siren
siren_274.wav,siren,siren
siren_275.wav,siren,siren
siren_276.wav,siren,siren
siren_277.wav,siren,siren
siren_278.wav,siren,siren
siren_279.wav,siren,siren
siren_280.wav,siren,siren
siren_281.wav,siren,siren
siren_282.wav,siren,siren
siren_283.wav,siren,siren
siren_284.wav,siren,siren
siren_285.wav,siren,siren
siren_286.wav,siren,siren
siren_287.wav,siren,siren
siren_288.wav,siren,siren
siren_289.wav,siren,siren
siren_290.wav,siren,siren
siren_291.wav,siren,siren
siren_292.wav,siren,siren
siren_293.wav,siren,siren
siren_294.wav,siren,siren
siren_295.wav,siren,siren
siren_296.wav,siren,siren
siren_297.wav,siren,siren
siren_298.wav,siren,siren
siren_299.wav,siren,siren
siren_300.wav,siren,siren
siren_301.wav,siren,siren
siren_302.wav,siren,siren
siren_303.wav,siren,siren
siren_304.wav,siren,siren
siren_305.wav,siren,siren
siren_306.wav,siren,siren
siren_307.wav,siren,siren
siren_308.wav,siren,siren
siren_309.wav,siren,siren
siren_310.wav,siren,siren
siren_311.wav,siren,siren
siren_312.wav,siren,siren
siren_313.wav,siren,siren
siren_314.wav,siren,siren
siren_315.wav,siren,siren
siren_316.wav,siren,siren
siren_317.wav,siren,siren
siren_318.wav,siren,siren
siren_319.wav,siren,siren
siren_320.wav,siren,siren
siren_321.wav,siren,siren
siren_322.wav,siren,siren
siren_323.wav,siren,siren
siren_324.wav,siren,siren
siren_325.wav,siren,siren
siren_326.wav,siren,siren
siren_327.wav,siren,siren
siren_328.wav,siren,siren
siren_329.wav,siren,siren
siren_330.wav,siren,siren
siren_331.wav,siren,siren
siren_332.wav,siren,siren
siren_333.wav,siren,siren
siren_334.wav,siren,siren
siren_335.wav,siren,siren
siren_336.wav,siren,siren
siren_337.wav,siren,siren
siren_338.wav,siren,siren
siren_339.wav,siren,siren
siren_340.wav,siren,siren
siren_341.wav,siren,siren
siren_342.wav,siren,siren
siren_343.wav,siren,siren
siren_344.wav,siren,siren
siren_345.wav,siren,siren
siren_346.wav,siren,siren
siren_347.wav,siren,siren
siren_348.wav,siren,siren
siren_349.wav,siren,siren
siren_350.wav,siren,siren
siren_351.wav,siren,siren
siren_352.wav,siren,siren
siren_353.wav,siren,siren
siren_354.wav,siren,siren
siren_355.wav,siren,siren
siren_356.wav,siren,siren
siren_357.wav,siren,siren
siren_358.wav,siren,siren
siren_359.wav,siren,siren
siren_360.wav,siren,siren
siren_361.wav,siren,siren
siren_362.wav,siren,siren
siren_363.wav,siren,siren
siren_364.wav,siren,siren
siren_365.wav,siren,siren
siren_366.wav,siren,siren
siren_367.wav,siren,siren
siren_368.wav,siren,siren
siren_369.wav,siren,siren
siren_370.wav,siren,siren
siren_371.wav,siren,siren
siren_372.wav,siren,siren
siren_373.wav,siren,siren
siren_374.wav,siren,siren
siren_375.wav,siren,siren
siren_376.wav,heavy_equipment,siren
siren_377.wav,siren,siren
siren_378.wav,siren,siren
siren_379.wav,siren,siren
siren_380.wav,siren,siren
siren_381.wav,siren,siren
siren_382.wav,siren,siren
siren_383.wav,siren,siren
siren_384.wav,siren,siren
siren_385.wav,siren,siren
siren_386.wav,siren,siren
siren_387.wav,siren,siren
siren_388.wav,siren,siren
siren_389.wav,siren,siren
siren_390.wav,siren,siren
siren_391.wav,siren,siren
siren_392.wav,siren,siren
siren_393.wav,siren,siren
siren_394.wav,siren,siren
siren_395.wav,tools,siren
siren_396.wav,siren,siren
siren_397.wav,siren,siren
siren_398.wav,siren,siren
siren_399.wav,siren,siren
siren_400.wav,siren,siren
siren_401.wav,siren,siren
siren_402.wav,siren,siren
siren_403.wav,siren,siren
siren_404.wav,siren,siren
siren_405.wav,siren,siren
siren_406.wav,siren,siren
siren_407.wav,siren,siren
siren_408.wav,siren,siren
siren_409.wav,siren,siren
siren_410.wav,siren,siren
siren_411.wav,siren,siren
siren_412.wav,siren,siren
siren_413.wav,siren,siren
siren_414.wav,siren,siren
siren_415.wav,siren,siren
siren_416.wav,siren,siren
siren_417.wav,siren,siren
siren_418.wav,siren,siren
siren_419.wav,siren,siren
siren_420.wav,siren,siren
siren_421.wav,siren,siren
siren_422.wav,siren,siren
siren_423.wav,siren,siren
siren_424.wav,siren,siren
siren_425.wav,siren,siren
siren_426.wav,siren,siren
siren_427.wav,siren,siren
siren_428.wav,siren,siren
siren_429.wav,siren,siren
siren_430.wav,siren,siren
siren_431.wav,siren,siren
siren_432.wav,siren,siren
siren_433.wav,siren,siren
siren_434.wav,siren,siren
siren_435.wav,siren,siren
siren_436.wav,siren,siren
siren_437.wav,siren,siren
siren_438.wav,siren,siren
siren_439.wav,siren,siren
siren_440.wav,siren,siren
siren_441.wav,siren,siren
siren_442.wav,siren,siren
siren_443.wav,siren,siren
siren_444.wav,siren,siren
siren_445.wav,siren,siren
siren_446.wav,siren,siren
siren_447.wav,siren,siren
siren_448.wav,siren,siren
siren_449.wav,siren,siren
siren_450.wav,siren,siren
siren_451.wav,siren,siren
siren_452.wav,siren,siren
siren_453.wav,siren,siren
siren_454.wav,siren,siren
siren_455.wav,siren,siren
siren_456.wav,siren,siren
siren_457.wav,siren,siren
siren_458.wav,siren,siren
siren_459.wav,siren,siren
siren_460.wav,siren,siren
siren_461.wav,siren,siren
siren_462.wav,siren,siren
siren_463.wav,siren,siren
siren_464.wav,siren,siren
siren_465.wav,siren,siren
siren_466.wav,siren,siren
siren_467.wav,siren,siren
siren_468.wav,siren,siren
siren_469.wav,siren,siren
siren_470.wav,siren,siren
siren_471.wav,siren,siren
siren_472.wav,siren,siren
siren_473.wav,siren,siren
siren_474.wav,siren,siren
siren_475.wav,siren,siren
siren_476.wav,siren,siren
siren_477.wav,siren,siren
siren_478.wav,siren,siren
siren_479.wav,siren,siren
siren_480.wav,siren,siren
siren_481.wav,siren,siren
siren_482.wav,siren,siren
siren_483.wav,siren,siren
siren_484.wav,siren,siren
siren_485.wav,siren,siren
siren_486.wav,siren,siren
siren_487.wav,siren,siren
siren_488.wav,siren,siren
siren_489.wav,siren,siren
siren_490.wav,siren,siren
siren_491.wav,siren,siren
siren_492.wav,siren,siren
siren_493.wav,siren,siren
siren_494.wav,siren,siren
siren_495.wav,siren,siren
siren_496.wav,siren,siren
siren_497.wav,siren,siren
siren_498.wav,siren,siren
siren_499.wav,siren,siren
siren_500.wav,siren,siren
siren_501.wav,siren,siren
siren_502.wav,siren,siren
siren_503.wav,siren,siren
siren_504.wav,siren,siren
siren_505.wav,siren,siren
siren_506.wav,siren,siren
siren_507.wav,siren,siren
siren_508.wav,siren,siren
siren_509.wav,siren,siren
siren_510.wav,siren,siren
siren_511.wav,siren,siren
siren_512.wav,siren,siren
siren_513.wav,siren,siren
siren_514.wav,siren,siren
siren_515.wav,siren,siren
siren_516.wav,siren,siren
siren_517.wav,siren,siren
siren_518.wav,siren,siren
siren_519.wav,siren,siren
siren_520.wav,siren,siren
siren_521.wav,siren,siren
siren_522.wav,siren,siren
siren_523.wav,siren,siren
siren_524.wav,siren,siren
siren_525.wav,siren,siren
siren_526.wav,siren,siren
siren_527.wav,siren,siren
siren_528.wav,siren,siren
siren_529.wav,siren,siren
siren_530.wav,siren,siren
siren_531.wav,siren,siren
siren_532.wav,siren,siren
siren_533.wav,siren,siren
siren_534.wav,siren,siren
siren_535.wav,siren,siren
siren_536.wav,siren,siren
siren_537.wav,siren,siren
siren_538.wav,siren,siren
siren_539.wav,siren,siren
siren_540.wav,siren,siren
siren_541.wav,siren,siren
siren_542.wav,siren,siren
siren_543.wav,siren,siren
siren_544.wav,siren,siren
siren_545.wav,siren,siren
siren_546.wav,siren,siren
siren_547.wav,siren,siren
siren_548.wav,siren,siren
siren_549.wav,siren,siren
siren_550.wav,siren,siren
siren_551.wav,siren,siren
siren_552.wav,siren,siren
siren_553.wav,siren,siren
siren_554.wav,siren,siren
siren_555.wav,siren,siren
siren_556.wav,siren,siren
siren_557.wav,siren,siren
siren_558.wav,siren,siren
siren_559.wav,siren,siren
siren_560.wav,siren,siren
siren_561.wav,siren,siren
siren_562.wav,siren,siren
siren_563.wav,siren,siren
siren_564.wav,siren,siren
siren_565.wav,siren,siren
siren_566.wav,siren,siren
siren_567.wav,siren,siren
siren_568.wav,siren,siren
siren_569.wav,siren,siren
siren_570.wav,siren,siren
siren_571.wav,siren,siren
siren_572.wav,siren,siren
siren_573.wav,siren,siren
siren_574.wav,siren,siren
siren_575.wav,siren,siren
siren_576.wav,siren,siren
siren_577.wav,siren,siren
siren_578.wav,siren,siren
siren_579.wav,siren,siren
siren_580.wav,siren,siren
siren_581.wav,siren,siren
siren_582.wav,siren,siren
siren_583.wav,siren,siren
siren_584.wav,siren,siren
siren_585.wav,siren,siren
siren_586.wav,siren,siren
siren_587.wav,siren,siren
siren_588.wav,siren,siren
siren_589.wav,siren,siren
siren_590.wav,siren,siren
siren_591.wav,siren,siren
siren_592.wav,siren,siren
siren_593.wav,siren,siren
siren_594.wav,siren,siren
siren_595.wav,siren,siren
siren_596.wav,siren,siren
siren_597.wav,siren,siren
siren_598.wav,siren,siren
siren_599.wav,siren,siren
siren_600.wav,siren,siren
siren_601.wav,siren,siren
siren_602.wav,siren,siren
siren_603.wav,siren,siren
siren_604.wav,siren,siren
siren_605.wav,siren,siren
siren_606.wav,siren,siren
siren_607.wav,siren,siren
siren_608.wav,siren,siren
siren_609.wav,siren,siren
siren_610.wav,siren,siren
siren_611.wav,siren,siren
siren_612.wav,siren,siren
siren_613.wav,siren,siren
siren_614.wav,siren,siren
siren_615.wav,siren,siren
siren_616.wav,siren,siren
siren_617.wav,siren,siren
siren_618.wav,siren,siren
siren_619.wav,siren,siren
siren_620.wav,siren,siren
siren_621.wav,siren,siren
siren_622.wav,siren,siren
siren_623.wav,siren,siren
siren_624.wav,telephone_bell,siren
siren_625.wav,siren,siren
siren_626.wav,siren,siren
siren_627.wav,siren,siren
siren_628.wav,siren,siren
siren_629.wav,siren,siren
siren_630.wav,siren,siren
siren_631.wav,siren,siren
siren_632.wav,siren,siren
siren_633.wav,siren,siren
siren_634.wav,siren,siren
siren_635.wav,siren,siren
siren_636.wav,siren,siren
siren_637.wav,siren,siren
siren_638.wav,siren,siren
siren_639.wav,siren,siren
siren_640.wav,siren,siren
siren_641.wav,siren,siren
siren_642.wav,siren,siren
siren_643.wav,siren,siren
siren_644.wav,siren,siren
siren_645.wav,siren,siren
siren_646.wav,siren,siren
siren_647.wav,siren,siren
siren_648.wav,siren,siren
siren_649.wav,siren,siren
siren_650.wav,siren,siren
siren_651.wav,siren,siren
siren_652.wav,siren,siren
siren_653.wav,siren,siren
siren_654.wav,siren,siren
siren_655.wav,siren,siren
siren_656.wav,siren,siren
siren_657.wav,siren,siren
siren_658.wav,siren,siren
siren_659.wav,siren,siren
siren_660.wav,siren,siren
siren_661.wav,siren,siren
siren_662.wav,siren,siren
siren_663.wav,siren,siren
siren_664.wav,siren,siren
siren_665.wav,siren,siren
siren_666.wav,siren,siren
siren_667.wav,siren,siren
siren_668.wav,siren,siren
siren_669.wav,siren,siren
siren_670.wav,siren,siren
siren_671.wav,siren,siren
siren_672.wav,siren,siren
siren_673.wav,siren,siren
siren_674.wav,siren,siren
siren_675.wav,siren,siren
siren_676.wav,siren,siren
siren_677.wav,siren,siren
siren_678.wav,siren,siren
siren_679.wav,siren,siren
siren_680.wav,siren,siren
siren_681.wav,siren,siren
siren_682.wav,siren,siren
siren_683.wav,siren,siren
siren_684.wav,siren,siren
siren_685.wav,siren,siren
siren_686.wav,siren,siren
siren_687.wav,siren,siren
siren_688.wav,siren,siren
siren_689.wav,siren,siren
siren_690.wav,siren,siren
siren_691.wav,siren,siren
siren_692.wav,siren,siren
siren_693.wav,siren,siren
siren_694.wav,siren,siren
siren_695.wav,siren,siren
siren_696.wav,siren,siren
siren_697.wav,siren,siren
siren_698.wav,siren,siren
siren_699.wav,tools,siren
siren_700.wav,siren,siren
siren_701.wav,siren,siren
siren_702.wav,siren,siren
siren_703.wav,siren,siren
siren_704.wav,siren,siren
siren_705.wav,siren,siren
siren_706.wav,siren,siren
siren_707.wav,siren,siren
siren_708.wav,siren,siren
siren_709.wav,siren,siren
siren_710.wav,siren,siren
siren_711.wav,siren,siren
siren_712.wav,siren,siren
siren_713.wav,siren,siren
siren_714.wav,siren,siren
siren_715.wav,siren,siren
siren_716.wav,siren,siren
siren_717.wav,siren,siren
siren_718.wav,siren,siren
siren_719.wav,siren,siren
siren_720.wav,siren,siren
siren_721.wav,siren,siren
siren_722.wav,siren,siren
siren_723.wav,siren,siren
siren_724.wav,siren,siren
siren_725.wav,siren,siren
siren_726.wav,siren,siren
siren_727.wav,siren,siren
siren_728.wav,siren,siren
siren_729.wav,siren,siren
siren_730.wav,siren,siren
siren_731.wav,siren,siren
siren_732.wav,siren,siren
siren_733.wav,siren,siren
siren_734.wav,siren,siren
siren_735.wav,siren,siren
siren_736.wav,siren,siren
siren_737.wav,siren,siren
siren_738.wav,siren,siren
siren_739.wav,siren,siren
siren_740.wav,siren,siren
siren_741.wav,siren,siren
siren_742.wav,siren,siren
siren_743.wav,siren,siren
siren_744.wav,siren,siren
siren_745.wav,siren,siren
siren_746.wav,siren,siren
siren_747.wav,siren,siren
siren_748.wav,siren,siren
siren_749.wav,siren,siren
siren_750.wav,siren,siren
siren_751.wav,siren,siren
siren_752.wav,siren,siren
siren_753.wav,siren,siren
siren_754.wav,siren,siren
siren_755.wav,siren,siren
siren_756.wav,siren,siren
siren_757.wav,siren,siren
siren_758.wav,siren,siren
siren_759.wav,siren,siren
siren_760.wav,siren,siren
siren_761.wav,siren,siren
siren_762.wav,siren,siren
siren_763.wav,siren,siren
siren_764.wav,siren,siren
siren_765.wav,siren,siren
siren_766.wav,siren,siren
siren_767.wav,siren,siren
siren_768.wav,siren,siren
siren_769.wav,siren,siren
siren_770.wav,siren,siren
siren_771.wav,klaxon,siren
siren_772.wav,siren,siren
siren_773.wav,siren,siren
siren_774.wav,siren,siren
siren_775.wav,siren,siren
siren_776.wav,siren,siren
siren_777.wav,siren,siren
siren_778.wav,siren,siren
siren_779.wav,siren,siren
siren_780.wav,siren,siren
siren_781.wav,siren,siren
siren_782.wav,siren,siren
siren_783.wav,siren,siren
siren_784.wav,siren,siren
siren_785.wav,siren,siren
siren_786.wav,siren,siren
siren_787.wav,siren,siren
siren_788.wav,siren,siren
siren_789.wav,siren,siren
siren_790.wav,siren,siren
siren_791.wav,siren,siren
siren_792.wav,siren,siren
siren_793.wav,siren,siren
siren_794.wav,siren,siren
siren_795.wav,siren,siren
siren_796.wav,siren,siren
siren_797.wav,siren,siren
siren_798.wav,siren,siren
siren_799.wav,siren,siren
siren_800.wav,siren,siren
siren_801.wav,siren,siren
siren_802.wav,siren,siren
siren_803.wav,siren,siren
siren_804.wav,siren,siren
siren_805.wav,siren,siren
siren_806.wav,siren,siren
siren_807.wav,siren,siren
siren_808.wav,siren,siren
siren_809.wav,siren,siren
siren_810.wav,siren,siren
siren_811.wav,siren,siren
siren_812.wav,siren,siren
siren_813.wav,siren,siren
siren_814.wav,siren,siren
siren_815.wav,siren,siren
siren_816.wav,siren,siren
siren_817.wav,siren,siren
siren_818.wav,siren,siren
siren_819.wav,siren,siren
siren_820.wav,klaxon,siren
siren_821.wav,siren,siren
siren_822.wav,siren,siren
siren_823.wav,siren,siren
siren_824.wav,siren,siren
siren_825.wav,siren,siren
siren_826.wav,siren,siren
siren_827.wav,siren,siren
siren_828.wav,siren,siren
siren_829.wav,siren,siren
siren_830.wav,siren,siren
siren_831.wav,siren,siren
siren_832.wav,siren,siren
siren_833.wav,siren,siren
siren_834.wav,siren,siren
siren_835.wav,siren,siren
siren_836.wav,siren,siren
siren_837.wav,siren,siren
siren_838.wav,siren,siren
siren_839.wav,siren,siren
siren_840.wav,siren,siren
siren_841.wav,siren,siren
siren_842.wav,siren,siren
siren_843.wav,siren,siren
siren_844.wav,siren,siren
siren_845.wav,siren,siren
siren_846.wav,siren,siren
siren_847.wav,siren,siren
siren_848.wav,siren,siren
siren_849.wav,siren,siren
siren_850.wav,siren,siren
siren_851.wav,siren,siren
siren_852.wav,siren,siren
siren_853.wav,siren,siren
siren_854.wav,siren,siren
siren_855.wav,siren,siren
siren_856.wav,siren,siren
siren_857.wav,siren,siren
siren_858.wav,siren,siren
siren_859.wav,siren,siren
siren_860.wav,siren,siren
siren_861.wav,siren,siren
siren_862.wav,siren,siren
siren_863.wav,siren,siren
siren_864.wav,siren,siren
siren_865.wav,siren,siren
siren_866.wav,siren,siren
siren_867.wav,siren,siren
siren_868.wav,screaming,siren
siren_869.wav,siren,siren
siren_870.wav,siren,siren
siren_871.wav,siren,siren
siren_872.wav,siren,siren
siren_873.wav,siren,siren
siren_874.wav,siren,siren
siren_875.wav,siren,siren
siren_876.wav,siren,siren
siren_877.wav,siren,siren
siren_878.wav,siren,siren
siren_879.wav,siren,siren
siren_880.wav,siren,siren
siren_881.wav,siren,siren
siren_882.wav,siren,siren
siren_883.wav,siren,siren
siren_884.wav,siren,siren
siren_885.wav,siren,siren
siren_886.wav,siren,siren
siren_887.wav,siren,siren
siren_888.wav,siren,siren
siren_889.wav,siren,siren
siren_890.wav,siren,siren
siren_891.wav,siren,siren
siren_892.wav,siren,siren
siren_893.wav,siren,siren
siren_894.wav,siren,siren
siren_895.wav,siren,siren
siren_896.wav,siren,siren
siren_897.wav,siren,siren
siren_898.wav,siren,siren
siren_899.wav,siren,siren
siren_900.wav,siren,siren
siren_901.wav,siren,siren
siren_902.wav,siren,siren
siren_903.wav,siren,siren
siren_904.wav,siren,siren
siren_905.wav,siren,siren
siren_906.wav,siren,siren
siren_907.wav,siren,siren
siren_908.wav,siren,siren
siren_909.wav,siren,siren
siren_910.wav,siren,siren
siren_911.wav,siren,siren
siren_912.wav,siren,siren
siren_913.wav,siren,siren
siren_914.wav,siren,siren
siren_915.wav,tools,siren
siren_916.wav,siren,siren
siren_917.wav,siren,siren
siren_918.wav,siren,siren
siren_919.wav,siren,siren
siren_920.wav,siren,siren
siren_921.wav,siren,siren
siren_922.wav,siren,siren
siren_923.wav,siren,siren
siren_924.wav,siren,siren
siren_925.wav,siren,siren
siren_926.wav,siren,siren
siren_927.wav,siren,siren
siren_928.wav,siren,siren
siren_929.wav,siren,siren
siren_930.wav,tools,siren
siren_931.wav,siren,siren
siren_932.wav,siren,siren
siren_933.wav,siren,siren
siren_934.wav,siren,siren
siren_935.wav,siren,siren
siren_936.wav,siren,siren
siren_937.wav,siren,siren
siren_938.wav,siren,siren
siren_939.wav,siren,siren
siren_940.wav,siren,siren
siren_941.wav,siren,siren
siren_942.wav,siren,siren
siren_943.wav,siren,siren
siren_944.wav,siren,siren
siren_945.wav,siren,siren
siren_946.wav,siren,siren
siren_947.wav,siren,siren
siren_948.wav,siren,siren
siren_949.wav,siren,siren
siren_950.wav,siren,siren
siren_951.wav,siren,siren
siren_952.wav,siren,siren
siren_953.wav,siren,siren
siren_954.wav,siren,siren
siren_955.wav,siren,siren
siren_956.wav,siren,siren
siren_957.wav,siren,siren
siren_958.wav,siren,siren
siren_959.wav,siren,siren
siren_960.wav,siren,siren
siren_961.wav,siren,siren
siren_962.wav,siren,siren
siren_963.wav,siren,siren
siren_964.wav,siren,siren
siren_965.wav,siren,siren
siren_966.wav,siren,siren
siren_967.wav,siren,siren
siren_968.wav,siren,siren
siren_969.wav,siren,siren
siren_970.wav,siren,siren
siren_971.wav,siren,siren
siren_972.wav,siren,siren
siren_973.wav,siren,siren
siren_974.wav,siren,siren
siren_975.wav,siren,siren
siren_976.wav,siren,siren
siren_977.wav,siren,siren
siren_978.wav,siren,siren
siren_979.wav,siren,siren
siren_980.wav,siren,siren
siren_981.wav,siren,siren
siren_982.wav,siren,siren
siren_983.wav,siren,siren
siren_984.wav,siren,siren
siren_985.wav,siren,siren
siren_986.wav,siren,siren
siren_987.wav,siren,siren
siren_988.wav,siren,siren
siren_989.wav,siren,siren
siren_990.wav,siren,siren
siren_991.wav,siren,siren
siren_992.wav,siren,siren
siren_993.wav,siren,siren
siren_994.wav,siren,siren
siren_995.wav,siren,siren
siren_996.wav,siren,siren
siren_997.wav,siren,siren
siren_998.wav,siren,siren
siren_999.wav,siren,siren
siren_1000.wav,siren,siren
screaming_1.wav,screaming,screaming
screaming_2.wav,screaming,screaming
screaming_3.wav,screaming,screaming
screaming_4.wav,screaming,screaming
screaming_5.wav,screaming,screaming
screaming_6.wav,screaming,screaming
screaming_7.wav,screaming,screaming
screaming_8.wav,screaming,screaming
screaming_9.wav,screaming,screaming
screaming_10.wav,screaming,screaming
screaming_11.wav,screaming,screaming
screaming_12.wav,screaming,screaming
screaming_13.wav,screaming,screaming
screaming_14.wav,screaming,screaming
screaming_15.wav,screaming,screaming
screaming_16.wav,screaming,screaming
screaming_17.wav,screaming,screaming
screaming_18.wav,screaming,screaming
screaming_19.wav,screaming,screaming
screaming_20.wav,screaming,screaming
screaming_21.wav,screaming,screaming
screaming_22.wav,screaming,screaming
screaming_23.wav,screaming,screaming
screaming_24.wav,screaming,screaming
screaming_25.wav,screaming,screaming
screaming_26.wav,screaming,screaming
screaming_27.wav,screaming,screaming
screaming_28.wav,screaming,screaming
screaming_29.wav,screaming,screaming
screaming_30.wav,screaming,screaming
screaming_31.wav,screaming,screaming
screaming_32.wav,screaming,screaming
screaming_33.wav,screaming,screaming
screaming_34.wav,screaming,screaming
screaming_35.wav,screaming,screaming
screaming_36.wav,screaming,screaming
screaming_37.wav,screaming,screaming
screaming_38.wav,screaming,screaming
screaming_39.wav,screaming,screaming
screaming_40.wav,screaming,screaming
screaming_41.wav,screaming,screaming
screaming_42.wav,screaming,screaming
screaming_43.wav,screaming,screaming
screaming_44.wav,screaming,screaming
screaming_45.wav,screaming,screaming
screaming_46.wav,screaming,screaming
screaming_47.wav,screaming,screaming
screaming_48.wav,screaming,screaming
screaming_49.wav,screaming,screaming
screaming_50.wav,screaming,screaming
screaming_51.wav,screaming,screaming
screaming_52.wav,screaming,screaming
screaming_53.wav,screaming,screaming
screaming_54.wav,screaming,screaming
screaming_55.wav,screaming,screaming
screaming_56.wav,screaming,screaming
screaming_57.wav,screaming,screaming
screaming_58.wav,screaming,screaming
screaming_59.wav,screaming,screaming
screaming_60.wav,screaming,screaming
screaming_61.wav,screaming,screaming
screaming_62.wav,screaming,screaming
screaming_63.wav,screaming,screaming
screaming_64.wav,screaming,screaming
screaming_65.wav,screaming,screaming
screaming_66.wav,screaming,screaming
screaming_67.wav,screaming,screaming
screaming_68.wav,screaming,screaming
screaming_69.wav,screaming,screaming
screaming_70.wav,screaming,screaming
screaming_71.wav,screaming,screaming
screaming_72.wav,screaming,screaming
screaming_73.wav,screaming,screaming
screaming_74.wav,screaming,screaming
screaming_75.wav,screaming,screaming
screaming_76.wav,screaming,screaming
screaming_77.wav,screaming,screaming
screaming_78.wav,screaming,screaming
screaming_79.wav,screaming,screaming
screaming_80.wav,screaming,screaming
screaming_81.wav,screaming,screaming
screaming_82.wav,screaming,screaming
screaming_83.wav,screaming,screaming
screaming_84.wav,screaming,screaming
screaming_85.wav,screaming,screaming
screaming_86.wav,screaming,screaming
screaming_87.wav,screaming,screaming
screaming_88.wav,screaming,screaming
screaming_89.wav,screaming,screaming
screaming_90.wav,screaming,screaming
screaming_91.wav,screaming,screaming
screaming_92.wav,screaming,screaming
screaming_93.wav,screaming,screaming
screaming_94.wav,screaming,screaming
screaming_95.wav,screaming,screaming
screaming_96.wav,screaming,screaming
screaming_97.wav,screaming,screaming
screaming_98.wav,screaming,screaming
screaming_99.wav,screaming,screaming
screaming_100.wav,screaming,screaming
screaming_101.wav,screaming,screaming
screaming_102.wav,screaming,screaming
screaming_103.wav,screaming,screaming
screaming_104.wav,screaming,screaming
screaming_105.wav,screaming,screaming
screaming_106.wav,screaming,screaming
screaming_107.wav,screaming,screaming
screaming_108.wav,screaming,screaming
screaming_109.wav,screaming,screaming
screaming_110.wav,screaming,screaming
screaming_111.wav,screaming,screaming
screaming_112.wav,screaming,screaming
screaming_113.wav,screaming,screaming
screaming_114.wav,screaming,screaming
screaming_115.wav,screaming,screaming
screaming_116.wav,screaming,screaming
screaming_117.wav,screaming,screaming
screaming_118.wav,screaming,screaming
screaming_119.wav,screaming,screaming
screaming_120.wav,screaming,screaming
screaming_121.wav,screaming,screaming
screaming_122.wav,screaming,screaming
screaming_123.wav,screaming,screaming
screaming_124.wav,screaming,screaming
screaming_125.wav,screaming,screaming
screaming_126.wav,screaming,screaming
screaming_127.wav,screaming,screaming
screaming_128.wav,screaming,screaming
screaming_129.wav,screaming,screaming
screaming_130.wav,screaming,screaming
screaming_131.wav,screaming,screaming
screaming_132.wav,cat,screaming
screaming_133.wav,screaming,screaming
screaming_134.wav,screaming,screaming
screaming_135.wav,screaming,screaming
screaming_136.wav,screaming,screaming
screaming_137.wav,screaming,screaming
screaming_138.wav,screaming,screaming
screaming_139.wav,screaming,screaming
screaming_140.wav,screaming,screaming
screaming_141.wav,screaming,screaming
screaming_142.wav,screaming,screaming
screaming_143.wav,screaming,screaming
screaming_144.wav,screaming,screaming
screaming_145.wav,screaming,screaming
screaming_146.wav,screaming,screaming
screaming_147.wav,screaming,screaming
screaming_148.wav,screaming,screaming
screaming_149.wav,screaming,screaming
screaming_150.wav,screaming,screaming
screaming_151.wav,screaming,screaming
screaming_152.wav,screaming,screaming
screaming_153.wav,screaming,screaming
screaming_154.wav,screaming,screaming
screaming_155.wav,screaming,screaming
screaming_156.wav,screaming,screaming
screaming_157.wav,screaming,screaming
screaming_158.wav,screaming,screaming
screaming_159.wav,screaming,screaming
screaming_160.wav,screaming,screaming
screaming_161.wav,screaming,screaming
screaming_162.wav,screaming,screaming
screaming_163.wav,screaming,screaming
screaming_164.wav,screaming,screaming
screaming_165.wav,screaming,screaming
screaming_166.wav,screaming,screaming
screaming_167.wav,screaming,screaming
screaming_168.wav,screaming,screaming
screaming_169.wav,screaming,screaming
screaming_170.wav,screaming,screaming
screaming_171.wav,screaming,screaming
screaming_172.wav,screaming,screaming
screaming_173.wav,screaming,screaming
screaming_174.wav,screaming,screaming
screaming_175.wav,screaming,screaming
screaming_176.wav,screaming,screaming
screaming_177.wav,screaming,screaming
screaming_178.wav,screaming,screaming
screaming_179.wav,screaming,screaming
screaming_180.wav,screaming,screaming
screaming_181.wav,screaming,screaming
screaming_182.wav,screaming,screaming
screaming_183.wav,screaming,screaming
screaming_184.wav,screaming,screaming
screaming_185.wav,screaming,screaming
screaming_186.wav,screaming,screaming
screaming_187.wav,screaming,screaming
screaming_188.wav,screaming,screaming
screaming_189.wav,screaming,screaming
screaming_190.wav,screaming,screaming
screaming_191.wav,screaming,screaming
screaming_192.wav,dog,screaming
screaming_193.wav,screaming,screaming
screaming_194.wav,screaming,screaming
screaming_195.wav,screaming,screaming
screaming_196.wav,screaming,screaming
screaming_197.wav,screaming,screaming
screaming_198.wav,screaming,screaming
screaming_199.wav,screaming,screaming
screaming_200.wav,screaming,screaming
screaming_201.wav,screaming,screaming
screaming_202.wav,screaming,screaming
screaming_203.wav,screaming,screaming
screaming_204.wav,screaming,screaming
screaming_205.wav,screaming,screaming
screaming_206.wav,screaming,screaming
screaming_207.wav,screaming,screaming
screaming_208.wav,screaming,screaming
screaming_209.wav,screaming,screaming
screaming_210.wav,screaming,screaming
screaming_211.wav,screaming,screaming
screaming_212.wav,screaming,screaming
screaming_213.wav,screaming,screaming
screaming_214.wav,screaming,screaming
screaming_215.wav,screaming,screaming
screaming_216.wav,screaming,screaming
screaming_217.wav,screaming,screaming
screaming_218.wav,screaming,screaming
screaming_219.wav,screaming,screaming
screaming_220.wav,screaming,screaming
screaming_221.wav,screaming,screaming
screaming_222.wav,screaming,screaming
screaming_223.wav,screaming,screaming
screaming_224.wav,screaming,screaming
screaming_225.wav,screaming,screaming
screaming_226.wav,screaming,screaming
screaming_227.wav,screaming,screaming
screaming_228.wav,screaming,screaming
screaming_229.wav,screaming,screaming
screaming_230.wav,screaming,screaming
screaming_231.wav,screaming,screaming
screaming_232.wav,screaming,screaming
screaming_233.wav,screaming,screaming
screaming_234.wav,screaming,screaming
screaming_235.wav,screaming,screaming
screaming_236.wav,screaming,screaming
screaming_237.wav,screaming,screaming
screaming_238.wav,screaming,screaming
screaming_239.wav,cat,screaming
screaming_240.wav,screaming,screaming
screaming_241.wav,screaming,screaming
screaming_242.wav,screaming,screaming
screaming_243.wav,screaming,screaming
screaming_244.wav,screaming,screaming
screaming_245.wav,screaming,screaming
screaming_246.wav,screaming,screaming
screaming_247.wav,screaming,screaming
screaming_248.wav,screaming,screaming
screaming_249.wav,screaming,screaming
screaming_250.wav,screaming,screaming
screaming_251.wav,screaming,screaming
screaming_252.wav,screaming,screaming
screaming_253.wav,screaming,screaming
screaming_254.wav,screaming,screaming
screaming_255.wav,screaming,screaming
screaming_256.wav,screaming,screaming
screaming_257.wav,screaming,screaming
screaming_258.wav,screaming,screaming
screaming_259.wav,screaming,screaming
screaming_260.wav,screaming,screaming
screaming_261.wav,screaming,screaming
screaming_262.wav,screaming,screaming
screaming_263.wav,screaming,screaming
screaming_264.wav,screaming,screaming
screaming_265.wav,screaming,screaming
screaming_266.wav,screaming,screaming
screaming_267.wav,screaming,screaming
screaming_268.wav,screaming,screaming
screaming_269.wav,screaming,screaming
screaming_270.wav,screaming,screaming
screaming_271.wav,screaming,screaming
screaming_272.wav,screaming,screaming
screaming_273.wav,screaming,screaming
screaming_274.wav,screaming,screaming
screaming_275.wav,screaming,screaming
screaming_276.wav,screaming,screaming
screaming_277.wav,screaming,screaming
screaming_278.wav,screaming,screaming
screaming_279.wav,screaming,screaming
screaming_280.wav,screaming,screaming
screaming_281.wav,screaming,screaming
screaming_282.wav,screaming,screaming
screaming_283.wav,screaming,screaming
screaming_284.wav,screaming,screaming
screaming_285.wav,screaming,screaming
screaming_286.wav,screaming,screaming
screaming_287.wav,screaming,screaming
screaming_288.wav,screaming,screaming
screaming_289.wav,screaming,screaming
screaming_290.wav,screaming,screaming
screaming_291.wav,screaming,screaming
screaming_292.wav,screaming,screaming
screaming_293.wav,screaming,screaming
screaming_294.wav,screaming,screaming
screaming_295.wav,screaming,screaming
screaming_296.wav,screaming,screaming
screaming_297.wav,screaming,screaming
screaming_298.wav,screaming,screaming
screaming_299.wav,screaming,screaming
screaming_300.wav,screaming,screaming
screaming_301.wav,screaming,screaming
screaming_302.wav,screaming,screaming
screaming_303.wav,screaming,screaming
screaming_304.wav,crying_sobbing_wail,screaming
screaming_305.wav,screaming,screaming
screaming_306.wav,screaming,screaming
screaming_307.wav,screaming,screaming
screaming_308.wav,screaming,screaming
screaming_309.wav,screaming,screaming
screaming_310.wav,screaming,screaming
screaming_311.wav,screaming,screaming
screaming_312.wav,screaming,screaming
screaming_313.wav,screaming,screaming
screaming_314.wav,screaming,screaming
screaming_315.wav,screaming,screaming
screaming_316.wav,screaming,screaming
screaming_317.wav,screaming,screaming
screaming_318.wav,screaming,screaming
screaming_319.wav,screaming,screaming
screaming_320.wav,screaming,screaming
screaming_321.wav,screaming,screaming
screaming_322.wav,screaming,screaming
screaming_323.wav,screaming,screaming
screaming_324.wav,screaming,screaming
screaming_325.wav,screaming,screaming
screaming_326.wav,screaming,screaming
screaming_327.wav,screaming,screaming
screaming_328.wav,screaming,screaming
screaming_329.wav,screaming,screaming
screaming_330.wav,screaming,screaming
screaming_331.wav,screaming,screaming
screaming_332.wav,screaming,screaming
screaming_333.wav,screaming,screaming
screaming_334.wav,screaming,screaming
screaming_335.wav,screaming,screaming
screaming_336.wav,screaming,screaming
screaming_337.wav,screaming,screaming
screaming_338.wav,screaming,screaming
screaming_339.wav,screaming,screaming
screaming_340.wav,screaming,screaming
screaming_341.wav,screaming,screaming
screaming_342.wav,screaming,screaming
screaming_343.wav,screaming,screaming
screaming_344.wav,screaming,screaming
screaming_345.wav,screaming,screaming
screaming_346.wav,screaming,screaming
screaming_347.wav,screaming,screaming
screaming_348.wav,screaming,screaming
screaming_349.wav,screaming,screaming
screaming_350.wav,screaming,screaming
screaming_351.wav,screaming,screaming
screaming_352.wav,screaming,screaming
screaming_353.wav,screaming,screaming
screaming_354.wav,screaming,screaming
screaming_355.wav,screaming,screaming
screaming_356.wav,screaming,screaming
screaming_357.wav,screaming,screaming
screaming_358.wav,screaming,screaming
screaming_359.wav,screaming,screaming
screaming_360.wav,screaming,screaming
screaming_361.wav,screaming,screaming
screaming_362.wav,screaming,screaming
screaming_363.wav,screaming,screaming
screaming_364.wav,screaming,screaming
screaming_365.wav,screaming,screaming
screaming_366.wav,screaming,screaming
screaming_367.wav,screaming,screaming
screaming_368.wav,screaming,screaming
screaming_369.wav,screaming,screaming
screaming_370.wav,screaming,screaming
screaming_371.wav,screaming,screaming
screaming_372.wav,screaming,screaming
screaming_373.wav,screaming,screaming
screaming_374.wav,screaming,screaming
screaming_375.wav,screaming,screaming
screaming_376.wav,screaming,screaming
screaming_377.wav,screaming,screaming
screaming_378.wav,screaming,screaming
screaming_379.wav,screaming,screaming
screaming_380.wav,screaming,screaming
screaming_381.wav,screaming,screaming
screaming_382.wav,screaming,screaming
screaming_383.wav,screaming,screaming
screaming_384.wav,screaming,screaming
screaming_385.wav,screaming,screaming
screaming_386.wav,screaming,screaming
screaming_387.wav,screaming,screaming
screaming_388.wav,screaming,screaming
screaming_389.wav,screaming,screaming
screaming_390.wav,screaming,screaming
screaming_391.wav,screaming,screaming
screaming_392.wav,screaming,screaming
screaming_393.wav,screaming,screaming
screaming_394.wav,screaming,screaming
screaming_395.wav,screaming,screaming
screaming_396.wav,screaming,screaming
screaming_397.wav,screaming,screaming
screaming_398.wav,screaming,screaming
screaming_399.wav,screaming,screaming
screaming_400.wav,screaming,screaming
screaming_401.wav,screaming,screaming
screaming_402.wav,screaming,screaming
screaming_403.wav,screaming,screaming
screaming_404.wav,screaming,screaming
screaming_405.wav,screaming,screaming
screaming_406.wav,screaming,screaming
screaming_407.wav,screaming,screaming
screaming_408.wav,screaming,screaming
screaming_409.wav,screaming,screaming
screaming_410.wav,screaming,screaming
screaming_411.wav,screaming,screaming
screaming_412.wav,screaming,screaming
screaming_413.wav,screaming,screaming
screaming_414.wav,screaming,screaming
screaming_415.wav,screaming,screaming
screaming_416.wav,screaming,screaming
screaming_417.wav,screaming,screaming
screaming_418.wav,screaming,screaming
screaming_419.wav,screaming,screaming
screaming_420.wav,screaming,screaming
screaming_421.wav,screaming,screaming
screaming_422.wav,screaming,screaming
screaming_423.wav,screaming,screaming
screaming_424.wav,screaming,screaming
screaming_425.wav,screaming,screaming
screaming_426.wav,screaming,screaming
screaming_427.wav,screaming,screaming
screaming_428.wav,screaming,screaming
screaming_429.wav,screaming,screaming
screaming_430.wav,screaming,screaming
screaming_431.wav,screaming,screaming
screaming_432.wav,screaming,screaming
screaming_433.wav,screaming,screaming
screaming_434.wav,screaming,screaming
screaming_435.wav,screaming,screaming
screaming_436.wav,screaming,screaming
screaming_437.wav,screaming,screaming
screaming_438.wav,screaming,screaming
screaming_439.wav,screaming,screaming
screaming_440.wav,screaming,screaming
screaming_441.wav,screaming,screaming
screaming_442.wav,screaming,screaming
screaming_443.wav,screaming,screaming
screaming_444.wav,screaming,screaming
screaming_445.wav,screaming,screaming
screaming_446.wav,screaming,screaming
screaming_447.wav,screaming,screaming
screaming_448.wav,screaming,screaming
screaming_449.wav,screaming,screaming
screaming_450.wav,screaming,screaming
screaming_451.wav,screaming,screaming
screaming_452.wav,screaming,screaming
screaming_453.wav,screaming,screaming
screaming_454.wav,screaming,screaming
screaming_455.wav,screaming,screaming
screaming_456.wav,screaming,screaming
screaming_457.wav,screaming,screaming
screaming_458.wav,screaming,screaming
screaming_459.wav,screaming,screaming
screaming_460.wav,screaming,screaming
screaming_461.wav,screaming,screaming
screaming_462.wav,screaming,screaming
screaming_463.wav,screaming,screaming
screaming_464.wav,screaming,screaming
screaming_465.wav,screaming,screaming
screaming_466.wav,screaming,screaming
screaming_467.wav,crying_sobbing_wail,screaming
screaming_468.wav,screaming,screaming
screaming_469.wav,screaming,screaming
screaming_470.wav,screaming,screaming
screaming_471.wav,screaming,screaming
screaming_472.wav,screaming,screaming
screaming_473.wav,screaming,screaming
screaming_474.wav,screaming,screaming
screaming_475.wav,screaming,screaming
screaming_476.wav,screaming,screaming
screaming_477.wav,screaming,screaming
screaming_478.wav,screaming,screaming
screaming_479.wav,screaming,screaming
screaming_480.wav,screaming,screaming
screaming_481.wav,screaming,screaming
screaming_482.wav,screaming,screaming
screaming_483.wav,screaming,screaming
screaming_484.wav,screaming,screaming
screaming_485.wav,screaming,screaming
screaming_486.wav,screaming,screaming
screaming_487.wav,screaming,screaming
screaming_488.wav,screaming,screaming
screaming_489.wav,screaming,screaming
screaming_490.wav,screaming,screaming
screaming_491.wav,screaming,screaming
screaming_492.wav,screaming,screaming
screaming_493.wav,screaming,screaming
screaming_494.wav,screaming,screaming
screaming_495.wav,screaming,screaming
screaming_496.wav,screaming,screaming
screaming_497.wav,screaming,screaming
screaming_498.wav,screaming,screaming
screaming_499.wav,screaming,screaming
screaming_500.wav,screaming,screaming
screaming_501.wav,screaming,screaming
screaming_502.wav,screaming,screaming
screaming_503.wav,screaming,screaming
screaming_504.wav,screaming,screaming
screaming_505.wav,screaming,screaming
screaming_506.wav,screaming,screaming
screaming_507.wav,screaming,screaming
screaming_508.wav,screaming,screaming
screaming_509.wav,screaming,screaming
screaming_510.wav,screaming,screaming
screaming_511.wav,screaming,screaming
screaming_512.wav,screaming,screaming
screaming_513.wav,screaming,screaming
screaming_514.wav,screaming,screaming
screaming_515.wav,screaming,screaming
screaming_516.wav,screaming,screaming
screaming_517.wav,screaming,screaming
screaming_518.wav,screaming,screaming
screaming_519.wav,screaming,screaming
screaming_520.wav,screaming,screaming
screaming_521.wav,screaming,screaming
screaming_522.wav,screaming,screaming
screaming_523.wav,screaming,screaming
screaming_524.wav,screaming,screaming
screaming_525.wav,screaming,screaming
screaming_526.wav,screaming,screaming
screaming_527.wav,screaming,screaming
screaming_528.wav,screaming,screaming
screaming_529.wav,screaming,screaming
screaming_530.wav,screaming,screaming
screaming_531.wav,screaming,screaming
screaming_532.wav,screaming,screaming
screaming_533.wav,screaming,screaming
screaming_534.wav,screaming,screaming
screaming_535.wav,screaming,screaming
screaming_536.wav,screaming,screaming
screaming_537.wav,screaming,screaming
screaming_538.wav,screaming,screaming
screaming_539.wav,screaming,screaming
screaming_540.wav,screaming,screaming
screaming_541.wav,screaming,screaming
screaming_542.wav,screaming,screaming
screaming_543.wav,screaming,screaming
screaming_544.wav,screaming,screaming
screaming_545.wav,screaming,screaming
screaming_546.wav,screaming,screaming
screaming_547.wav,screaming,screaming
screaming_548.wav,screaming,screaming
screaming_549.wav,screaming,screaming
screaming_550.wav,screaming,screaming
screaming_551.wav,screaming,screaming
screaming_552.wav,screaming,screaming
screaming_553.wav,screaming,screaming
screaming_554.wav,screaming,screaming
screaming_555.wav,screaming,screaming
screaming_556.wav,screaming,screaming
screaming_557.wav,screaming,screaming
screaming_558.wav,screaming,screaming
screaming_559.wav,screaming,screaming
screaming_560.wav,screaming,screaming
screaming_561.wav,screaming,screaming
screaming_562.wav,screaming,screaming
screaming_563.wav,screaming,screaming
screaming_564.wav,screaming,screaming
screaming_565.wav,screaming,screaming
screaming_566.wav,screaming,screaming
screaming_567.wav,screaming,screaming
screaming_568.wav,screaming,screaming
screaming_569.wav,screaming,screaming
screaming_570.wav,screaming,screaming
screaming_571.wav,screaming,screaming
screaming_572.wav,screaming,screaming
screaming_573.wav,screaming,screaming
screaming_574.wav,screaming,screaming
screaming_575.wav,screaming,screaming
screaming_576.wav,screaming,screaming
screaming_577.wav,screaming,screaming
screaming_578.wav,screaming,screaming
screaming_579.wav,screaming,screaming
screaming_580.wav,screaming,screaming
screaming_581.wav,screaming,screaming
screaming_582.wav,screaming,screaming
screaming_583.wav,screaming,screaming
screaming_584.wav,screaming,screaming
screaming_585.wav,screaming,screaming
screaming_586.wav,screaming,screaming
screaming_587.wav,screaming,screaming
screaming_588.wav,screaming,screaming
screaming_589.wav,screaming,screaming
screaming_590.wav,screaming,screaming
screaming_591.wav,screaming,screaming
screaming_592.wav,screaming,screaming
screaming_593.wav,screaming,screaming
screaming_594.wav,screaming,screaming
screaming_595.wav,screaming,screaming
screaming_596.wav,screaming,screaming
screaming_597.wav,screaming,screaming
screaming_598.wav,screaming,screaming
screaming_599.wav,screaming,screaming
screaming_600.wav,screaming,screaming
screaming_601.wav,screaming,screaming
screaming_602.wav,screaming,screaming
screaming_603.wav,screaming,screaming
screaming_604.wav,screaming,screaming
screaming_605.wav,screaming,screaming
screaming_606.wav,screaming,screaming
screaming_607.wav,screaming,screaming
screaming_608.wav,screaming,screaming
screaming_609.wav,screaming,screaming
screaming_610.wav,screaming,screaming
screaming_611.wav,screaming,screaming
screaming_612.wav,screaming,screaming
screaming_613.wav,screaming,screaming
screaming_614.wav,screaming,screaming
screaming_615.wav,screaming,screaming
screaming_616.wav,screaming,screaming
screaming_617.wav,screaming,screaming
screaming_618.wav,screaming,screaming
screaming_619.wav,screaming,screaming
screaming_620.wav,screaming,screaming
screaming_621.wav,screaming,screaming
screaming_622.wav,screaming,screaming
screaming_623.wav,screaming,screaming
screaming_624.wav,screaming,screaming
screaming_625.wav,screaming,screaming
screaming_626.wav,screaming,screaming
screaming_627.wav,screaming,screaming
screaming_628.wav,screaming,screaming
screaming_629.wav,screaming,screaming
screaming_630.wav,screaming,screaming
screaming_631.wav,screaming,screaming
screaming_632.wav,screaming,screaming
screaming_633.wav,screaming,screaming
screaming_634.wav,screaming,screaming
screaming_635.wav,screaming,screaming
screaming_636.wav,screaming,screaming
screaming_637.wav,screaming,screaming
screaming_638.wav,screaming,screaming
screaming_639.wav,screaming,screaming
screaming_640.wav,screaming,screaming
screaming_641.wav,screaming,screaming
screaming_642.wav,screaming,screaming
screaming_643.wav,screaming,screaming
screaming_644.wav,screaming,screaming
screaming_645.wav,screaming,screaming
screaming_646.wav,screaming,screaming
screaming_647.wav,screaming,screaming
screaming_648.wav,screaming,screaming
screaming_649.wav,screaming,screaming
screaming_650.wav,screaming,screaming
screaming_651.wav,screaming,screaming
screaming_652.wav,screaming,screaming
screaming_653.wav,screaming,screaming
screaming_654.wav,screaming,screaming
screaming_655.wav,screaming,screaming
screaming_656.wav,screaming,screaming
screaming_657.wav,screaming,screaming
screaming_658.wav,screaming,screaming
screaming_659.wav,screaming,screaming
screaming_660.wav,screaming,screaming
screaming_661.wav,screaming,screaming
screaming_662.wav,screaming,screaming
screaming_663.wav,screaming,screaming
screaming_664.wav,screaming,screaming
screaming_665.wav,screaming,screaming
screaming_666.wav,screaming,screaming
screaming_667.wav,screaming,screaming
screaming_668.wav,screaming,screaming
screaming_669.wav,screaming,screaming
screaming_670.wav,screaming,screaming
screaming_671.wav,screaming,screaming
screaming_672.wav,screaming,screaming
screaming_673.wav,screaming,screaming
screaming_674.wav,screaming,screaming
screaming_675.wav,screaming,screaming
screaming_676.wav,screaming,screaming
screaming_677.wav,screaming,screaming
screaming_678.wav,screaming,screaming
screaming_679.wav,screaming,screaming
screaming_680.wav,screaming,screaming
screaming_681.wav,screaming,screaming
screaming_682.wav,screaming,screaming
screaming_683.wav,screaming,screaming
screaming_684.wav,screaming,screaming
screaming_685.wav,screaming,screaming
screaming_686.wav,screaming,screaming
screaming_687.wav,screaming,screaming
screaming_688.wav,screaming,screaming
screaming_689.wav,screaming,screaming
screaming_690.wav,screaming,screaming
screaming_691.wav,screaming,screaming
screaming_692.wav,screaming,screaming
screaming_693.wav,screaming,screaming
screaming_694.wav,screaming,screaming
screaming_695.wav,screaming,screaming
screaming_696.wav,screaming,screaming
screaming_697.wav,screaming,screaming
screaming_698.wav,screaming,screaming
screaming_699.wav,screaming,screaming
screaming_700.wav,screaming,screaming
screaming_701.wav,screaming,screaming
screaming_702.wav,screaming,screaming
screaming_703.wav,screaming,screaming
screaming_704.wav,screaming,screaming
screaming_705.wav,screaming,screaming
screaming_706.wav,screaming,screaming
screaming_707.wav,screaming,screaming
screaming_708.wav,screaming,screaming
screaming_709.wav,screaming,screaming
screaming_710.wav,screaming,screaming
screaming_711.wav,screaming,screaming
screaming_712.wav,screaming,screaming
screaming_713.wav,screaming,screaming
screaming_714.wav,screaming,screaming
screaming_715.wav,screaming,screaming
screaming_716.wav,screaming,screaming
screaming_717.wav,screaming,screaming
screaming_718.wav,screaming,screaming
screaming_719.wav,crying_sobbing_wail,screaming
screaming_720.wav,screaming,screaming
screaming_721.wav,screaming,screaming
screaming_722.wav,screaming,screaming
screaming_723.wav,screaming,screaming
screaming_724.wav,screaming,screaming
screaming_725.wav,screaming,screaming
screaming_726.wav,screaming,screaming
screaming_727.wav,screaming,screaming
screaming_728.wav,screaming,screaming
screaming_729.wav,screaming,screaming
screaming_730.wav,screaming,screaming
screaming_731.wav,screaming,screaming
screaming_732.wav,screaming,screaming
screaming_733.wav,screaming,screaming
screaming_734.wav,screaming,screaming
screaming_735.wav,screaming,screaming
screaming_736.wav,screaming,screaming
screaming_737.wav,screaming,screaming
screaming_738.wav,screaming,screaming
screaming_739.wav,screaming,screaming
screaming_740.wav,screaming,screaming
screaming_741.wav,screaming,screaming
screaming_742.wav,screaming,screaming
screaming_743.wav,screaming,screaming
screaming_744.wav,screaming,screaming
screaming_745.wav,screaming,screaming
screaming_746.wav,screaming,screaming
screaming_747.wav,screaming,screaming
screaming_748.wav,screaming,screaming
screaming_749.wav,screaming,screaming
screaming_750.wav,screaming,screaming
screaming_751.wav,screaming,screaming
screaming_752.wav,screaming,screaming
screaming_753.wav,screaming,screaming
screaming_754.wav,screaming,screaming
screaming_755.wav,screaming,screaming
screaming_756.wav,screaming,screaming
screaming_757.wav,screaming,screaming
screaming_758.wav,screaming,screaming
screaming_759.wav,screaming,screaming
screaming_760.wav,screaming,screaming
screaming_761.wav,screaming,screaming
screaming_762.wav,screaming,screaming
screaming_763.wav,screaming,screaming
screaming_764.wav,screaming,screaming
screaming_765.wav,screaming,screaming
screaming_766.wav,screaming,screaming
screaming_767.wav,screaming,screaming
screaming_768.wav,screaming,screaming
screaming_769.wav,screaming,screaming
screaming_770.wav,screaming,screaming
screaming_771.wav,screaming,screaming
screaming_772.wav,screaming,screaming
screaming_773.wav,screaming,screaming
screaming_774.wav,screaming,screaming
screaming_775.wav,screaming,screaming
screaming_776.wav,screaming,screaming
screaming_777.wav,screaming,screaming
screaming_778.wav,screaming,screaming
screaming_779.wav,screaming,screaming
screaming_780.wav,screaming,screaming
screaming_781.wav,crying_sobbing_wail,screaming
screaming_782.wav,screaming,screaming
screaming_783.wav,screaming,screaming
screaming_784.wav,screaming,screaming
screaming_785.wav,screaming,screaming
screaming_786.wav,screaming,screaming
screaming_787.wav,screaming,screaming
screaming_788.wav,screaming,screaming
screaming_789.wav,screaming,screaming
screaming_790.wav,screaming,screaming
screaming_791.wav,screaming,screaming
screaming_792.wav,screaming,screaming
screaming_793.wav,screaming,screaming
screaming_794.wav,screaming,screaming
screaming_795.wav,screaming,screaming
screaming_796.wav,screaming,screaming
screaming_797.wav,screaming,screaming
screaming_798.wav,screaming,screaming
screaming_799.wav,screaming,screaming
screaming_800.wav,screaming,screaming
screaming_801.wav,screaming,screaming
screaming_802.wav,screaming,screaming
screaming_803.wav,screaming,screaming
screaming_804.wav,screaming,screaming
screaming_805.wav,screaming,screaming
screaming_806.wav,screaming,screaming
screaming_807.wav,screaming,screaming
screaming_808.wav,screaming,screaming
screaming_809.wav,screaming,screaming
screaming_810.wav,screaming,screaming
screaming_811.wav,screaming,screaming
screaming_812.wav,screaming,screaming
screaming_813.wav,screaming,screaming
screaming_814.wav,screaming,screaming
screaming_815.wav,screaming,screaming
screaming_816.wav,screaming,screaming
screaming_817.wav,screaming,screaming
screaming_818.wav,screaming,screaming
screaming_819.wav,screaming,screaming
screaming_820.wav,screaming,screaming
screaming_821.wav,screaming,screaming
screaming_822.wav,screaming,screaming
screaming_823.wav,screaming,screaming
screaming_824.wav,screaming,screaming
screaming_825.wav,screaming,screaming
screaming_826.wav,screaming,screaming
screaming_827.wav,screaming,screaming
screaming_828.wav,screaming,screaming
screaming_829.wav,screaming,screaming
screaming_830.wav,screaming,screaming
screaming_831.wav,screaming,screaming
screaming_832.wav,screaming,screaming
screaming_833.wav,screaming,screaming
screaming_834.wav,screaming,screaming
screaming_835.wav,screaming,screaming
screaming_836.wav,screaming,screaming
screaming_837.wav,screaming,screaming
screaming_838.wav,screaming,screaming
screaming_839.wav,screaming,screaming
screaming_840.wav,cat,screaming
screaming_841.wav,screaming,screaming
screaming_842.wav,screaming,screaming
screaming_843.wav,screaming,screaming
screaming_844.wav,screaming,screaming
screaming_845.wav,screaming,screaming
screaming_846.wav,screaming,screaming
screaming_847.wav,screaming,screaming
screaming_848.wav,screaming,screaming
screaming_849.wav,screaming,screaming
screaming_850.wav,screaming,screaming
screaming_851.wav,screaming,screaming
screaming_852.wav,screaming,screaming
screaming_853.wav,screaming,screaming
screaming_854.wav,screaming,screaming
screaming_855.wav,screaming,screaming
screaming_856.wav,screaming,screaming
screaming_857.wav,screaming,screaming
screaming_858.wav,screaming,screaming
screaming_859.wav,screaming,screaming
screaming_860.wav,screaming,screaming
screaming_861.wav,screaming,screaming
screaming_862.wav,screaming,screaming
screaming_863.wav,screaming,screaming
screaming_864.wav,screaming,screaming
screaming_865.wav,screaming,screaming
screaming_866.wav,screaming,screaming
screaming_867.wav,screaming,screaming
screaming_868.wav,screaming,screaming
screaming_869.wav,screaming,screaming
screaming_870.wav,screaming,screaming
screaming_871.wav,screaming,screaming
screaming_872.wav,screaming,screaming
screaming_873.wav,screaming,screaming
screaming_874.wav,screaming,screaming
screaming_875.wav,screaming,screaming
screaming_876.wav,screaming,screaming
screaming_877.wav,crying_sobbing_wail,screaming
screaming_878.wav,screaming,screaming
screaming_879.wav,screaming,screaming
screaming_880.wav,screaming,screaming
screaming_881.wav,screaming,screaming
screaming_882.wav,screaming,screaming
screaming_883.wav,screaming,screaming
screaming_884.wav,screaming,screaming
screaming_885.wav,screaming,screaming
screaming_886.wav,screaming,screaming
screaming_887.wav,screaming,screaming
screaming_888.wav,screaming,screaming
screaming_889.wav,screaming,screaming
screaming_890.wav,screaming,screaming
screaming_891.wav,screaming,screaming
screaming_892.wav,screaming,screaming
screaming_893.wav,screaming,screaming
screaming_894.wav,screaming,screaming
screaming_895.wav,screaming,screaming
screaming_896.wav,screaming,screaming
screaming_897.wav,screaming,screaming
screaming_898.wav,screaming,screaming
screaming_899.wav,screaming,screaming
screaming_900.wav,screaming,screaming
screaming_901.wav,screaming,screaming
screaming_902.wav,screaming,screaming
screaming_903.wav,screaming,screaming
screaming_904.wav,screaming,screaming
screaming_905.wav,screaming,screaming
screaming_906.wav,screaming,screaming
screaming_907.wav,screaming,screaming
screaming_908.wav,screaming,screaming
screaming_909.wav,screaming,screaming
screaming_910.wav,screaming,screaming
screaming_911.wav,screaming,screaming
screaming_912.wav,screaming,screaming
screaming_913.wav,screaming,screaming
screaming_914.wav,screaming,screaming
screaming_915.wav,screaming,screaming
screaming_916.wav,screaming,screaming
screaming_917.wav,screaming,screaming
screaming_918.wav,screaming,screaming
screaming_919.wav,screaming,screaming
screaming_920.wav,screaming,screaming
screaming_921.wav,screaming,screaming
screaming_922.wav,screaming,screaming
screaming_923.wav,screaming,screaming
screaming_924.wav,screaming,screaming
screaming_925.wav,screaming,screaming
screaming_926.wav,screaming,screaming
screaming_927.wav,cat,screaming
screaming_928.wav,screaming,screaming
screaming_929.wav,screaming,screaming
screaming_930.wav,screaming,screaming
screaming_931.wav,screaming,screaming
screaming_932.wav,screaming,screaming
screaming_933.wav,screaming,screaming
screaming_934.wav,screaming,screaming
screaming_935.wav,screaming,screaming
screaming_936.wav,screaming,screaming
screaming_937.wav,screaming,screaming
screaming_938.wav,screaming,screaming
screaming_939.wav,screaming,screaming
screaming_940.wav,screaming,screaming
screaming_941.wav,screaming,screaming
screaming_942.wav,screaming,screaming
screaming_943.wav,screaming,screaming
screaming_944.wav,screaming,screaming
screaming_945.wav,screaming,screaming
screaming_946.wav,screaming,screaming
screaming_947.wav,screaming,screaming
screaming_948.wav,screaming,screaming
screaming_949.wav,screaming,screaming
screaming_950.wav,screaming,screaming
screaming_951.wav,screaming,screaming
screaming_952.wav,screaming,screaming
screaming_953.wav,screaming,screaming
screaming_954.wav,screaming,screaming
screaming_955.wav,screaming,screaming
screaming_956.wav,screaming,screaming
screaming_957.wav,screaming,screaming
screaming_958.wav,screaming,screaming
screaming_959.wav,screaming,screaming
screaming_960.wav,screaming,screaming
screaming_961.wav,screaming,screaming
screaming_962.wav,screaming,screaming
screaming_963.wav,screaming,screaming
screaming_964.wav,screaming,screaming
screaming_965.wav,screaming,screaming
screaming_966.wav,screaming,screaming
screaming_967.wav,screaming,screaming
screaming_968.wav,screaming,screaming
screaming_969.wav,screaming,screaming
screaming_970.wav,screaming,screaming
screaming_971.wav,screaming,screaming
screaming_972.wav,screaming,screaming
screaming_973.wav,screaming,screaming
screaming_974.wav,screaming,screaming
screaming_975.wav,screaming,screaming
screaming_976.wav,screaming,screaming
screaming_977.wav,screaming,screaming
screaming_978.wav,screaming,screaming
screaming_979.wav,screaming,screaming
screaming_980.wav,screaming,screaming
screaming_981.wav,cat,screaming
screaming_982.wav,screaming,screaming
screaming_983.wav,screaming,screaming
screaming_984.wav,screaming,screaming
screaming_985.wav,screaming,screaming
screaming_986.wav,screaming,screaming
screaming_987.wav,screaming,screaming
screaming_988.wav,screaming,screaming
screaming_989.wav,screaming,screaming
screaming_990.wav,cat,screaming
screaming_991.wav,screaming,screaming
screaming_992.wav,screaming,screaming
screaming_993.wav,screaming,screaming
screaming_994.wav,screaming,screaming
screaming_995.wav,screaming,screaming
screaming_996.wav,screaming,screaming
screaming_997.wav,screaming,screaming
screaming_998.wav,screaming,screaming
screaming_999.wav,screaming,screaming
screaming_1000.wav,screaming,screaming
sneeze_1.wav,sneeze,sneeze
sneeze_2.wav,sneeze,sneeze
sneeze_3.wav,sneeze,sneeze
sneeze_4.wav,sneeze,sneeze
sneeze_5.wav,sneeze,sneeze
sneeze_6.wav,sneeze,sneeze
sneeze_7.wav,sneeze,sneeze
sneeze_8.wav,sneeze,sneeze
sneeze_9.wav,sneeze,sneeze
sneeze_10.wav,sneeze,sneeze
sneeze_11.wav,sneeze,sneeze
sneeze_12.wav,sneeze,sneeze
sneeze_13.wav,sneeze,sneeze
sneeze_14.wav,sneeze,sneeze
sneeze_15.wav,sneeze,sneeze
sneeze_16.wav,sneeze,sneeze
sneeze_17.wav,sneeze,sneeze
sneeze_18.wav,sneeze,sneeze
sneeze_19.wav,sneeze,sneeze
sneeze_20.wav,sneeze,sneeze
sneeze_21.wav,sneeze,sneeze
sneeze_22.wav,sneeze,sneeze
sneeze_23.wav,sneeze,sneeze
sneeze_24.wav,sneeze,sneeze
sneeze_25.wav,sneeze,sneeze
sneeze_26.wav,sneeze,sneeze
sneeze_27.wav,sneeze,sneeze
sneeze_28.wav,sneeze,sneeze
sneeze_29.wav,sneeze,sneeze
sneeze_30.wav,sneeze,sneeze
sneeze_31.wav,sneeze,sneeze
sneeze_32.wav,sneeze,sneeze
sneeze_33.wav,sneeze,sneeze
sneeze_34.wav,sneeze,sneeze
sneeze_35.wav,sneeze,sneeze
sneeze_36.wav,sneeze,sneeze
sneeze_37.wav,sneeze,sneeze
sneeze_38.wav,sneeze,sneeze
sneeze_39.wav,sneeze,sneeze
sneeze_40.wav,sneeze,sneeze
sneeze_41.wav,sneeze,sneeze
sneeze_42.wav,sneeze,sneeze
sneeze_43.wav,sneeze,sneeze
sneeze_44.wav,sneeze,sneeze
sneeze_45.wav,sneeze,sneeze
sneeze_46.wav,sneeze,sneeze
sneeze_47.wav,sneeze,sneeze
sneeze_48.wav,sneeze,sneeze
sneeze_49.wav,sneeze,sneeze
sneeze_50.wav,sneeze,sneeze
sneeze_51.wav,sneeze,sneeze
sneeze_52.wav,sneeze,sneeze
sneeze_53.wav,sneeze,sneeze
sneeze_54.wav,sneeze,sneeze
sneeze_55.wav,sneeze,sneeze
sneeze_56.wav,sneeze,sneeze
sneeze_57.wav,sneeze,sneeze
sneeze_58.wav,sneeze,sneeze
sneeze_59.wav,sneeze,sneeze
sneeze_60.wav,sneeze,sneeze
sneeze_61.wav,cough,sneeze
sneeze_62.wav,sneeze,sneeze
sneeze_63.wav,sneeze,sneeze
sneeze_64.wav,sneeze,sneeze
sneeze_65.wav,sneeze,sneeze
sneeze_66.wav,sneeze,sneeze
sneeze_67.wav,sneeze,sneeze
sneeze_68.wav,sneeze,sneeze
sneeze_69.wav,sneeze,sneeze
sneeze_70.wav,sneeze,sneeze
sneeze_71.wav,sneeze,sneeze
sneeze_72.wav,sneeze,sneeze
sneeze_73.wav,sneeze,sneeze
sneeze_74.wav,sneeze,sneeze
sneeze_75.wav,sneeze,sneeze
sneeze_76.wav,sneeze,sneeze
sneeze_77.wav,sneeze,sneeze
sneeze_78.wav,sneeze,sneeze
sneeze_79.wav,sneeze,sneeze
sneeze_80.wav,sneeze,sneeze
sneeze_81.wav,sneeze,sneeze
sneeze_82.wav,sneeze,sneeze
sneeze_83.wav,sneeze,sneeze
sneeze_84.wav,sneeze,sneeze
sneeze_85.wav,sneeze,sneeze
sneeze_86.wav,sneeze,sneeze
sneeze_87.wav,sneeze,sneeze
sneeze_88.wav,sneeze,sneeze
sneeze_89.wav,sneeze,sneeze
sneeze_90.wav,sneeze,sneeze
sneeze_91.wav,sneeze,sneeze
sneeze_92.wav,sneeze,sneeze
sneeze_93.wav,sneeze,sneeze
sneeze_94.wav,sneeze,sneeze
sneeze_95.wav,sneeze,sneeze
sneeze_96.wav,slap_smack,sneeze
sneeze_97.wav,sneeze,sneeze
sneeze_98.wav,sneeze,sneeze
sneeze_99.wav,sneeze,sneeze
sneeze_100.wav,sneeze,sneeze
sneeze_101.wav,sneeze,sneeze
sneeze_102.wav,sneeze,sneeze
sneeze_103.wav,sneeze,sneeze
sneeze_104.wav,sneeze,sneeze
sneeze_105.wav,sneeze,sneeze
sneeze_106.wav,sneeze,sneeze
sneeze_107.wav,sneeze,sneeze
sneeze_108.wav,sneeze,sneeze
sneeze_109.wav,sneeze,sneeze
sneeze_110.wav,sneeze,sneeze
sneeze_111.wav,sneeze,sneeze
sneeze_112.wav,sneeze,sneeze
sneeze_113.wav,sneeze,sneeze
sneeze_114.wav,sneeze,sneeze
sneeze_115.wav,sneeze,sneeze
sneeze_116.wav,sneeze,sneeze
sneeze_117.wav,sneeze,sneeze
sneeze_118.wav,sneeze,sneeze
sneeze_119.wav,sneeze,sneeze
sneeze_120.wav,sneeze,sneeze
sneeze_121.wav,sneeze,sneeze
sneeze_122.wav,sneeze,sneeze
sneeze_123.wav,sneeze,sneeze
sneeze_124.wav,sneeze,sneeze
sneeze_125.wav,sneeze,sneeze
sneeze_126.wav,sneeze,sneeze
sneeze_127.wav,sneeze,sneeze
sneeze_128.wav,sneeze,sneeze
sneeze_129.wav,sneeze,sneeze
sneeze_130.wav,sneeze,sneeze
sneeze_131.wav,sneeze,sneeze
sneeze_132.wav,sneeze,sneeze
sneeze_133.wav,sneeze,sneeze
sneeze_134.wav,sneeze,sneeze
sneeze_135.wav,sneeze,sneeze
sneeze_136.wav,sneeze,sneeze
sneeze_137.wav,sneeze,sneeze
sneeze_138.wav,sneeze,sneeze
sneeze_139.wav,cough,sneeze
sneeze_140.wav,sneeze,sneeze
sneeze_141.wav,sneeze,sneeze
sneeze_142.wav,sneeze,sneeze
sneeze_143.wav,sneeze,sneeze
sneeze_144.wav,klaxon,sneeze
sneeze_145.wav,sneeze,sneeze
sneeze_146.wav,sneeze,sneeze
sneeze_147.wav,sneeze,sneeze
sneeze_148.wav,sneeze,sneeze
sneeze_149.wav,sneeze,sneeze
sneeze_150.wav,sneeze,sneeze
sneeze_151.wav,sneeze,sneeze
sneeze_152.wav,sneeze,sneeze
sneeze_153.wav,sneeze,sneeze
sneeze_154.wav,cough,sneeze
sneeze_155.wav,sneeze,sneeze
sneeze_156.wav,sneeze,sneeze
sneeze_157.wav,sneeze,sneeze
sneeze_158.wav,sneeze,sneeze
sneeze_159.wav,sneeze,sneeze
sneeze_160.wav,sneeze,sneeze
sneeze_161.wav,sneeze,sneeze
sneeze_162.wav,sneeze,sneeze
sneeze_163.wav,sneeze,sneeze
sneeze_164.wav,sneeze,sneeze
sneeze_165.wav,sneeze,sneeze
sneeze_166.wav,sneeze,sneeze
sneeze_167.wav,sneeze,sneeze
sneeze_168.wav,sneeze,sneeze
sneeze_169.wav,sneeze,sneeze
sneeze_170.wav,sneeze,sneeze
sneeze_171.wav,sneeze,sneeze
sneeze_172.wav,sneeze,sneeze
sneeze_173.wav,sneeze,sneeze
sneeze_174.wav,sneeze,sneeze
sneeze_175.wav,sneeze,sneeze
sneeze_176.wav,sneeze,sneeze
sneeze_177.wav,sneeze,sneeze
sneeze_178.wav,sneeze,sneeze
sneeze_179.wav,sneeze,sneeze
sneeze_180.wav,sneeze,sneeze
sneeze_181.wav,sneeze,sneeze
sneeze_182.wav,sneeze,sneeze
sneeze_183.wav,sneeze,sneeze
sneeze_184.wav,sneeze,sneeze
sneeze_185.wav,sneeze,sneeze
sneeze_186.wav,sneeze,sneeze
sneeze_187.wav,sneeze,sneeze
sneeze_188.wav,sneeze,sneeze
sneeze_189.wav,sneeze,sneeze
sneeze_190.wav,sneeze,sneeze
sneeze_191.wav,sneeze,sneeze
sneeze_192.wav,sneeze,sneeze
sneeze_193.wav,sneeze,sneeze
sneeze_194.wav,sneeze,sneeze
sneeze_195.wav,sneeze,sneeze
sneeze_196.wav,sneeze,sneeze
sneeze_197.wav,sneeze,sneeze
sneeze_198.wav,sneeze,sneeze
sneeze_199.wav,sneeze,sneeze
sneeze_200.wav,sneeze,sneeze
sneeze_201.wav,sneeze,sneeze
sneeze_202.wav,sneeze,sneeze
sneeze_203.wav,sneeze,sneeze
sneeze_204.wav,sneeze,sneeze
sneeze_205.wav,sneeze,sneeze
sneeze_206.wav,sneeze,sneeze
sneeze_207.wav,sneeze,sneeze
sneeze_208.wav,sneeze,sneeze
sneeze_209.wav,sneeze,sneeze
sneeze_210.wav,sneeze,sneeze
sneeze_211.wav,sneeze,sneeze
sneeze_212.wav,sneeze,sneeze
sneeze_213.wav,sneeze,sneeze
sneeze_214.wav,sneeze,sneeze
sneeze_215.wav,sneeze,sneeze
sneeze_216.wav,sneeze,sneeze
sneeze_217.wav,sneeze,sneeze
sneeze_218.wav,sneeze,sneeze
sneeze_219.wav,sneeze,sneeze
sneeze_220.wav,sneeze,sneeze
sneeze_221.wav,slap_smack,sneeze
sneeze_222.wav,sneeze,sneeze
sneeze_223.wav,sneeze,sneeze
sneeze_224.wav,sneeze,sneeze
sneeze_225.wav,sneeze,sneeze
sneeze_226.wav,sneeze,sneeze
sneeze_227.wav,sneeze,sneeze
sneeze_228.wav,sneeze,sneeze
sneeze_229.wav,sneeze,sneeze
sneeze_230.wav,sneeze,sneeze
sneeze_231.wav,sneeze,sneeze
sneeze_232.wav,sneeze,sneeze
sneeze_233.wav,sneeze,sneeze
sneeze_234.wav,sneeze,sneeze
sneeze_235.wav,sneeze,sneeze
sneeze_236.wav,sneeze,sneeze
sneeze_237.wav,sneeze,sneeze
sneeze_238.wav,sneeze,sneeze
sneeze_239.wav,sneeze,sneeze
sneeze_240.wav,sneeze,sneeze
sneeze_241.wav,sneeze,sneeze
sneeze_242.wav,sneeze,sneeze
sneeze_243.wav,sneeze,sneeze
sneeze_244.wav,sneeze,sneeze
sneeze_245.wav,sneeze,sneeze
sneeze_246.wav,sneeze,sneeze
sneeze_247.wav,sneeze,sneeze
sneeze_248.wav,sneeze,sneeze
sneeze_249.wav,sneeze,sneeze
sneeze_250.wav,sneeze,sneeze
sneeze_251.wav,sneeze,sneeze
sneeze_252.wav,sneeze,sneeze
sneeze_253.wav,sneeze,sneeze
sneeze_254.wav,sneeze,sneeze
sneeze_255.wav,sneeze,sneeze
sneeze_256.wav,sneeze,sneeze
sneeze_257.wav,sneeze,sneeze
sneeze_258.wav,sneeze,sneeze
sneeze_259.wav,sneeze,sneeze
sneeze_260.wav,sneeze,sneeze
sneeze_261.wav,sneeze,sneeze
sneeze_262.wav,sneeze,sneeze
sneeze_263.wav,sneeze,sneeze
sneeze_264.wav,sneeze,sneeze
sneeze_265.wav,sneeze,sneeze
sneeze_266.wav,sneeze,sneeze
sneeze_267.wav,sneeze,sneeze
sneeze_268.wav,sneeze,sneeze
sneeze_269.wav,sneeze,sneeze
sneeze_270.wav,sneeze,sneeze
sneeze_271.wav,sneeze,sneeze
sneeze_272.wav,sneeze,sneeze
sneeze_273.wav,sneeze,sneeze
sneeze_274.wav,sneeze,sneeze
sneeze_275.wav,sneeze,sneeze
sneeze_276.wav,sneeze,sneeze
sneeze_277.wav,sneeze,sneeze
sneeze_278.wav,sneeze,sneeze
sneeze_279.wav,sneeze,sneeze
sneeze_280.wav,sneeze,sneeze
sneeze_281.wav,sneeze,sneeze
sneeze_282.wav,sneeze,sneeze
sneeze_283.wav,sneeze,sneeze
sneeze_284.wav,sneeze,sneeze
sneeze_285.wav,sneeze,sneeze
sneeze_286.wav,sneeze,sneeze
sneeze_287.wav,sneeze,sneeze
sneeze_288.wav,sneeze,sneeze
sneeze_289.wav,sneeze,sneeze
sneeze_290.wav,sneeze,sneeze
sneeze_291.wav,sneeze,sneeze
sneeze_292.wav,sneeze,sneeze
sneeze_293.wav,sneeze,sneeze
sneeze_294.wav,sneeze,sneeze
sneeze_295.wav,sneeze,sneeze
sneeze_296.wav,sneeze,sneeze
sneeze_297.wav,sneeze,sneeze
sneeze_298.wav,sneeze,sneeze
sneeze_299.wav,sneeze,sneeze
sneeze_300.wav,sneeze,sneeze
sneeze_301.wav,sneeze,sneeze
sneeze_302.wav,sneeze,sneeze
sneeze_303.wav,sneeze,sneeze
sneeze_304.wav,sneeze,sneeze
sneeze_305.wav,sneeze,sneeze
sneeze_306.wav,sneeze,sneeze
sneeze_307.wav,sneeze,sneeze
sneeze_308.wav,sneeze,sneeze
sneeze_309.wav,sneeze,sneeze
sneeze_310.wav,sneeze,sneeze
sneeze_311.wav,sneeze,sneeze
sneeze_312.wav,sneeze,sneeze
sneeze_313.wav,sneeze,sneeze
sneeze_314.wav,sneeze,sneeze
sneeze_315.wav,sneeze,sneeze
sneeze_316.wav,sneeze,sneeze
sneeze_317.wav,sneeze,sneeze
sneeze_318.wav,sneeze,sneeze
sneeze_319.wav,sneeze,sneeze
sneeze_320.wav,sneeze,sneeze
sneeze_321.wav,sneeze,sneeze
sneeze_322.wav,sneeze,sneeze
sneeze_323.wav,sneeze,sneeze
sneeze_324.wav,sneeze,sneeze
sneeze_325.wav,sneeze,sneeze
sneeze_326.wav,sneeze,sneeze
sneeze_327.wav,sneeze,sneeze
sneeze_328.wav,sneeze,sneeze
sneeze_329.wav,sneeze,sneeze
sneeze_330.wav,sneeze,sneeze
sneeze_331.wav,sneeze,sneeze
sneeze_332.wav,sneeze,sneeze
sneeze_333.wav,sneeze,sneeze
sneeze_334.wav,sneeze,sneeze
sneeze_335.wav,sneeze,sneeze
sneeze_336.wav,sneeze,sneeze
sneeze_337.wav,sneeze,sneeze
sneeze_338.wav,sneeze,sneeze
sneeze_339.wav,sneeze,sneeze
sneeze_340.wav,sneeze,sneeze
sneeze_341.wav,sneeze,sneeze
sneeze_342.wav,sneeze,sneeze
sneeze_343.wav,sneeze,sneeze
sneeze_344.wav,sneeze,sneeze
sneeze_345.wav,sneeze,sneeze
sneeze_346.wav,sneeze,sneeze
sneeze_347.wav,sneeze,sneeze
sneeze_348.wav,sneeze,sneeze
sneeze_349.wav,sneeze,sneeze
sneeze_350.wav,sneeze,sneeze
sneeze_351.wav,sneeze,sneeze
sneeze_352.wav,sneeze,sneeze
sneeze_353.wav,sneeze,sneeze
sneeze_354.wav,sneeze,sneeze
sneeze_355.wav,sneeze,sneeze
sneeze_356.wav,sneeze,sneeze
sneeze_357.wav,sneeze,sneeze
sneeze_358.wav,sneeze,sneeze
sneeze_359.wav,sneeze,sneeze
sneeze_360.wav,sneeze,sneeze
sneeze_361.wav,sneeze,sneeze
sneeze_362.wav,sneeze,sneeze
sneeze_363.wav,sneeze,sneeze
sneeze_364.wav,sneeze,sneeze
sneeze_365.wav,sneeze,sneeze
sneeze_366.wav,sneeze,sneeze
sneeze_367.wav,sneeze,sneeze
sneeze_368.wav,sneeze,sneeze
sneeze_369.wav,sneeze,sneeze
sneeze_370.wav,sneeze,sneeze
sneeze_371.wav,sneeze,sneeze
sneeze_372.wav,sneeze,sneeze
sneeze_373.wav,sneeze,sneeze
sneeze_374.wav,sneeze,sneeze
sneeze_375.wav,sneeze,sneeze
sneeze_376.wav,sneeze,sneeze
sneeze_377.wav,sneeze,sneeze
sneeze_378.wav,sneeze,sneeze
sneeze_379.wav,sneeze,sneeze
sneeze_380.wav,sneeze,sneeze
sneeze_381.wav,sneeze,sneeze
sneeze_382.wav,sneeze,sneeze
sneeze_383.wav,sneeze,sneeze
sneeze_384.wav,sneeze,sneeze
sneeze_385.wav,sneeze,sneeze
sneeze_386.wav,sneeze,sneeze
sneeze_387.wav,sneeze,sneeze
sneeze_388.wav,sneeze,sneeze
sneeze_389.wav,sneeze,sneeze
sneeze_390.wav,sneeze,sneeze
sneeze_391.wav,sneeze,sneeze
sneeze_392.wav,sneeze,sneeze
sneeze_393.wav,sneeze,sneeze
sneeze_394.wav,sneeze,sneeze
sneeze_395.wav,sneeze,sneeze
sneeze_396.wav,sneeze,sneeze
sneeze_397.wav,sneeze,sneeze
sneeze_398.wav,sneeze,sneeze
sneeze_399.wav,sneeze,sneeze
sneeze_400.wav,sneeze,sneeze
sneeze_401.wav,sneeze,sneeze
sneeze_402.wav,sneeze,sneeze
sneeze_403.wav,sneeze,sneeze
sneeze_404.wav,sneeze,sneeze
sneeze_405.wav,sneeze,sneeze
sneeze_406.wav,sneeze,sneeze
sneeze_407.wav,sneeze,sneeze
sneeze_408.wav,sneeze,sneeze
sneeze_409.wav,sneeze,sneeze
sneeze_410.wav,sneeze,sneeze
sneeze_411.wav,sneeze,sneeze
sneeze_412.wav,sneeze,sneeze
sneeze_413.wav,sneeze,sneeze
sneeze_414.wav,sneeze,sneeze
sneeze_415.wav,sneeze,sneeze
sneeze_416.wav,sneeze,sneeze
sneeze_417.wav,sneeze,sneeze
sneeze_418.wav,sneeze,sneeze
sneeze_419.wav,sneeze,sneeze
sneeze_420.wav,sneeze,sneeze
sneeze_421.wav,sneeze,sneeze
sneeze_422.wav,sneeze,sneeze
sneeze_423.wav,sneeze,sneeze
sneeze_424.wav,sneeze,sneeze
sneeze_425.wav,sneeze,sneeze
sneeze_426.wav,sneeze,sneeze
sneeze_427.wav,sneeze,sneeze
sneeze_428.wav,sneeze,sneeze
sneeze_429.wav,sneeze,sneeze
sneeze_430.wav,sneeze,sneeze
sneeze_431.wav,sneeze,sneeze
sneeze_432.wav,sneeze,sneeze
sneeze_433.wav,sneeze,sneeze
sneeze_434.wav,sneeze,sneeze
sneeze_435.wav,sneeze,sneeze
sneeze_436.wav,sneeze,sneeze
sneeze_437.wav,sneeze,sneeze
sneeze_438.wav,sneeze,sneeze
sneeze_439.wav,sneeze,sneeze
sneeze_440.wav,sneeze,sneeze
sneeze_441.wav,sneeze,sneeze
sneeze_442.wav,sneeze,sneeze
sneeze_443.wav,sneeze,sneeze
sneeze_444.wav,sneeze,sneeze
sneeze_445.wav,sneeze,sneeze
sneeze_446.wav,sneeze,sneeze
sneeze_447.wav,sneeze,sneeze
sneeze_448.wav,sneeze,sneeze
sneeze_449.wav,sneeze,sneeze
sneeze_450.wav,sneeze,sneeze
sneeze_451.wav,sneeze,sneeze
sneeze_452.wav,sneeze,sneeze
sneeze_453.wav,sneeze,sneeze
sneeze_454.wav,sneeze,sneeze
sneeze_455.wav,sneeze,sneeze
sneeze_456.wav,sneeze,sneeze
sneeze_457.wav,sneeze,sneeze
sneeze_458.wav,sneeze,sneeze
sneeze_459.wav,sneeze,sneeze
sneeze_460.wav,sneeze,sneeze
sneeze_461.wav,sneeze,sneeze
sneeze_462.wav,sneeze,sneeze
sneeze_463.wav,sneeze,sneeze
sneeze_464.wav,sneeze,sneeze
sneeze_465.wav,sneeze,sneeze
sneeze_466.wav,sneeze,sneeze
sneeze_467.wav,sneeze,sneeze
sneeze_468.wav,sneeze,sneeze
sneeze_469.wav,sneeze,sneeze
sneeze_470.wav,sneeze,sneeze
sneeze_471.wav,sneeze,sneeze
sneeze_472.wav,sneeze,sneeze
sneeze_473.wav,sneeze,sneeze
sneeze_474.wav,sneeze,sneeze
sneeze_475.wav,sneeze,sneeze
sneeze_476.wav,cough,sneeze
sneeze_477.wav,sneeze,sneeze
sneeze_478.wav,sneeze,sneeze
sneeze_479.wav,sneeze,sneeze
sneeze_480.wav,sneeze,sneeze
sneeze_481.wav,sneeze,sneeze
sneeze_482.wav,sneeze,sneeze
sneeze_483.wav,sneeze,sneeze
sneeze_484.wav,sneeze,sneeze
sneeze_485.wav,sneeze,sneeze
sneeze_486.wav,sneeze,sneeze
sneeze_487.wav,sneeze,sneeze
sneeze_488.wav,sneeze,sneeze
sneeze_489.wav,sneeze,sneeze
sneeze_490.wav,sneeze,sneeze
sneeze_491.wav,sneeze,sneeze
sneeze_492.wav,sneeze,sneeze
sneeze_493.wav,sneeze,sneeze
sneeze_494.wav,sneeze,sneeze
sneeze_495.wav,sneeze,sneeze
sneeze_496.wav,sneeze,sneeze
sneeze_497.wav,sneeze,sneeze
sneeze_498.wav,sneeze,sneeze
sneeze_499.wav,sneeze,sneeze
sneeze_500.wav,sneeze,sneeze
sneeze_501.wav,sneeze,sneeze
sneeze_502.wav,sneeze,sneeze
sneeze_503.wav,sneeze,sneeze
sneeze_504.wav,sneeze,sneeze
sneeze_505.wav,sneeze,sneeze
sneeze_506.wav,sneeze,sneeze
sneeze_507.wav,sneeze,sneeze
sneeze_508.wav,sneeze,sneeze
sneeze_509.wav,sneeze,sneeze
sneeze_510.wav,sneeze,sneeze
sneeze_511.wav,sneeze,sneeze
sneeze_512.wav,sneeze,sneeze
sneeze_513.wav,sneeze,sneeze
sneeze_514.wav,sneeze,sneeze
sneeze_515.wav,sneeze,sneeze
sneeze_516.wav,sneeze,sneeze
sneeze_517.wav,sneeze,sneeze
sneeze_518.wav,sneeze,sneeze
sneeze_519.wav,sneeze,sneeze
sneeze_520.wav,sneeze,sneeze
sneeze_521.wav,sneeze,sneeze
sneeze_522.wav,sneeze,sneeze
sneeze_523.wav,sneeze,sneeze
sneeze_524.wav,sneeze,sneeze
sneeze_525.wav,sneeze,sneeze
sneeze_526.wav,sneeze,sneeze
sneeze_527.wav,sneeze,sneeze
sneeze_528.wav,sneeze,sneeze
sneeze_529.wav,sneeze,sneeze
sneeze_530.wav,sneeze,sneeze
sneeze_531.wav,sneeze,sneeze
sneeze_532.wav,sneeze,sneeze
sneeze_533.wav,sneeze,sneeze
sneeze_534.wav,sneeze,sneeze
sneeze_535.wav,sneeze,sneeze
sneeze_536.wav,sneeze,sneeze
sneeze_537.wav,sneeze,sneeze
sneeze_538.wav,sneeze,sneeze
sneeze_539.wav,sneeze,sneeze
sneeze_540.wav,sneeze,sneeze
sneeze_541.wav,sneeze,sneeze
sneeze_542.wav,sneeze,sneeze
sneeze_543.wav,sneeze,sneeze
sneeze_544.wav,sneeze,sneeze
sneeze_545.wav,sneeze,sneeze
sneeze_546.wav,sneeze,sneeze
sneeze_547.wav,sneeze,sneeze
sneeze_548.wav,sneeze,sneeze
sneeze_549.wav,sneeze,sneeze
sneeze_550.wav,sneeze,sneeze
sneeze_551.wav,sneeze,sneeze
sneeze_552.wav,sneeze,sneeze
sneeze_553.wav,sneeze,sneeze
sneeze_554.wav,sneeze,sneeze
sneeze_555.wav,sneeze,sneeze
sneeze_556.wav,sneeze,sneeze
sneeze_557.wav,sneeze,sneeze
sneeze_558.wav,sneeze,sneeze
sneeze_559.wav,sneeze,sneeze
sneeze_560.wav,sneeze,sneeze
sneeze_561.wav,sneeze,sneeze
sneeze_562.wav,sneeze,sneeze
sneeze_563.wav,sneeze,sneeze
sneeze_564.wav,sneeze,sneeze
sneeze_565.wav,sneeze,sneeze
sneeze_566.wav,sneeze,sneeze
sneeze_567.wav,sneeze,sneeze
sneeze_568.wav,sneeze,sneeze
sneeze_569.wav,sneeze,sneeze
sneeze_570.wav,sneeze,sneeze
sneeze_571.wav,sneeze,sneeze
sneeze_572.wav,sneeze,sneeze
sneeze_573.wav,sneeze,sneeze
sneeze_574.wav,sneeze,sneeze
sneeze_575.wav,sneeze,sneeze
sneeze_576.wav,sneeze,sneeze
sneeze_577.wav,sneeze,sneeze
sneeze_578.wav,sneeze,sneeze
sneeze_579.wav,sneeze,sneeze
sneeze_580.wav,sneeze,sneeze
sneeze_581.wav,sneeze,sneeze
sneeze_582.wav,sneeze,sneeze
sneeze_583.wav,sneeze,sneeze
sneeze_584.wav,sneeze,sneeze
sneeze_585.wav,sneeze,sneeze
sneeze_586.wav,sneeze,sneeze
sneeze_587.wav,sneeze,sneeze
sneeze_588.wav,sneeze,sneeze
sneeze_589.wav,sneeze,sneeze
sneeze_590.wav,sneeze,sneeze
sneeze_591.wav,sneeze,sneeze
sneeze_592.wav,sneeze,sneeze
sneeze_593.wav,sneeze,sneeze
sneeze_594.wav,sneeze,sneeze
sneeze_595.wav,sneeze,sneeze
sneeze_596.wav,sneeze,sneeze
sneeze_597.wav,sneeze,sneeze
sneeze_598.wav,sneeze,sneeze
sneeze_599.wav,sneeze,sneeze
sneeze_600.wav,sneeze,sneeze
sneeze_601.wav,sneeze,sneeze
sneeze_602.wav,sneeze,sneeze
sneeze_603.wav,sneeze,sneeze
sneeze_604.wav,sneeze,sneeze
sneeze_605.wav,sneeze,sneeze
sneeze_606.wav,sneeze,sneeze
sneeze_607.wav,sneeze,sneeze
sneeze_608.wav,sneeze,sneeze
sneeze_609.wav,sneeze,sneeze
sneeze_610.wav,sneeze,sneeze
sneeze_611.wav,sneeze,sneeze
sneeze_612.wav,sneeze,sneeze
sneeze_613.wav,sneeze,sneeze
sneeze_614.wav,sneeze,sneeze
sneeze_615.wav,sneeze,sneeze
sneeze_616.wav,sneeze,sneeze
sneeze_617.wav,sneeze,sneeze
sneeze_618.wav,sneeze,sneeze
sneeze_619.wav,sneeze,sneeze
sneeze_620.wav,sneeze,sneeze
sneeze_621.wav,sneeze,sneeze
sneeze_622.wav,sneeze,sneeze
sneeze_623.wav,sneeze,sneeze
sneeze_624.wav,sneeze,sneeze
sneeze_625.wav,sneeze,sneeze
sneeze_626.wav,sneeze,sneeze
sneeze_627.wav,sneeze,sneeze
sneeze_628.wav,sneeze,sneeze
sneeze_629.wav,sneeze,sneeze
sneeze_630.wav,sneeze,sneeze
sneeze_631.wav,sneeze,sneeze
sneeze_632.wav,sneeze,sneeze
sneeze_633.wav,sneeze,sneeze
sneeze_634.wav,sneeze,sneeze
sneeze_635.wav,sneeze,sneeze
sneeze_636.wav,sneeze,sneeze
sneeze_637.wav,sneeze,sneeze
sneeze_638.wav,sneeze,sneeze
sneeze_639.wav,sneeze,sneeze
sneeze_640.wav,sneeze,sneeze
sneeze_641.wav,sneeze,sneeze
sneeze_642.wav,sneeze,sneeze
sneeze_643.wav,sneeze,sneeze
sneeze_644.wav,sneeze,sneeze
sneeze_645.wav,sneeze,sneeze
sneeze_646.wav,sneeze,sneeze
sneeze_647.wav,sneeze,sneeze
sneeze_648.wav,sneeze,sneeze
sneeze_649.wav,sneeze,sneeze
sneeze_650.wav,sneeze,sneeze
sneeze_651.wav,sneeze,sneeze
sneeze_652.wav,sneeze,sneeze
sneeze_653.wav,sneeze,sneeze
sneeze_654.wav,sneeze,sneeze
sneeze_655.wav,sneeze,sneeze
sneeze_656.wav,sneeze,sneeze
sneeze_657.wav,sneeze,sneeze
sneeze_658.wav,sneeze,sneeze
sneeze_659.wav,sneeze,sneeze
sneeze_660.wav,sneeze,sneeze
sneeze_661.wav,sneeze,sneeze
sneeze_662.wav,sneeze,sneeze
sneeze_663.wav,sneeze,sneeze
sneeze_664.wav,sneeze,sneeze
sneeze_665.wav,sneeze,sneeze
sneeze_666.wav,sneeze,sneeze
sneeze_667.wav,sneeze,sneeze
sneeze_668.wav,sneeze,sneeze
sneeze_669.wav,sneeze,sneeze
sneeze_670.wav,sneeze,sneeze
sneeze_671.wav,sneeze,sneeze
sneeze_672.wav,sneeze,sneeze
sneeze_673.wav,cough,sneeze
sneeze_674.wav,sneeze,sneeze
sneeze_675.wav,sneeze,sneeze
sneeze_676.wav,sneeze,sneeze
sneeze_677.wav,sneeze,sneeze
sneeze_678.wav,sneeze,sneeze
sneeze_679.wav,sneeze,sneeze
sneeze_680.wav,sneeze,sneeze
sneeze_681.wav,sneeze,sneeze
sneeze_682.wav,sneeze,sneeze
sneeze_683.wav,sneeze,sneeze
sneeze_684.wav,sneeze,sneeze
sneeze_685.wav,sneeze,sneeze
sneeze_686.wav,sneeze,sneeze
sneeze_687.wav,sneeze,sneeze
sneeze_688.wav,sneeze,sneeze
sneeze_689.wav,sneeze,sneeze
sneeze_690.wav,sneeze,sneeze
sneeze_691.wav,sneeze,sneeze
sneeze_692.wav,sneeze,sneeze
sneeze_693.wav,sneeze,sneeze
sneeze_694.wav,sneeze,sneeze
sneeze_695.wav,sneeze,sneeze
sneeze_696.wav,sneeze,sneeze
sneeze_697.wav,sneeze,sneeze
sneeze_698.wav,sneeze,sneeze
sneeze_699.wav,sneeze,sneeze
sneeze_700.wav,sneeze,sneeze
sneeze_701.wav,sneeze,sneeze
sneeze_702.wav,sneeze,sneeze
sneeze_703.wav,sneeze,sneeze
sneeze_704.wav,sneeze,sneeze
sneeze_705.wav,sneeze,sneeze
sneeze_706.wav,sneeze,sneeze
sneeze_707.wav,sneeze,sneeze
sneeze_708.wav,sneeze,sneeze
sneeze_709.wav,sneeze,sneeze
sneeze_710.wav,sneeze,sneeze
sneeze_711.wav,sneeze,sneeze
sneeze_712.wav,sneeze,sneeze
sneeze_713.wav,sneeze,sneeze
sneeze_714.wav,sneeze,sneeze
sneeze_715.wav,sneeze,sneeze
sneeze_716.wav,sneeze,sneeze
sneeze_717.wav,sneeze,sneeze
sneeze_718.wav,sneeze,sneeze
sneeze_719.wav,sneeze,sneeze
sneeze_720.wav,sneeze,sneeze
sneeze_721.wav,sneeze,sneeze
sneeze_722.wav,sneeze,sneeze
sneeze_723.wav,sneeze,sneeze
sneeze_724.wav,sneeze,sneeze
sneeze_725.wav,sneeze,sneeze
sneeze_726.wav,sneeze,sneeze
sneeze_727.wav,sneeze,sneeze
sneeze_728.wav,sneeze,sneeze
sneeze_729.wav,sneeze,sneeze
sneeze_730.wav,sneeze,sneeze
sneeze_731.wav,sneeze,sneeze
sneeze_732.wav,sneeze,sneeze
sneeze_733.wav,sneeze,sneeze
sneeze_734.wav,sneeze,sneeze
sneeze_735.wav,sneeze,sneeze
sneeze_736.wav,sneeze,sneeze
sneeze_737.wav,sneeze,sneeze
sneeze_738.wav,sneeze,sneeze
sneeze_739.wav,sneeze,sneeze
sneeze_740.wav,sneeze,sneeze
sneeze_741.wav,sneeze,sneeze
sneeze_742.wav,sneeze,sneeze
sneeze_743.wav,sneeze,sneeze
sneeze_744.wav,sneeze,sneeze
sneeze_745.wav,sneeze,sneeze
sneeze_746.wav,sneeze,sneeze
sneeze_747.wav,sneeze,sneeze
sneeze_748.wav,sneeze,sneeze
sneeze_749.wav,sneeze,sneeze
sneeze_750.wav,sneeze,sneeze
sneeze_751.wav,sneeze,sneeze
sneeze_752.wav,sneeze,sneeze
sneeze_753.wav,sneeze,sneeze
sneeze_754.wav,sneeze,sneeze
sneeze_755.wav,sneeze,sneeze
sneeze_756.wav,sneeze,sneeze
sneeze_757.wav,sneeze,sneeze
sneeze_758.wav,sneeze,sneeze
sneeze_759.wav,sneeze,sneeze
sneeze_760.wav,sneeze,sneeze
sneeze_761.wav,sneeze,sneeze
sneeze_762.wav,sneeze,sneeze
sneeze_763.wav,sneeze,sneeze
sneeze_764.wav,sneeze,sneeze
sneeze_765.wav,sneeze,sneeze
sneeze_766.wav,sneeze,sneeze
sneeze_767.wav,sneeze,sneeze
sneeze_768.wav,sneeze,sneeze
sneeze_769.wav,sneeze,sneeze
sneeze_770.wav,sneeze,sneeze
sneeze_771.wav,sneeze,sneeze
sneeze_772.wav,sneeze,sneeze
sneeze_773.wav,sneeze,sneeze
sneeze_774.wav,sneeze,sneeze
sneeze_775.wav,sneeze,sneeze
sneeze_776.wav,sneeze,sneeze
sneeze_777.wav,sneeze,sneeze
sneeze_778.wav,sneeze,sneeze
sneeze_779.wav,sneeze,sneeze
sneeze_780.wav,sneeze,sneeze
sneeze_781.wav,sneeze,sneeze
sneeze_782.wav,sneeze,sneeze
sneeze_783.wav,sneeze,sneeze
sneeze_784.wav,sneeze,sneeze
sneeze_785.wav,sneeze,sneeze
sneeze_786.wav,sneeze,sneeze
sneeze_787.wav,sneeze,sneeze
sneeze_788.wav,sneeze,sneeze
sneeze_789.wav,sneeze,sneeze
sneeze_790.wav,sneeze,sneeze
sneeze_791.wav,sneeze,sneeze
sneeze_792.wav,sneeze,sneeze
sneeze_793.wav,sneeze,sneeze
sneeze_794.wav,sneeze,sneeze
sneeze_795.wav,sneeze,sneeze
sneeze_796.wav,sneeze,sneeze
sneeze_797.wav,sneeze,sneeze
sneeze_798.wav,sneeze,sneeze
sneeze_799.wav,sneeze,sneeze
sneeze_800.wav,sneeze,sneeze
sneeze_801.wav,sneeze,sneeze
sneeze_802.wav,sneeze,sneeze
sneeze_803.wav,sneeze,sneeze
sneeze_804.wav,sneeze,sneeze
sneeze_805.wav,sneeze,sneeze
sneeze_806.wav,sneeze,sneeze
sneeze_807.wav,sneeze,sneeze
sneeze_808.wav,sneeze,sneeze
sneeze_809.wav,sneeze,sneeze
sneeze_810.wav,sneeze,sneeze
sneeze_811.wav,sneeze,sneeze
sneeze_812.wav,sneeze,sneeze
sneeze_813.wav,sneeze,sneeze
sneeze_814.wav,sneeze,sneeze
sneeze_815.wav,sneeze,sneeze
sneeze_816.wav,sneeze,sneeze
sneeze_817.wav,sneeze,sneeze
sneeze_818.wav,sneeze,sneeze
sneeze_819.wav,sneeze,sneeze
sneeze_820.wav,sneeze,sneeze
sneeze_821.wav,sneeze,sneeze
sneeze_822.wav,sneeze,sneeze
sneeze_823.wav,sneeze,sneeze
sneeze_824.wav,sneeze,sneeze
sneeze_825.wav,sneeze,sneeze
sneeze_826.wav,sneeze,sneeze
sneeze_827.wav,sneeze,sneeze
sneeze_828.wav,sneeze,sneeze
sneeze_829.wav,sneeze,sneeze
sneeze_830.wav,sneeze,sneeze
sneeze_831.wav,sneeze,sneeze
sneeze_832.wav,sneeze,sneeze
sneeze_833.wav,sniff,sneeze
sneeze_834.wav,sneeze,sneeze
sneeze_835.wav,sneeze,sneeze
sneeze_836.wav,sneeze,sneeze
sneeze_837.wav,sneeze,sneeze
sneeze_838.wav,sneeze,sneeze
sneeze_839.wav,sneeze,sneeze
sneeze_840.wav,sneeze,sneeze
sneeze_841.wav,sneeze,sneeze
sneeze_842.wav,sneeze,sneeze
sneeze_843.wav,sneeze,sneeze
sneeze_844.wav,sneeze,sneeze
sneeze_845.wav,sneeze,sneeze
sneeze_846.wav,sneeze,sneeze
sneeze_847.wav,sneeze,sneeze
sneeze_848.wav,sneeze,sneeze
sneeze_849.wav,sneeze,sneeze
sneeze_850.wav,sneeze,sneeze
sneeze_851.wav,sneeze,sneeze
sneeze_852.wav,sneeze,sneeze
sneeze_853.wav,sneeze,sneeze
sneeze_854.wav,sneeze,sneeze
sneeze_855.wav,sneeze,sneeze
sneeze_856.wav,sneeze,sneeze
sneeze_857.wav,sneeze,sneeze
sneeze_858.wav,sneeze,sneeze
sneeze_859.wav,sneeze,sneeze
sneeze_860.wav,sneeze,sneeze
sneeze_861.wav,sneeze,sneeze
sneeze_862.wav,sneeze,sneeze
sneeze_863.wav,cough,sneeze
sneeze_864.wav,sneeze,sneeze
sneeze_865.wav,sneeze,sneeze
sneeze_866.wav,sneeze,sneeze
sneeze_867.wav,sneeze,sneeze
sneeze_868.wav,sneeze,sneeze
sneeze_869.wav,sneeze,sneeze
sneeze_870.wav,sneeze,sneeze
sneeze_871.wav,sneeze,sneeze
sneeze_872.wav,sneeze,sneeze
sneeze_873.wav,sneeze,sneeze
sneeze_874.wav,sneeze,sneeze
sneeze_875.wav,sneeze,sneeze
sneeze_876.wav,sneeze,sneeze
sneeze_877.wav,sneeze,sneeze
sneeze_878.wav,sneeze,sneeze
sneeze_879.wav,sneeze,sneeze
sneeze_880.wav,sneeze,sneeze
sneeze_881.wav,sneeze,sneeze
sneeze_882.wav,sneeze,sneeze
sneeze_883.wav,sneeze,sneeze
sneeze_884.wav,sneeze,sneeze
sneeze_885.wav,sneeze,sneeze
sneeze_886.wav,sneeze,sneeze
sneeze_887.wav,sneeze,sneeze
sneeze_888.wav,sneeze,sneeze
sneeze_889.wav,sneeze,sneeze
sneeze_890.wav,sneeze,sneeze
sneeze_891.wav,sneeze,sneeze
sneeze_892.wav,sneeze,sneeze
sneeze_893.wav,sneeze,sneeze
sneeze_894.wav,sneeze,sneeze
sneeze_895.wav,sneeze,sneeze
sneeze_896.wav,sneeze,sneeze
sneeze_897.wav,sneeze,sneeze
sneeze_898.wav,sneeze,sneeze
sneeze_899.wav,sneeze,sneeze
sneeze_900.wav,sneeze,sneeze
sneeze_901.wav,sneeze,sneeze
sneeze_902.wav,sneeze,sneeze
sneeze_903.wav,sneeze,sneeze
sneeze_904.wav,sneeze,sneeze
sneeze_905.wav,sneeze,sneeze
sneeze_906.wav,sneeze,sneeze
sneeze_907.wav,sneeze,sneeze
sneeze_908.wav,sneeze,sneeze
sneeze_909.wav,sneeze,sneeze
sneeze_910.wav,sneeze,sneeze
sneeze_911.wav,sneeze,sneeze
sneeze_912.wav,sneeze,sneeze
sneeze_913.wav,sneeze,sneeze
sneeze_914.wav,sneeze,sneeze
sneeze_915.wav,sneeze,sneeze
sneeze_916.wav,sneeze,sneeze
sneeze_917.wav,sneeze,sneeze
sneeze_918.wav,sneeze,sneeze
sneeze_919.wav,sneeze,sneeze
sneeze_920.wav,sneeze,sneeze
sneeze_921.wav,sneeze,sneeze
sneeze_922.wav,sneeze,sneeze
sneeze_923.wav,sneeze,sneeze
sneeze_924.wav,sneeze,sneeze
sneeze_925.wav,sneeze,sneeze
sneeze_926.wav,sneeze,sneeze
sneeze_927.wav,sneeze,sneeze
sneeze_928.wav,sneeze,sneeze
sneeze_929.wav,sneeze,sneeze
sneeze_930.wav,sneeze,sneeze
sneeze_931.wav,sneeze,sneeze
sneeze_932.wav,sneeze,sneeze
sneeze_933.wav,sneeze,sneeze
sneeze_934.wav,sneeze,sneeze
sneeze_935.wav,sneeze,sneeze
sneeze_936.wav,sneeze,sneeze
sneeze_937.wav,sneeze,sneeze
sneeze_938.wav,sneeze,sneeze
sneeze_939.wav,sneeze,sneeze
sneeze_940.wav,sneeze,sneeze
sneeze_941.wav,sneeze,sneeze
sneeze_942.wav,sneeze,sneeze
sneeze_943.wav,sneeze,sneeze
sneeze_944.wav,sneeze,sneeze
sneeze_945.wav,sneeze,sneeze
sneeze_946.wav,sneeze,sneeze
sneeze_947.wav,sneeze,sneeze
sneeze_948.wav,sneeze,sneeze
sneeze_949.wav,sneeze,sneeze
sneeze_950.wav,sneeze,sneeze
sneeze_951.wav,sneeze,sneeze
sneeze_952.wav,sneeze,sneeze
sneeze_953.wav,sneeze,sneeze
sneeze_954.wav,sneeze,sneeze
sneeze_955.wav,sneeze,sneeze
sneeze_956.wav,sneeze,sneeze
sneeze_957.wav,sneeze,sneeze
sneeze_958.wav,sneeze,sneeze
sneeze_959.wav,sneeze,sneeze
sneeze_960.wav,sneeze,sneeze
sneeze_961.wav,sneeze,sneeze
sneeze_962.wav,sneeze,sneeze
sneeze_963.wav,sneeze,sneeze
sneeze_964.wav,sneeze,sneeze
sneeze_965.wav,sneeze,sneeze
sneeze_966.wav,sneeze,sneeze
sneeze_967.wav,sneeze,sneeze
sneeze_968.wav,sneeze,sneeze
sneeze_969.wav,sneeze,sneeze
sneeze_970.wav,sneeze,sneeze
sneeze_971.wav,sneeze,sneeze
sneeze_972.wav,sneeze,sneeze
sneeze_973.wav,sneeze,sneeze
sneeze_974.wav,sneeze,sneeze
sneeze_975.wav,sneeze,sneeze
sneeze_976.wav,sneeze,sneeze
sneeze_977.wav,sneeze,sneeze
sneeze_978.wav,sneeze,sneeze
sneeze_979.wav,sneeze,sneeze
sneeze_980.wav,sneeze,sneeze
sneeze_981.wav,sneeze,sneeze
sneeze_982.wav,sneeze,sneeze
sneeze_983.wav,sneeze,sneeze
sneeze_984.wav,sneeze,sneeze
sneeze_985.wav,sneeze,sneeze
sneeze_986.wav,sneeze,sneeze
sneeze_987.wav,sneeze,sneeze
sneeze_988.wav,sneeze,sneeze
sneeze_989.wav,sneeze,sneeze
sneeze_990.wav,sneeze,sneeze
sneeze_991.wav,sneeze,sneeze
sneeze_992.wav,sneeze,sneeze
sneeze_993.wav,sneeze,sneeze
sneeze_994.wav,sneeze,sneeze
sneeze_995.wav,sneeze,sneeze
sneeze_996.wav,sneeze,sneeze
sneeze_997.wav,sneeze,sneeze
sneeze_998.wav,sneeze,sneeze
sneeze_999.wav,sneeze,sneeze
sneeze_1000.wav,sneeze,sneeze
whispering_1.wav,whispering,whispering
whispering_2.wav,whispering,whispering
whispering_3.wav,whispering,whispering
whispering_4.wav,whispering,whispering
whispering_5.wav,whispering,whispering
whispering_6.wav,whispering,whispering
whispering_7.wav,whispering,whispering
whispering_8.wav,whispering,whispering
whispering_9.wav,whispering,whispering
whispering_10.wav,whispering,whispering
whispering_11.wav,whispering,whispering
whispering_12.wav,whispering,whispering
whispering_13.wav,whispering,whispering
whispering_14.wav,whispering,whispering
whispering_15.wav,whispering,whispering
whispering_16.wav,whispering,whispering
whispering_17.wav,whispering,whispering
whispering_18.wav,whispering,whispering
whispering_19.wav,whispering,whispering
whispering_20.wav,whispering,whispering
whispering_21.wav,whispering,whispering
whispering_22.wav,whispering,whispering
whispering_23.wav,whispering,whispering
whispering_24.wav,whispering,whispering
whispering_25.wav,whispering,whispering
whispering_26.wav,whispering,whispering
whispering_27.wav,whispering,whispering
whispering_28.wav,whispering,whispering
whispering_29.wav,whispering,whispering
whispering_30.wav,whispering,whispering
whispering_31.wav,whispering,whispering
whispering_32.wav,whispering,whispering
whispering_33.wav,whispering,whispering
whispering_34.wav,whispering,whispering
whispering_35.wav,whispering,whispering
whispering_36.wav,whispering,whispering
whispering_37.wav,whispering,whispering
whispering_38.wav,whispering,whispering
whispering_39.wav,whispering,whispering
whispering_40.wav,whispering,whispering
whispering_41.wav,whispering,whispering
whispering_42.wav,whispering,whispering
whispering_43.wav,whispering,whispering
whispering_44.wav,whispering,whispering
whispering_45.wav,whispering,whispering
whispering_46.wav,whispering,whispering
whispering_47.wav,whispering,whispering
whispering_48.wav,whispering,whispering
whispering_49.wav,whispering,whispering
whispering_50.wav,whispering,whispering
whispering_51.wav,whispering,whispering
whispering_52.wav,whispering,whispering
whispering_53.wav,whispering,whispering
whispering_54.wav,whispering,whispering
whispering_55.wav,whispering,whispering
whispering_56.wav,whispering,whispering
whispering_57.wav,whispering,whispering
whispering_58.wav,whispering,whispering
whispering_59.wav,whispering,whispering
whispering_60.wav,whispering,whispering
whispering_61.wav,whispering,whispering
whispering_62.wav,whispering,whispering
whispering_63.wav,whispering,whispering
whispering_64.wav,whispering,whispering
whispering_65.wav,whispering,whispering
whispering_66.wav,whispering,whispering
whispering_67.wav,whispering,whispering
whispering_68.wav,whispering,whispering
whispering_69.wav,whispering,whispering
whispering_70.wav,whispering,whispering
whispering_71.wav,whispering,whispering
whispering_72.wav,whispering,whispering
whispering_73.wav,whispering,whispering
whispering_74.wav,whispering,whispering
whispering_75.wav,whispering,whispering
whispering_76.wav,whispering,whispering
whispering_77.wav,whispering,whispering
whispering_78.wav,whispering,whispering
whispering_79.wav,whispering,whispering
whispering_80.wav,whispering,whispering
whispering_81.wav,whispering,whispering
whispering_82.wav,whispering,whispering
whispering_83.wav,whispering,whispering
whispering_84.wav,whispering,whispering
whispering_85.wav,whispering,whispering
whispering_86.wav,whispering,whispering
whispering_87.wav,whispering,whispering
whispering_88.wav,whispering,whispering
whispering_89.wav,whispering,whispering
whispering_90.wav,whispering,whispering
whispering_91.wav,whispering,whispering
whispering_92.wav,whispering,whispering
whispering_93.wav,whispering,whispering
whispering_94.wav,whispering,whispering
whispering_95.wav,whispering,whispering
whispering_96.wav,whispering,whispering
whispering_97.wav,whispering,whispering
whispering_98.wav,whispering,whispering
whispering_99.wav,whispering,whispering
whispering_100.wav,whispering,whispering
whispering_101.wav,whispering,whispering
whispering_102.wav,whispering,whispering
whispering_103.wav,whispering,whispering
whispering_104.wav,whispering,whispering
whispering_105.wav,whispering,whispering
whispering_106.wav,whispering,whispering
whispering_107.wav,whispering,whispering
whispering_108.wav,whispering,whispering
whispering_109.wav,whispering,whispering
whispering_110.wav,whispering,whispering
whispering_111.wav,whispering,whispering
whispering_112.wav,whispering,whispering
whispering_113.wav,whispering,whispering
whispering_114.wav,whispering,whispering
whispering_115.wav,whispering,whispering
whispering_116.wav,whispering,whispering
whispering_117.wav,whispering,whispering
whispering_118.wav,whispering,whispering
whispering_119.wav,whispering,whispering
whispering_120.wav,whispering,whispering
whispering_121.wav,whispering,whispering
whispering_122.wav,whispering,whispering
whispering_123.wav,whispering,whispering
whispering_124.wav,whispering,whispering
whispering_125.wav,whispering,whispering
whispering_126.wav,whispering,whispering
whispering_127.wav,whispering,whispering
whispering_128.wav,whispering,whispering
whispering_129.wav,whispering,whispering
whispering_130.wav,whispering,whispering
whispering_131.wav,whispering,whispering
whispering_132.wav,whispering,whispering
whispering_133.wav,whispering,whispering
whispering_134.wav,whispering,whispering
whispering_135.wav,whispering,whispering
whispering_136.wav,whispering,whispering
whispering_137.wav,whispering,whispering
whispering_138.wav,whispering,whispering
whispering_139.wav,whispering,whispering
whispering_140.wav,whispering,whispering
whispering_141.wav,whispering,whispering
whispering_142.wav,whispering,whispering
whispering_143.wav,whispering,whispering
whispering_144.wav,whispering,whispering
whispering_145.wav,whispering,whispering
whispering_146.wav,whispering,whispering
whispering_147.wav,whispering,whispering
whispering_148.wav,whispering,whispering
whispering_149.wav,whispering,whispering
whispering_150.wav,whispering,whispering
whispering_151.wav,whispering,whispering
whispering_152.wav,whispering,whispering
whispering_153.wav,whispering,whispering
whispering_154.wav,whispering,whispering
whispering_155.wav,whispering,whispering
whispering_156.wav,whispering,whispering
whispering_157.wav,whispering,whispering
whispering_158.wav,whispering,whispering
whispering_159.wav,whispering,whispering
whispering_160.wav,whispering,whispering
whispering_161.wav,whispering,whispering
whispering_162.wav,whispering,whispering
whispering_163.wav,whispering,whispering
whispering_164.wav,whispering,whispering
whispering_165.wav,whispering,whispering
whispering_166.wav,whispering,whispering
whispering_167.wav,whispering,whispering
whispering_168.wav,whispering,whispering
whispering_169.wav,whispering,whispering
whispering_170.wav,whispering,whispering
whispering_171.wav,whispering,whispering
whispering_172.wav,whispering,whispering
whispering_173.wav,whispering,whispering
whispering_174.wav,whispering,whispering
whispering_175.wav,whispering,whispering
whispering_176.wav,whispering,whispering
whispering_177.wav,whispering,whispering
whispering_178.wav,whispering,whispering
whispering_179.wav,whispering,whispering
whispering_180.wav,whispering,whispering
whispering_181.wav,whispering,whispering
whispering_182.wav,whispering,whispering
whispering_183.wav,whispering,whispering
whispering_184.wav,whispering,whispering
whispering_185.wav,whispering,whispering
whispering_186.wav,whispering,whispering
whispering_187.wav,whispering,whispering
whispering_188.wav,whispering,whispering
whispering_189.wav,whispering,whispering
whispering_190.wav,whispering,whispering
whispering_191.wav,whispering,whispering
whispering_192.wav,whispering,whispering
whispering_193.wav,whispering,whispering
whispering_194.wav,whispering,whispering
whispering_195.wav,whispering,whispering
whispering_196.wav,whispering,whispering
whispering_197.wav,whispering,whispering
whispering_198.wav,whispering,whispering
whispering_199.wav,whispering,whispering
whispering_200.wav,whispering,whispering
whispering_201.wav,whispering,whispering
whispering_202.wav,whispering,whispering
whispering_203.wav,whispering,whispering
whispering_204.wav,whispering,whispering
whispering_205.wav,whispering,whispering
whispering_206.wav,whispering,whispering
whispering_207.wav,whispering,whispering
whispering_208.wav,whispering,whispering
whispering_209.wav,whispering,whispering
whispering_210.wav,whispering,whispering
whispering_211.wav,whispering,whispering
whispering_212.wav,whispering,whispering
whispering_213.wav,whispering,whispering
whispering_214.wav,whispering,whispering
whispering_215.wav,whispering,whispering
whispering_216.wav,whispering,whispering
whispering_217.wav,whispering,whispering
whispering_218.wav,whispering,whispering
whispering_219.wav,whispering,whispering
whispering_220.wav,whispering,whispering
whispering_221.wav,whispering,whispering
whispering_222.wav,whispering,whispering
whispering_223.wav,whispering,whispering
whispering_224.wav,whispering,whispering
whispering_225.wav,whispering,whispering
whispering_226.wav,whispering,whispering
whispering_227.wav,whispering,whispering
whispering_228.wav,whispering,whispering
whispering_229.wav,whispering,whispering
whispering_230.wav,whispering,whispering
whispering_231.wav,whispering,whispering
whispering_232.wav,whispering,whispering
whispering_233.wav,whispering,whispering
whispering_234.wav,whispering,whispering
whispering_235.wav,whispering,whispering
whispering_236.wav,whispering,whispering
whispering_237.wav,whispering,whispering
whispering_238.wav,whispering,whispering
whispering_239.wav,whispering,whispering
whispering_240.wav,whispering,whispering
whispering_241.wav,whispering,whispering
whispering_242.wav,whispering,whispering
whispering_243.wav,whispering,whispering
whispering_244.wav,whispering,whispering
whispering_245.wav,whispering,whispering
whispering_246.wav,whispering,whispering
whispering_247.wav,whispering,whispering
whispering_248.wav,whispering,whispering
whispering_249.wav,whispering,whispering
whispering_250.wav,whispering,whispering
whispering_251.wav,whispering,whispering
whispering_252.wav,whispering,whispering
whispering_253.wav,whispering,whispering
whispering_254.wav,whispering,whispering
whispering_255.wav,whispering,whispering
whispering_256.wav,whispering,whispering
whispering_257.wav,whispering,whispering
whispering_258.wav,whispering,whispering
whispering_259.wav,whispering,whispering
whispering_260.wav,whispering,whispering
whispering_261.wav,whispering,whispering
whispering_262.wav,whispering,whispering
whispering_263.wav,whispering,whispering
whispering_264.wav,whispering,whispering
whispering_265.wav,whispering,whispering
whispering_266.wav,whispering,whispering
whispering_267.wav,whispering,whispering
whispering_268.wav,whispering,whispering
whispering_269.wav,whispering,whispering
whispering_270.wav,whispering,whispering
whispering_271.wav,whispering,whispering
whispering_272.wav,whispering,whispering
whispering_273.wav,whispering,whispering
whispering_274.wav,whispering,whispering
whispering_275.wav,whispering,whispering
whispering_276.wav,whispering,whispering
whispering_277.wav,whispering,whispering
whispering_278.wav,whispering,whispering
whispering_279.wav,whispering,whispering
whispering_280.wav,whispering,whispering
whispering_281.wav,whispering,whispering
whispering_282.wav,whispering,whispering
whispering_283.wav,whispering,whispering
whispering_284.wav,whispering,whispering
whispering_285.wav,whispering,whispering
whispering_286.wav,whispering,whispering
whispering_287.wav,whispering,whispering
whispering_288.wav,whispering,whispering
whispering_289.wav,cough,whispering
whispering_290.wav,whispering,whispering
whispering_291.wav,whispering,whispering
whispering_292.wav,whispering,whispering
whispering_293.wav,whispering,whispering
whispering_294.wav,whispering,whispering
whispering_295.wav,whispering,whispering
whispering_296.wav,whispering,whispering
whispering_297.wav,whispering,whispering
whispering_298.wav,whispering,whispering
whispering_299.wav,whispering,whispering
whispering_300.wav,whispering,whispering
whispering_301.wav,whispering,whispering
whispering_302.wav,whispering,whispering
whispering_303.wav,whispering,whispering
whispering_304.wav,whispering,whispering
whispering_305.wav,whispering,whispering
whispering_306.wav,whispering,whispering
whispering_307.wav,whispering,whispering
whispering_308.wav,whispering,whispering
whispering_309.wav,whispering,whispering
whispering_310.wav,whispering,whispering
whispering_311.wav,whispering,whispering
whispering_312.wav,whispering,whispering
whispering_313.wav,whispering,whispering
whispering_314.wav,whispering,whispering
whispering_315.wav,whispering,whispering
whispering_316.wav,whispering,whispering
whispering_317.wav,whispering,whispering
whispering_318.wav,whispering,whispering
whispering_319.wav,whispering,whispering
whispering_320.wav,whispering,whispering
whispering_321.wav,whispering,whispering
whispering_322.wav,whispering,whispering
whispering_323.wav,whispering,whispering
whispering_324.wav,whispering,whispering
whispering_325.wav,whispering,whispering
whispering_326.wav,whispering,whispering
whispering_327.wav,whispering,whispering
whispering_328.wav,whispering,whispering
whispering_329.wav,whispering,whispering
whispering_330.wav,whispering,whispering
whispering_331.wav,whispering,whispering
whispering_332.wav,whispering,whispering
whispering_333.wav,whispering,whispering
whispering_334.wav,whispering,whispering
whispering_335.wav,whispering,whispering
whispering_336.wav,whispering,whispering
whispering_337.wav,whispering,whispering
whispering_338.wav,whispering,whispering
whispering_339.wav,whispering,whispering
whispering_340.wav,whispering,whispering
whispering_341.wav,whispering,whispering
whispering_342.wav,whispering,whispering
whispering_343.wav,whispering,whispering
whispering_344.wav,whispering,whispering
whispering_345.wav,whispering,whispering
whispering_346.wav,whispering,whispering
whispering_347.wav,whispering,whispering
whispering_348.wav,whispering,whispering
whispering_349.wav,whispering,whispering
whispering_350.wav,whispering,whispering
whispering_351.wav,whispering,whispering
whispering_352.wav,whispering,whispering
whispering_353.wav,whispering,whispering
whispering_354.wav,whispering,whispering
whispering_355.wav,whispering,whispering
whispering_356.wav,whispering,whispering
whispering_357.wav,whispering,whispering
whispering_358.wav,whispering,whispering
whispering_359.wav,whispering,whispering
whispering_360.wav,whispering,whispering
whispering_361.wav,whispering,whispering
whispering_362.wav,whispering,whispering
whispering_363.wav,whispering,whispering
whispering_364.wav,whispering,whispering
whispering_365.wav,whispering,whispering
whispering_366.wav,whispering,whispering
whispering_367.wav,whispering,whispering
whispering_368.wav,whispering,whispering
whispering_369.wav,whispering,whispering
whispering_370.wav,whispering,whispering
whispering_371.wav,whispering,whispering
whispering_372.wav,whispering,whispering
whispering_373.wav,whispering,whispering
whispering_374.wav,whispering,whispering
whispering_375.wav,whispering,whispering
whispering_376.wav,whispering,whispering
whispering_377.wav,whispering,whispering
whispering_378.wav,whispering,whispering
whispering_379.wav,whispering,whispering
whispering_380.wav,whispering,whispering
whispering_381.wav,whispering,whispering
whispering_382.wav,whispering,whispering
whispering_383.wav,whispering,whispering
whispering_384.wav,whispering,whispering
whispering_385.wav,whispering,whispering
whispering_386.wav,whispering,whispering
whispering_387.wav,whispering,whispering
whispering_388.wav,whispering,whispering
whispering_389.wav,whispering,whispering
whispering_390.wav,whispering,whispering
whispering_391.wav,whispering,whispering
whispering_392.wav,whispering,whispering
whispering_393.wav,whispering,whispering
whispering_394.wav,whispering,whispering
whispering_395.wav,whispering,whispering
whispering_396.wav,whispering,whispering
whispering_397.wav,whispering,whispering
whispering_398.wav,whispering,whispering
whispering_399.wav,whispering,whispering
whispering_400.wav,whispering,whispering
whispering_401.wav,whispering,whispering
whispering_402.wav,whispering,whispering
whispering_403.wav,whispering,whispering
whispering_404.wav,whispering,whispering
whispering_405.wav,whispering,whispering
whispering_406.wav,whispering,whispering
whispering_407.wav,whispering,whispering
whispering_408.wav,whispering,whispering
whispering_409.wav,whispering,whispering
whispering_410.wav,whispering,whispering
whispering_411.wav,whispering,whispering
whispering_412.wav,whispering,whispering
whispering_413.wav,whispering,whispering
whispering_414.wav,whispering,whispering
whispering_415.wav,whispering,whispering
whispering_416.wav,whispering,whispering
whispering_417.wav,whispering,whispering
whispering_418.wav,whispering,whispering
whispering_419.wav,whispering,whispering
whispering_420.wav,whispering,whispering
whispering_421.wav,whispering,whispering
whispering_422.wav,whispering,whispering
whispering_423.wav,whispering,whispering
whispering_424.wav,whispering,whispering
whispering_425.wav,whispering,whispering
whispering_426.wav,whispering,whispering
whispering_427.wav,whispering,whispering
whispering_428.wav,whispering,whispering
whispering_429.wav,whispering,whispering
whispering_430.wav,whispering,whispering
whispering_431.wav,whispering,whispering
whispering_432.wav,whispering,whispering
whispering_433.wav,whispering,whispering
whispering_434.wav,whispering,whispering
whispering_435.wav,whispering,whispering
whispering_436.wav,whispering,whispering
whispering_437.wav,whispering,whispering
whispering_438.wav,whispering,whispering
whispering_439.wav,whispering,whispering
whispering_440.wav,whispering,whispering
whispering_441.wav,whispering,whispering
whispering_442.wav,whispering,whispering
whispering_443.wav,whispering,whispering
whispering_444.wav,whispering,whispering
whispering_445.wav,whispering,whispering
whispering_446.wav,whispering,whispering
whispering_447.wav,whispering,whispering
whispering_448.wav,whispering,whispering
whispering_449.wav,whispering,whispering
whispering_450.wav,whispering,whispering
whispering_451.wav,whispering,whispering
whispering_452.wav,whispering,whispering
whispering_453.wav,whispering,whispering
whispering_454.wav,whispering,whispering
whispering_455.wav,whispering,whispering
whispering_456.wav,whispering,whispering
whispering_457.wav,whispering,whispering
whispering_458.wav,whispering,whispering
whispering_459.wav,whispering,whispering
whispering_460.wav,whispering,whispering
whispering_461.wav,whispering,whispering
whispering_462.wav,whispering,whispering
whispering_463.wav,whispering,whispering
whispering_464.wav,whispering,whispering
whispering_465.wav,whispering,whispering
whispering_466.wav,whispering,whispering
whispering_467.wav,whispering,whispering
whispering_468.wav,whispering,whispering
whispering_469.wav,whispering,whispering
whispering_470.wav,whispering,whispering
whispering_471.wav,whispering,whispering
whispering_472.wav,whispering,whispering
whispering_473.wav,whispering,whispering
whispering_474.wav,whispering,whispering
whispering_475.wav,whispering,whispering
whispering_476.wav,whispering,whispering
whispering_477.wav,whispering,whispering
whispering_478.wav,whispering,whispering
whispering_479.wav,whispering,whispering
whispering_480.wav,whispering,whispering
whispering_481.wav,whispering,whispering
whispering_482.wav,whispering,whispering
whispering_483.wav,whispering,whispering
whispering_484.wav,whispering,whispering
whispering_485.wav,whispering,whispering
whispering_486.wav,whispering,whispering
whispering_487.wav,whispering,whispering
whispering_488.wav,whispering,whispering
whispering_489.wav,whispering,whispering
whispering_490.wav,whispering,whispering
whispering_491.wav,whispering,whispering
whispering_492.wav,whispering,whispering
whispering_493.wav,whispering,whispering
whispering_494.wav,whispering,whispering
whispering_495.wav,whispering,whispering
whispering_496.wav,whispering,whispering
whispering_497.wav,whispering,whispering
whispering_498.wav,whispering,whispering
whispering_499.wav,whispering,whispering
whispering_500.wav,whispering,whispering
whispering_501.wav,whispering,whispering
whispering_502.wav,whispering,whispering
whispering_503.wav,whispering,whispering
whispering_504.wav,whispering,whispering
whispering_505.wav,whispering,whispering
whispering_506.wav,whispering,whispering
whispering_507.wav,whispering,whispering
whispering_508.wav,whispering,whispering
whispering_509.wav,whispering,whispering
whispering_510.wav,whispering,whispering
whispering_511.wav,whispering,whispering
whispering_512.wav,whispering,whispering
whispering_513.wav,whispering,whispering
whispering_514.wav,whispering,whispering
whispering_515.wav,whispering,whispering
whispering_516.wav,whispering,whispering
whispering_517.wav,whispering,whispering
whispering_518.wav,whispering,whispering
whispering_519.wav,whispering,whispering
whispering_520.wav,whispering,whispering
whispering_521.wav,whispering,whispering
whispering_522.wav,whispering,whispering
whispering_523.wav,whispering,whispering
whispering_524.wav,whispering,whispering
whispering_525.wav,whispering,whispering
whispering_526.wav,whispering,whispering
whispering_527.wav,whispering,whispering
whispering_528.wav,whispering,whispering
whispering_529.wav,whispering,whispering
whispering_530.wav,whispering,whispering
whispering_531.wav,whispering,whispering
whispering_532.wav,whispering,whispering
whispering_533.wav,whispering,whispering
whispering_534.wav,whispering,whispering
whispering_535.wav,whispering,whispering
whispering_536.wav,whispering,whispering
whispering_537.wav,whispering,whispering
whispering_538.wav,whispering,whispering
whispering_539.wav,whispering,whispering
whispering_540.wav,whispering,whispering
whispering_541.wav,whispering,whispering
whispering_542.wav,whispering,whispering
whispering_543.wav,whispering,whispering
whispering_544.wav,whispering,whispering
whispering_545.wav,whispering,whispering
whispering_546.wav,whispering,whispering
whispering_547.wav,whispering,whispering
whispering_548.wav,whispering,whispering
whispering_549.wav,whispering,whispering
whispering_550.wav,whispering,whispering
whispering_551.wav,whispering,whispering
whispering_552.wav,whispering,whispering
whispering_553.wav,whispering,whispering
whispering_554.wav,whispering,whispering
whispering_555.wav,whispering,whispering
whispering_556.wav,whispering,whispering
whispering_557.wav,whispering,whispering
whispering_558.wav,whispering,whispering
whispering_559.wav,whispering,whispering
whispering_560.wav,whispering,whispering
whispering_561.wav,whispering,whispering
whispering_562.wav,whispering,whispering
whispering_563.wav,whispering,whispering
whispering_564.wav,whispering,whispering
whispering_565.wav,whispering,whispering
whispering_566.wav,whispering,whispering
whispering_567.wav,whispering,whispering
whispering_568.wav,whispering,whispering
whispering_569.wav,whispering,whispering
whispering_570.wav,whispering,whispering
whispering_571.wav,whispering,whispering
whispering_572.wav,whispering,whispering
whispering_573.wav,whispering,whispering
whispering_574.wav,whispering,whispering
whispering_575.wav,whispering,whispering
whispering_576.wav,whispering,whispering
whispering_577.wav,whispering,whispering
whispering_578.wav,whispering,whispering
whispering_579.wav,whispering,whispering
whispering_580.wav,whispering,whispering
whispering_581.wav,whispering,whispering
whispering_582.wav,whispering,whispering
whispering_583.wav,whispering,whispering
whispering_584.wav,whispering,whispering
whispering_585.wav,whispering,whispering
whispering_586.wav,whispering,whispering
whispering_587.wav,whispering,whispering
whispering_588.wav,whispering,whispering
whispering_589.wav,whispering,whispering
whispering_590.wav,whispering,whispering
whispering_591.wav,whispering,whispering
whispering_592.wav,whispering,whispering
whispering_593.wav,whispering,whispering
whispering_594.wav,whispering,whispering
whispering_595.wav,whispering,whispering
whispering_596.wav,whispering,whispering
whispering_597.wav,whispering,whispering
whispering_598.wav,whispering,whispering
whispering_599.wav,whispering,whispering
whispering_600.wav,whispering,whispering
whispering_601.wav,whispering,whispering
whispering_602.wav,whispering,whispering
whispering_603.wav,whispering,whispering
whispering_604.wav,whispering,whispering
whispering_605.wav,whispering,whispering
whispering_606.wav,whispering,whispering
whispering_607.wav,whispering,whispering
whispering_608.wav,whispering,whispering
whispering_609.wav,whispering,whispering
whispering_610.wav,whispering,whispering
whispering_611.wav,whispering,whispering
whispering_612.wav,whispering,whispering
whispering_613.wav,whispering,whispering
whispering_614.wav,whispering,whispering
whispering_615.wav,whispering,whispering
whispering_616.wav,whispering,whispering
whispering_617.wav,whispering,whispering
whispering_618.wav,whispering,whispering
whispering_619.wav,whispering,whispering
whispering_620.wav,whispering,whispering
whispering_621.wav,whispering,whispering
whispering_622.wav,whispering,whispering
whispering_623.wav,whispering,whispering
whispering_624.wav,whispering,whispering
whispering_625.wav,whispering,whispering
whispering_626.wav,whispering,whispering
whispering_627.wav,whispering,whispering
whispering_628.wav,whispering,whispering
whispering_629.wav,whispering,whispering
whispering_630.wav,whispering,whispering
whispering_631.wav,whispering,whispering
whispering_632.wav,whispering,whispering
whispering_633.wav,whispering,whispering
whispering_634.wav,whispering,whispering
whispering_635.wav,whispering,whispering
whispering_636.wav,whispering,whispering
whispering_637.wav,whispering,whispering
whispering_638.wav,whispering,whispering
whispering_639.wav,whispering,whispering
whispering_640.wav,whispering,whispering
whispering_641.wav,whispering,whispering
whispering_642.wav,whispering,whispering
whispering_643.wav,whispering,whispering
whispering_644.wav,whispering,whispering
whispering_645.wav,whispering,whispering
whispering_646.wav,whispering,whispering
whispering_647.wav,whispering,whispering
whispering_648.wav,whispering,whispering
whispering_649.wav,whispering,whispering
whispering_650.wav,whispering,whispering
whispering_651.wav,whispering,whispering
whispering_652.wav,whispering,whispering
whispering_653.wav,whispering,whispering
whispering_654.wav,whispering,whispering
whispering_655.wav,whispering,whispering
whispering_656.wav,whispering,whispering
whispering_657.wav,whispering,whispering
whispering_658.wav,whispering,whispering
whispering_659.wav,whispering,whispering
whispering_660.wav,whispering,whispering
whispering_661.wav,whispering,whispering
whispering_662.wav,whispering,whispering
whispering_663.wav,whispering,whispering
whispering_664.wav,whispering,whispering
whispering_665.wav,whispering,whispering
whispering_666.wav,whispering,whispering
whispering_667.wav,whispering,whispering
whispering_668.wav,whispering,whispering
whispering_669.wav,whispering,whispering
whispering_670.wav,whispering,whispering
whispering_671.wav,whispering,whispering
whispering_672.wav,whispering,whispering
whispering_673.wav,whispering,whispering
whispering_674.wav,whispering,whispering
whispering_675.wav,whispering,whispering
whispering_676.wav,whispering,whispering
whispering_677.wav,whispering,whispering
whispering_678.wav,whispering,whispering
whispering_679.wav,whispering,whispering
whispering_680.wav,whispering,whispering
whispering_681.wav,whispering,whispering
whispering_682.wav,whispering,whispering
whispering_683.wav,whispering,whispering
whispering_684.wav,whispering,whispering
whispering_685.wav,whispering,whispering
whispering_686.wav,whispering,whispering
whispering_687.wav,whispering,whispering
whispering_688.wav,whispering,whispering
whispering_689.wav,cough,whispering
whispering_690.wav,whispering,whispering
whispering_691.wav,whispering,whispering
whispering_692.wav,whispering,whispering
whispering_693.wav,whispering,whispering
whispering_694.wav,whispering,whispering
whispering_695.wav,whispering,whispering
whispering_696.wav,whispering,whispering
whispering_697.wav,whispering,whispering
whispering_698.wav,whispering,whispering
whispering_699.wav,whispering,whispering
whispering_700.wav,whispering,whispering
whispering_701.wav,whispering,whispering
whispering_702.wav,whispering,whispering
whispering_703.wav,whispering,whispering
whispering_704.wav,whispering,whispering
whispering_705.wav,whispering,whispering
whispering_706.wav,whispering,whispering
whispering_707.wav,whispering,whispering
whispering_708.wav,whispering,whispering
whispering_709.wav,whispering,whispering
whispering_710.wav,whispering,whispering
whispering_711.wav,whispering,whispering
whispering_712.wav,whispering,whispering
whispering_713.wav,whispering,whispering
whispering_714.wav,whispering,whispering
whispering_715.wav,whispering,whispering
whispering_716.wav,whispering,whispering
whispering_717.wav,whispering,whispering
whispering_718.wav,whispering,whispering
whispering_719.wav,whispering,whispering
whispering_720.wav,whispering,whispering
whispering_721.wav,whispering,whispering
whispering_722.wav,whispering,whispering
whispering_723.wav,whispering,whispering
whispering_724.wav,whispering,whispering
whispering_725.wav,whispering,whispering
whispering_726.wav,whispering,whispering
whispering_727.wav,whispering,whispering
whispering_728.wav,whispering,whispering
whispering_729.wav,whispering,whispering
whispering_730.wav,whispering,whispering
whispering_731.wav,whispering,whispering
whispering_732.wav,whispering,whispering
whispering_733.wav,whispering,whispering
whispering_734.wav,whispering,whispering
whispering_735.wav,whispering,whispering
whispering_736.wav,whispering,whispering
whispering_737.wav,whispering,whispering
whispering_738.wav,whispering,whispering
whispering_739.wav,whispering,whispering
whispering_740.wav,whispering,whispering
whispering_741.wav,whispering,whispering
whispering_742.wav,whispering,whispering
whispering_743.wav,whispering,whispering
whispering_744.wav,whispering,whispering
whispering_745.wav,whispering,whispering
whispering_746.wav,whispering,whispering
whispering_747.wav,whispering,whispering
whispering_748.wav,whispering,whispering
whispering_749.wav,whispering,whispering
whispering_750.wav,whispering,whispering
whispering_751.wav,whispering,whispering
whispering_752.wav,whispering,whispering
whispering_753.wav,whispering,whispering
whispering_754.wav,whispering,whispering
whispering_755.wav,whispering,whispering
whispering_756.wav,whispering,whispering
whispering_757.wav,whispering,whispering
whispering_758.wav,whispering,whispering
whispering_759.wav,whispering,whispering
whispering_760.wav,whispering,whispering
whispering_761.wav,whispering,whispering
whispering_762.wav,whispering,whispering
whispering_763.wav,whispering,whispering
whispering_764.wav,whispering,whispering
whispering_765.wav,whispering,whispering
whispering_766.wav,whispering,whispering
whispering_767.wav,whispering,whispering
whispering_768.wav,whispering,whispering
whispering_769.wav,whispering,whispering
whispering_770.wav,whispering,whispering
whispering_771.wav,whispering,whispering
whispering_772.wav,whispering,whispering
whispering_773.wav,whispering,whispering
whispering_774.wav,whispering,whispering
whispering_775.wav,whispering,whispering
whispering_776.wav,whispering,whispering
whispering_777.wav,whispering,whispering
whispering_778.wav,whispering,whispering
whispering_779.wav,whispering,whispering
whispering_780.wav,whispering,whispering
whispering_781.wav,whispering,whispering
whispering_782.wav,whispering,whispering
whispering_783.wav,whispering,whispering
whispering_784.wav,whispering,whispering
whispering_785.wav,whispering,whispering
whispering_786.wav,whispering,whispering
whispering_787.wav,whispering,whispering
whispering_788.wav,whispering,whispering
whispering_789.wav,whispering,whispering
whispering_790.wav,whispering,whispering
whispering_791.wav,whispering,whispering
whispering_792.wav,whispering,whispering
whispering_793.wav,whispering,whispering
whispering_794.wav,whispering,whispering
whispering_795.wav,whispering,whispering
whispering_796.wav,whispering,whispering
whispering_797.wav,whispering,whispering
whispering_798.wav,whispering,whispering
whispering_799.wav,whispering,whispering
whispering_800.wav,whispering,whispering
whispering_801.wav,whispering,whispering
whispering_802.wav,whispering,whispering
whispering_803.wav,whispering,whispering
whispering_804.wav,whispering,whispering
whispering_805.wav,whispering,whispering
whispering_806.wav,whispering,whispering
whispering_807.wav,whispering,whispering
whispering_808.wav,whispering,whispering
whispering_809.wav,whispering,whispering
whispering_810.wav,whispering,whispering
whispering_811.wav,whispering,whispering
whispering_812.wav,whispering,whispering
whispering_813.wav,whispering,whispering
whispering_814.wav,whispering,whispering
whispering_815.wav,whispering,whispering
whispering_816.wav,whispering,whispering
whispering_817.wav,whispering,whispering
whispering_818.wav,whispering,whispering
whispering_819.wav,whispering,whispering
whispering_820.wav,whispering,whispering
whispering_821.wav,whispering,whispering
whispering_822.wav,whispering,whispering
whispering_823.wav,whispering,whispering
whispering_824.wav,whispering,whispering
whispering_825.wav,whispering,whispering
whispering_826.wav,whispering,whispering
whispering_827.wav,whispering,whispering
whispering_828.wav,whispering,whispering
whispering_829.wav,whispering,whispering
whispering_830.wav,whispering,whispering
whispering_831.wav,whispering,whispering
whispering_832.wav,whispering,whispering
whispering_833.wav,whispering,whispering
whispering_834.wav,whispering,whispering
whispering_835.wav,whispering,whispering
whispering_836.wav,whispering,whispering
whispering_837.wav,whispering,whispering
whispering_838.wav,whispering,whispering
whispering_839.wav,whispering,whispering
whispering_840.wav,whispering,whispering
whispering_841.wav,whispering,whispering
whispering_842.wav,whispering,whispering
whispering_843.wav,whispering,whispering
whispering_844.wav,whispering,whispering
whispering_845.wav,whispering,whispering
whispering_846.wav,whispering,whispering
whispering_847.wav,whispering,whispering
whispering_848.wav,whispering,whispering
whispering_849.wav,whispering,whispering
whispering_850.wav,whispering,whispering
whispering_851.wav,whispering,whispering
whispering_852.wav,whispering,whispering
whispering_853.wav,whispering,whispering
whispering_854.wav,whispering,whispering
whispering_855.wav,whispering,whispering
whispering_856.wav,whispering,whispering
whispering_857.wav,whispering,whispering
whispering_858.wav,whispering,whispering
whispering_859.wav,whispering,whispering
whispering_860.wav,whispering,whispering
whispering_861.wav,whispering,whispering
whispering_862.wav,whispering,whispering
whispering_863.wav,whispering,whispering
whispering_864.wav,whispering,whispering
whispering_865.wav,cough,whispering
whispering_866.wav,whispering,whispering
whispering_867.wav,whispering,whispering
whispering_868.wav,whispering,whispering
whispering_869.wav,whispering,whispering
whispering_870.wav,whispering,whispering
whispering_871.wav,whispering,whispering
whispering_872.wav,whispering,whispering
whispering_873.wav,whispering,whispering
whispering_874.wav,whispering,whispering
whispering_875.wav,whispering,whispering
whispering_876.wav,whispering,whispering
whispering_877.wav,whispering,whispering
whispering_878.wav,whispering,whispering
whispering_879.wav,whispering,whispering
whispering_880.wav,whispering,whispering
whispering_881.wav,whispering,whispering
whispering_882.wav,whispering,whispering
whispering_883.wav,whispering,whispering
whispering_884.wav,whispering,whispering
whispering_885.wav,whispering,whispering
whispering_886.wav,whispering,whispering
whispering_887.wav,whispering,whispering
whispering_888.wav,whispering,whispering
whispering_889.wav,whispering,whispering
whispering_890.wav,whispering,whispering
whispering_891.wav,whispering,whispering
whispering_892.wav,whispering,whispering
whispering_893.wav,whispering,whispering
whispering_894.wav,whispering,whispering
whispering_895.wav,whispering,whispering
whispering_896.wav,whispering,whispering
whispering_897.wav,whispering,whispering
whispering_898.wav,whispering,whispering
whispering_899.wav,whispering,whispering
whispering_900.wav,whispering,whispering
whispering_901.wav,whispering,whispering
whispering_902.wav,whispering,whispering
whispering_903.wav,whispering,whispering
whispering_904.wav,whispering,whispering
whispering_905.wav,whispering,whispering
whispering_906.wav,whispering,whispering
whispering_907.wav,whispering,whispering
whispering_908.wav,whispering,whispering
whispering_909.wav,whispering,whispering
whispering_910.wav,whispering,whispering
whispering_911.wav,whispering,whispering
whispering_912.wav,whispering,whispering
whispering_913.wav,whispering,whispering
whispering_914.wav,whispering,whispering
whispering_915.wav,whispering,whispering
whispering_916.wav,whispering,whispering
whispering_917.wav,whispering,whispering
whispering_918.wav,whispering,whispering
whispering_919.wav,whispering,whispering
whispering_920.wav,whispering,whispering
whispering_921.wav,whispering,whispering
whispering_922.wav,whispering,whispering
whispering_923.wav,whispering,whispering
whispering_924.wav,whispering,whispering
whispering_925.wav,whispering,whispering
whispering_926.wav,whispering,whispering
whispering_927.wav,whispering,whispering
whispering_928.wav,whispering,whispering
whispering_929.wav,whispering,whispering
whispering_930.wav,whispering,whispering
whispering_931.wav,whispering,whispering
whispering_932.wav,whispering,whispering
whispering_933.wav,whispering,whispering
whispering_934.wav,whispering,whispering
whispering_935.wav,whispering,whispering
whispering_936.wav,whispering,whispering
whispering_937.wav,whispering,whispering
whispering_938.wav,whispering,whispering
whispering_939.wav,whispering,whispering
whispering_940.wav,whispering,whispering
whispering_941.wav,whispering,whispering
whispering_942.wav,whispering,whispering
whispering_943.wav,whispering,whispering
whispering_944.wav,whispering,whispering
whispering_945.wav,whispering,whispering
whispering_946.wav,whispering,whispering
whispering_947.wav,whispering,whispering
whispering_948.wav,whispering,whispering
whispering_949.wav,whispering,whispering
whispering_950.wav,whispering,whispering
whispering_951.wav,whispering,whispering
whispering_952.wav,whispering,whispering
whispering_953.wav,whispering,whispering
whispering_954.wav,whispering,whispering
whispering_955.wav,whispering,whispering
whispering_956.wav,whispering,whispering
whispering_957.wav,whispering,whispering
whispering_958.wav,whispering,whispering
whispering_959.wav,whispering,whispering
whispering_960.wav,whispering,whispering
whispering_961.wav,whispering,whispering
whispering_962.wav,whispering,whispering
whispering_963.wav,whispering,whispering
whispering_964.wav,whispering,whispering
whispering_965.wav,whispering,whispering
whispering_966.wav,whispering,whispering
whispering_967.wav,whispering,whispering
whispering_968.wav,whispering,whispering
whispering_969.wav,whispering,whispering
whispering_970.wav,whispering,whispering
whispering_971.wav,whispering,whispering
whispering_972.wav,whispering,whispering
whispering_973.wav,whispering,whispering
whispering_974.wav,whispering,whispering
whispering_975.wav,whispering,whispering
whispering_976.wav,whispering,whispering
whispering_977.wav,whispering,whispering
whispering_978.wav,whispering,whispering
whispering_979.wav,whispering,whispering
whispering_980.wav,whispering,whispering
whispering_981.wav,whispering,whispering
whispering_982.wav,whispering,whispering
whispering_983.wav,whispering,whispering
whispering_984.wav,whispering,whispering
whispering_985.wav,whispering,whispering
whispering_986.wav,whispering,whispering
whispering_987.wav,whispering,whispering
whispering_988.wav,whispering,whispering
whispering_989.wav,whispering,whispering
whispering_990.wav,whispering,whispering
whispering_991.wav,whispering,whispering
whispering_992.wav,whispering,whispering
whispering_993.wav,whispering,whispering
whispering_994.wav,whispering,whispering
whispering_995.wav,whispering,whispering
whispering_996.wav,whispering,whispering
whispering_997.wav,whispering,whispering
whispering_998.wav,whispering,whispering
whispering_999.wav,whispering,whispering
whispering_1000.wav,whispering,whispering
klaxon_1.wav,klaxon,klaxon
klaxon_2.wav,klaxon,klaxon
klaxon_3.wav,klaxon,klaxon
klaxon_4.wav,klaxon,klaxon
klaxon_5.wav,klaxon,klaxon
klaxon_6.wav,klaxon,klaxon
klaxon_7.wav,klaxon,klaxon
klaxon_8.wav,klaxon,klaxon
klaxon_9.wav,klaxon,klaxon
klaxon_10.wav,klaxon,klaxon
klaxon_11.wav,klaxon,klaxon
klaxon_12.wav,klaxon,klaxon
klaxon_13.wav,klaxon,klaxon
klaxon_14.wav,klaxon,klaxon
klaxon_15.wav,klaxon,klaxon
klaxon_16.wav,safety_alarm,klaxon
klaxon_17.wav,klaxon,klaxon
klaxon_18.wav,klaxon,klaxon
klaxon_19.wav,klaxon,klaxon
klaxon_20.wav,klaxon,klaxon
klaxon_21.wav,klaxon,klaxon
klaxon_22.wav,klaxon,klaxon
klaxon_23.wav,klaxon,klaxon
klaxon_24.wav,klaxon,klaxon
klaxon_25.wav,klaxon,klaxon
klaxon_26.wav,klaxon,klaxon
klaxon_27.wav,klaxon,klaxon
klaxon_28.wav,klaxon,klaxon
klaxon_29.wav,klaxon,klaxon
klaxon_30.wav,klaxon,klaxon
klaxon_31.wav,klaxon,klaxon
klaxon_32.wav,klaxon,klaxon
klaxon_33.wav,klaxon,klaxon
klaxon_34.wav,klaxon,klaxon
klaxon_35.wav,klaxon,klaxon
klaxon_36.wav,klaxon,klaxon
klaxon_37.wav,klaxon,klaxon
klaxon_38.wav,klaxon,klaxon
klaxon_39.wav,klaxon,klaxon
klaxon_40.wav,klaxon,klaxon
klaxon_41.wav,klaxon,klaxon
klaxon_42.wav,klaxon,klaxon
klaxon_43.wav,klaxon,klaxon
klaxon_44.wav,klaxon,klaxon
klaxon_45.wav,klaxon,klaxon
klaxon_46.wav,klaxon,klaxon
klaxon_47.wav,klaxon,klaxon
klaxon_48.wav,klaxon,klaxon
klaxon_49.wav,klaxon,klaxon
klaxon_50.wav,klaxon,klaxon
klaxon_51.wav,klaxon,klaxon
klaxon_52.wav,klaxon,klaxon
klaxon_53.wav,klaxon,klaxon
klaxon_54.wav,klaxon,klaxon
klaxon_55.wav,klaxon,klaxon
klaxon_56.wav,klaxon,klaxon
klaxon_57.wav,klaxon,klaxon
klaxon_58.wav,klaxon,klaxon
klaxon_59.wav,klaxon,klaxon
klaxon_60.wav,klaxon,klaxon
klaxon_61.wav,klaxon,klaxon
klaxon_62.wav,klaxon,klaxon
klaxon_63.wav,klaxon,klaxon
klaxon_64.wav,klaxon,klaxon
klaxon_65.wav,klaxon,klaxon
klaxon_66.wav,klaxon,klaxon
klaxon_67.wav,klaxon,klaxon
klaxon_68.wav,klaxon,klaxon
klaxon_69.wav,klaxon,klaxon
klaxon_70.wav,klaxon,klaxon
klaxon_71.wav,klaxon,klaxon
klaxon_72.wav,klaxon,klaxon
klaxon_73.wav,klaxon,klaxon
klaxon_74.wav,klaxon,klaxon
klaxon_75.wav,klaxon,klaxon
klaxon_76.wav,klaxon,klaxon
klaxon_77.wav,klaxon,klaxon
klaxon_78.wav,klaxon,klaxon
klaxon_79.wav,klaxon,klaxon
klaxon_80.wav,klaxon,klaxon
klaxon_81.wav,klaxon,klaxon
klaxon_82.wav,klaxon,klaxon
klaxon_83.wav,klaxon,klaxon
klaxon_84.wav,klaxon,klaxon
klaxon_85.wav,klaxon,klaxon
klaxon_86.wav,klaxon,klaxon
klaxon_87.wav,klaxon,klaxon
klaxon_88.wav,klaxon,klaxon
klaxon_89.wav,safety_alarm,klaxon
klaxon_90.wav,klaxon,klaxon
klaxon_91.wav,klaxon,klaxon
klaxon_92.wav,klaxon,klaxon
klaxon_93.wav,klaxon,klaxon
klaxon_94.wav,klaxon,klaxon
klaxon_95.wav,klaxon,klaxon
klaxon_96.wav,klaxon,klaxon
klaxon_97.wav,klaxon,klaxon
klaxon_98.wav,klaxon,klaxon
klaxon_99.wav,klaxon,klaxon
klaxon_100.wav,klaxon,klaxon
klaxon_101.wav,klaxon,klaxon
klaxon_102.wav,klaxon,klaxon
klaxon_103.wav,klaxon,klaxon
klaxon_104.wav,klaxon,klaxon
klaxon_105.wav,klaxon,klaxon
klaxon_106.wav,klaxon,klaxon
klaxon_107.wav,klaxon,klaxon
klaxon_108.wav,klaxon,klaxon
klaxon_109.wav,klaxon,klaxon
klaxon_110.wav,klaxon,klaxon
klaxon_111.wav,klaxon,klaxon
klaxon_112.wav,klaxon,klaxon
klaxon_113.wav,klaxon,klaxon
klaxon_114.wav,klaxon,klaxon
klaxon_115.wav,klaxon,klaxon
klaxon_116.wav,klaxon,klaxon
klaxon_117.wav,klaxon,klaxon
klaxon_118.wav,klaxon,klaxon
klaxon_119.wav,klaxon,klaxon
klaxon_120.wav,klaxon,klaxon
klaxon_121.wav,klaxon,klaxon
klaxon_122.wav,klaxon,klaxon
klaxon_123.wav,klaxon,klaxon
klaxon_124.wav,klaxon,klaxon
klaxon_125.wav,klaxon,klaxon
klaxon_126.wav,klaxon,klaxon
klaxon_127.wav,klaxon,klaxon
klaxon_128.wav,klaxon,klaxon
klaxon_129.wav,klaxon,klaxon
klaxon_130.wav,klaxon,klaxon
klaxon_131.wav,klaxon,klaxon
klaxon_132.wav,klaxon,klaxon
klaxon_133.wav,klaxon,klaxon
klaxon_134.wav,klaxon,klaxon
klaxon_135.wav,klaxon,klaxon
klaxon_136.wav,klaxon,klaxon
klaxon_137.wav,klaxon,klaxon
klaxon_138.wav,klaxon,klaxon
klaxon_139.wav,klaxon,klaxon
klaxon_140.wav,klaxon,klaxon
klaxon_141.wav,klaxon,klaxon
klaxon_142.wav,klaxon,klaxon
klaxon_143.wav,klaxon,klaxon
klaxon_144.wav,klaxon,klaxon
klaxon_145.wav,klaxon,klaxon
klaxon_146.wav,klaxon,klaxon
klaxon_147.wav,klaxon,klaxon
klaxon_148.wav,klaxon,klaxon
klaxon_149.wav,klaxon,klaxon
klaxon_150.wav,klaxon,klaxon
klaxon_151.wav,klaxon,klaxon
klaxon_152.wav,klaxon,klaxon
klaxon_153.wav,klaxon,klaxon
klaxon_154.wav,klaxon,klaxon
klaxon_155.wav,klaxon,klaxon
klaxon_156.wav,klaxon,klaxon
klaxon_157.wav,klaxon,klaxon
klaxon_158.wav,klaxon,klaxon
klaxon_159.wav,klaxon,klaxon
klaxon_160.wav,klaxon,klaxon
klaxon_161.wav,klaxon,klaxon
klaxon_162.wav,klaxon,klaxon
klaxon_163.wav,klaxon,klaxon
klaxon_164.wav,klaxon,klaxon
klaxon_165.wav,klaxon,klaxon
klaxon_166.wav,klaxon,klaxon
klaxon_167.wav,klaxon,klaxon
klaxon_168.wav,klaxon,klaxon
klaxon_169.wav,klaxon,klaxon
klaxon_170.wav,klaxon,klaxon
klaxon_171.wav,klaxon,klaxon
klaxon_172.wav,klaxon,klaxon
klaxon_173.wav,klaxon,klaxon
klaxon_174.wav,klaxon,klaxon
klaxon_175.wav,klaxon,klaxon
klaxon_176.wav,klaxon,klaxon
klaxon_177.wav,klaxon,klaxon
klaxon_178.wav,klaxon,klaxon
klaxon_179.wav,klaxon,klaxon
klaxon_180.wav,klaxon,klaxon
klaxon_181.wav,klaxon,klaxon
klaxon_182.wav,klaxon,klaxon
klaxon_183.wav,klaxon,klaxon
klaxon_184.wav,klaxon,klaxon
klaxon_185.wav,klaxon,klaxon
klaxon_186.wav,klaxon,klaxon
klaxon_187.wav,klaxon,klaxon
klaxon_188.wav,klaxon,klaxon
klaxon_189.wav,klaxon,klaxon
klaxon_190.wav,klaxon,klaxon
klaxon_191.wav,klaxon,klaxon
klaxon_192.wav,klaxon,klaxon
klaxon_193.wav,klaxon,klaxon
klaxon_194.wav,klaxon,klaxon
klaxon_195.wav,klaxon,klaxon
klaxon_196.wav,klaxon,klaxon
klaxon_197.wav,klaxon,klaxon
klaxon_198.wav,klaxon,klaxon
klaxon_199.wav,klaxon,klaxon
klaxon_200.wav,klaxon,klaxon
klaxon_201.wav,klaxon,klaxon
klaxon_202.wav,klaxon,klaxon
klaxon_203.wav,klaxon,klaxon
klaxon_204.wav,klaxon,klaxon
klaxon_205.wav,klaxon,klaxon
klaxon_206.wav,klaxon,klaxon
klaxon_207.wav,klaxon,klaxon
klaxon_208.wav,klaxon,klaxon
klaxon_209.wav,klaxon,klaxon
klaxon_210.wav,klaxon,klaxon
klaxon_211.wav,klaxon,klaxon
klaxon_212.wav,klaxon,klaxon
klaxon_213.wav,klaxon,klaxon
klaxon_214.wav,klaxon,klaxon
klaxon_215.wav,klaxon,klaxon
klaxon_216.wav,klaxon,klaxon
klaxon_217.wav,klaxon,klaxon
klaxon_218.wav,klaxon,klaxon
klaxon_219.wav,klaxon,klaxon
klaxon_220.wav,klaxon,klaxon
klaxon_221.wav,klaxon,klaxon
klaxon_222.wav,klaxon,klaxon
klaxon_223.wav,klaxon,klaxon
klaxon_224.wav,klaxon,klaxon
klaxon_225.wav,klaxon,klaxon
klaxon_226.wav,klaxon,klaxon
klaxon_227.wav,klaxon,klaxon
klaxon_228.wav,klaxon,klaxon
klaxon_229.wav,klaxon,klaxon
klaxon_230.wav,klaxon,klaxon
klaxon_231.wav,klaxon,klaxon
klaxon_232.wav,klaxon,klaxon
klaxon_233.wav,klaxon,klaxon
klaxon_234.wav,klaxon,klaxon
klaxon_235.wav,klaxon,klaxon
klaxon_236.wav,klaxon,klaxon
klaxon_237.wav,klaxon,klaxon
klaxon_238.wav,klaxon,klaxon
klaxon_239.wav,klaxon,klaxon
klaxon_240.wav,klaxon,klaxon
klaxon_241.wav,klaxon,klaxon
klaxon_242.wav,klaxon,klaxon
klaxon_243.wav,klaxon,klaxon
klaxon_244.wav,klaxon,klaxon
klaxon_245.wav,klaxon,klaxon
klaxon_246.wav,klaxon,klaxon
klaxon_247.wav,klaxon,klaxon
klaxon_248.wav,klaxon,klaxon
klaxon_249.wav,klaxon,klaxon
klaxon_250.wav,klaxon,klaxon
klaxon_251.wav,klaxon,klaxon
klaxon_252.wav,klaxon,klaxon
klaxon_253.wav,klaxon,klaxon
klaxon_254.wav,klaxon,klaxon
klaxon_255.wav,klaxon,klaxon
klaxon_256.wav,klaxon,klaxon
klaxon_257.wav,klaxon,klaxon
klaxon_258.wav,klaxon,klaxon
klaxon_259.wav,klaxon,klaxon
klaxon_260.wav,klaxon,klaxon
klaxon_261.wav,klaxon,klaxon
klaxon_262.wav,klaxon,klaxon
klaxon_263.wav,klaxon,klaxon
klaxon_264.wav,klaxon,klaxon
klaxon_265.wav,klaxon,klaxon
klaxon_266.wav,klaxon,klaxon
klaxon_267.wav,klaxon,klaxon
klaxon_268.wav,klaxon,klaxon
klaxon_269.wav,klaxon,klaxon
klaxon_270.wav,klaxon,klaxon
klaxon_271.wav,klaxon,klaxon
klaxon_272.wav,klaxon,klaxon
klaxon_273.wav,klaxon,klaxon
klaxon_274.wav,klaxon,klaxon
klaxon_275.wav,klaxon,klaxon
klaxon_276.wav,klaxon,klaxon
klaxon_277.wav,klaxon,klaxon
klaxon_278.wav,klaxon,klaxon
klaxon_279.wav,klaxon,klaxon
klaxon_280.wav,klaxon,klaxon
klaxon_281.wav,klaxon,klaxon
klaxon_282.wav,klaxon,klaxon
klaxon_283.wav,klaxon,klaxon
klaxon_284.wav,klaxon,klaxon
klaxon_285.wav,klaxon,klaxon
klaxon_286.wav,klaxon,klaxon
klaxon_287.wav,klaxon,klaxon
klaxon_288.wav,klaxon,klaxon
klaxon_289.wav,klaxon,klaxon
klaxon_290.wav,klaxon,klaxon
klaxon_291.wav,klaxon,klaxon
klaxon_292.wav,klaxon,klaxon
klaxon_293.wav,klaxon,klaxon
klaxon_294.wav,klaxon,klaxon
klaxon_295.wav,klaxon,klaxon
klaxon_296.wav,klaxon,klaxon
klaxon_297.wav,klaxon,klaxon
klaxon_298.wav,klaxon,klaxon
klaxon_299.wav,klaxon,klaxon
klaxon_300.wav,klaxon,klaxon
klaxon_301.wav,klaxon,klaxon
klaxon_302.wav,klaxon,klaxon
klaxon_303.wav,klaxon,klaxon
klaxon_304.wav,klaxon,klaxon
klaxon_305.wav,klaxon,klaxon
klaxon_306.wav,klaxon,klaxon
klaxon_307.wav,klaxon,klaxon
klaxon_308.wav,klaxon,klaxon
klaxon_309.wav,klaxon,klaxon
klaxon_310.wav,klaxon,klaxon
klaxon_311.wav,klaxon,klaxon
klaxon_312.wav,klaxon,klaxon
klaxon_313.wav,klaxon,klaxon
klaxon_314.wav,klaxon,klaxon
klaxon_315.wav,klaxon,klaxon
klaxon_316.wav,klaxon,klaxon
klaxon_317.wav,klaxon,klaxon
klaxon_318.wav,klaxon,klaxon
klaxon_319.wav,klaxon,klaxon
klaxon_320.wav,klaxon,klaxon
klaxon_321.wav,klaxon,klaxon
klaxon_322.wav,klaxon,klaxon
klaxon_323.wav,klaxon,klaxon
klaxon_324.wav,klaxon,klaxon
klaxon_325.wav,klaxon,klaxon
klaxon_326.wav,klaxon,klaxon
klaxon_327.wav,klaxon,klaxon
klaxon_328.wav,klaxon,klaxon
klaxon_329.wav,klaxon,klaxon
klaxon_330.wav,safety_alarm,klaxon
klaxon_331.wav,klaxon,klaxon
klaxon_332.wav,klaxon,klaxon
klaxon_333.wav,klaxon,klaxon
klaxon_334.wav,klaxon,klaxon
klaxon_335.wav,klaxon,klaxon
klaxon_336.wav,klaxon,klaxon
klaxon_337.wav,klaxon,klaxon
klaxon_338.wav,klaxon,klaxon
klaxon_339.wav,klaxon,klaxon
klaxon_340.wav,klaxon,klaxon
klaxon_341.wav,klaxon,klaxon
klaxon_342.wav,klaxon,klaxon
klaxon_343.wav,klaxon,klaxon
klaxon_344.wav,klaxon,klaxon
klaxon_345.wav,klaxon,klaxon
klaxon_346.wav,safety_alarm,klaxon
klaxon_347.wav,klaxon,klaxon
klaxon_348.wav,safety_alarm,klaxon
klaxon_349.wav,klaxon,klaxon
klaxon_350.wav,klaxon,klaxon
klaxon_351.wav,klaxon,klaxon
klaxon_352.wav,klaxon,klaxon
klaxon_353.wav,klaxon,klaxon
klaxon_354.wav,klaxon,klaxon
klaxon_355.wav,klaxon,klaxon
klaxon_356.wav,klaxon,klaxon
klaxon_357.wav,klaxon,klaxon
klaxon_358.wav,klaxon,klaxon
klaxon_359.wav,klaxon,klaxon
klaxon_360.wav,klaxon,klaxon
klaxon_361.wav,klaxon,klaxon
klaxon_362.wav,klaxon,klaxon
klaxon_363.wav,klaxon,klaxon
klaxon_364.wav,klaxon,klaxon
klaxon_365.wav,klaxon,klaxon
klaxon_366.wav,klaxon,klaxon
klaxon_367.wav,klaxon,klaxon
klaxon_368.wav,klaxon,klaxon
klaxon_369.wav,klaxon,klaxon
klaxon_370.wav,klaxon,klaxon
klaxon_371.wav,klaxon,klaxon
klaxon_372.wav,klaxon,klaxon
klaxon_373.wav,klaxon,klaxon
klaxon_374.wav,klaxon,klaxon
klaxon_375.wav,klaxon,klaxon
klaxon_376.wav,klaxon,klaxon
klaxon_377.wav,klaxon,klaxon
klaxon_378.wav,klaxon,klaxon
klaxon_379.wav,klaxon,klaxon
klaxon_380.wav,safety_alarm,klaxon
klaxon_381.wav,klaxon,klaxon
klaxon_382.wav,klaxon,klaxon
klaxon_383.wav,klaxon,klaxon
klaxon_384.wav,klaxon,klaxon
klaxon_385.wav,klaxon,klaxon
klaxon_386.wav,klaxon,klaxon
klaxon_387.wav,klaxon,klaxon
klaxon_388.wav,klaxon,klaxon
klaxon_389.wav,klaxon,klaxon
klaxon_390.wav,klaxon,klaxon
klaxon_391.wav,klaxon,klaxon
klaxon_392.wav,klaxon,klaxon
klaxon_393.wav,klaxon,klaxon
klaxon_394.wav,klaxon,klaxon
klaxon_395.wav,klaxon,klaxon
klaxon_396.wav,klaxon,klaxon
klaxon_397.wav,klaxon,klaxon
klaxon_398.wav,klaxon,klaxon
klaxon_399.wav,klaxon,klaxon
klaxon_400.wav,klaxon,klaxon
klaxon_401.wav,klaxon,klaxon
klaxon_402.wav,klaxon,klaxon
klaxon_403.wav,klaxon,klaxon
klaxon_404.wav,klaxon,klaxon
klaxon_405.wav,klaxon,klaxon
klaxon_406.wav,klaxon,klaxon
klaxon_407.wav,klaxon,klaxon
klaxon_408.wav,klaxon,klaxon
klaxon_409.wav,klaxon,klaxon
klaxon_410.wav,klaxon,klaxon
klaxon_411.wav,klaxon,klaxon
klaxon_412.wav,klaxon,klaxon
klaxon_413.wav,klaxon,klaxon
klaxon_414.wav,klaxon,klaxon
klaxon_415.wav,klaxon,klaxon
klaxon_416.wav,klaxon,klaxon
klaxon_417.wav,tools,klaxon
klaxon_418.wav,klaxon,klaxon
klaxon_419.wav,klaxon,klaxon
klaxon_420.wav,klaxon,klaxon
klaxon_421.wav,klaxon,klaxon
klaxon_422.wav,klaxon,klaxon
klaxon_423.wav,klaxon,klaxon
klaxon_424.wav,klaxon,klaxon
klaxon_425.wav,klaxon,klaxon
klaxon_426.wav,klaxon,klaxon
klaxon_427.wav,klaxon,klaxon
klaxon_428.wav,klaxon,klaxon
klaxon_429.wav,klaxon,klaxon
klaxon_430.wav,klaxon,klaxon
klaxon_431.wav,klaxon,klaxon
klaxon_432.wav,klaxon,klaxon
klaxon_433.wav,klaxon,klaxon
klaxon_434.wav,klaxon,klaxon
klaxon_435.wav,klaxon,klaxon
klaxon_436.wav,klaxon,klaxon
klaxon_437.wav,klaxon,klaxon
klaxon_438.wav,klaxon,klaxon
klaxon_439.wav,klaxon,klaxon
klaxon_440.wav,klaxon,klaxon
klaxon_441.wav,klaxon,klaxon
klaxon_442.wav,klaxon,klaxon
klaxon_443.wav,klaxon,klaxon
klaxon_444.wav,klaxon,klaxon
klaxon_445.wav,klaxon,klaxon
klaxon_446.wav,klaxon,klaxon
klaxon_447.wav,klaxon,klaxon
klaxon_448.wav,klaxon,klaxon
klaxon_449.wav,klaxon,klaxon
klaxon_450.wav,klaxon,klaxon
klaxon_451.wav,klaxon,klaxon
klaxon_452.wav,klaxon,klaxon
klaxon_453.wav,klaxon,klaxon
klaxon_454.wav,klaxon,klaxon
klaxon_455.wav,klaxon,klaxon
klaxon_456.wav,klaxon,klaxon
klaxon_457.wav,klaxon,klaxon
klaxon_458.wav,klaxon,klaxon
klaxon_459.wav,klaxon,klaxon
klaxon_460.wav,klaxon,klaxon
klaxon_461.wav,klaxon,klaxon
klaxon_462.wav,klaxon,klaxon
klaxon_463.wav,klaxon,klaxon
klaxon_464.wav,klaxon,klaxon
klaxon_465.wav,klaxon,klaxon
klaxon_466.wav,klaxon,klaxon
klaxon_467.wav,klaxon,klaxon
klaxon_468.wav,klaxon,klaxon
klaxon_469.wav,klaxon,klaxon
klaxon_470.wav,klaxon,klaxon
klaxon_471.wav,klaxon,klaxon
klaxon_472.wav,klaxon,klaxon
klaxon_473.wav,klaxon,klaxon
klaxon_474.wav,klaxon,klaxon
klaxon_475.wav,klaxon,klaxon
klaxon_476.wav,klaxon,klaxon
klaxon_477.wav,klaxon,klaxon
klaxon_478.wav,klaxon,klaxon
klaxon_479.wav,klaxon,klaxon
klaxon_480.wav,klaxon,klaxon
klaxon_481.wav,klaxon,klaxon
klaxon_482.wav,klaxon,klaxon
klaxon_483.wav,klaxon,klaxon
klaxon_484.wav,klaxon,klaxon
klaxon_485.wav,klaxon,klaxon
klaxon_486.wav,klaxon,klaxon
klaxon_487.wav,klaxon,klaxon
klaxon_488.wav,klaxon,klaxon
klaxon_489.wav,klaxon,klaxon
klaxon_490.wav,klaxon,klaxon
klaxon_491.wav,klaxon,klaxon
klaxon_492.wav,klaxon,klaxon
klaxon_493.wav,klaxon,klaxon
klaxon_494.wav,klaxon,klaxon
klaxon_495.wav,klaxon,klaxon
klaxon_496.wav,klaxon,klaxon
klaxon_497.wav,klaxon,klaxon
klaxon_498.wav,klaxon,klaxon
klaxon_499.wav,klaxon,klaxon
klaxon_500.wav,klaxon,klaxon
klaxon_501.wav,klaxon,klaxon
klaxon_502.wav,klaxon,klaxon
klaxon_503.wav,klaxon,klaxon
klaxon_504.wav,klaxon,klaxon
klaxon_505.wav,klaxon,klaxon
klaxon_506.wav,klaxon,klaxon
klaxon_507.wav,klaxon,klaxon
klaxon_508.wav,klaxon,klaxon
klaxon_509.wav,klaxon,klaxon
klaxon_510.wav,klaxon,klaxon
klaxon_511.wav,klaxon,klaxon
klaxon_512.wav,klaxon,klaxon
klaxon_513.wav,klaxon,klaxon
klaxon_514.wav,klaxon,klaxon
klaxon_515.wav,klaxon,klaxon
klaxon_516.wav,klaxon,klaxon
klaxon_517.wav,klaxon,klaxon
klaxon_518.wav,klaxon,klaxon
klaxon_519.wav,klaxon,klaxon
klaxon_520.wav,klaxon,klaxon
klaxon_521.wav,klaxon,klaxon
klaxon_522.wav,klaxon,klaxon
klaxon_523.wav,klaxon,klaxon
klaxon_524.wav,klaxon,klaxon
klaxon_525.wav,klaxon,klaxon
klaxon_526.wav,klaxon,klaxon
klaxon_527.wav,klaxon,klaxon
klaxon_528.wav,klaxon,klaxon
klaxon_529.wav,klaxon,klaxon
klaxon_530.wav,klaxon,klaxon
klaxon_531.wav,klaxon,klaxon
klaxon_532.wav,klaxon,klaxon
klaxon_533.wav,klaxon,klaxon
klaxon_534.wav,klaxon,klaxon
klaxon_535.wav,klaxon,klaxon
klaxon_536.wav,klaxon,klaxon
klaxon_537.wav,klaxon,klaxon
klaxon_538.wav,klaxon,klaxon
klaxon_539.wav,klaxon,klaxon
klaxon_540.wav,klaxon,klaxon
klaxon_541.wav,klaxon,klaxon
klaxon_542.wav,klaxon,klaxon
klaxon_543.wav,klaxon,klaxon
klaxon_544.wav,klaxon,klaxon
klaxon_545.wav,klaxon,klaxon
klaxon_546.wav,klaxon,klaxon
klaxon_547.wav,klaxon,klaxon
klaxon_548.wav,klaxon,klaxon
klaxon_549.wav,klaxon,klaxon
klaxon_550.wav,klaxon,klaxon
klaxon_551.wav,klaxon,klaxon
klaxon_552.wav,klaxon,klaxon
klaxon_553.wav,klaxon,klaxon
klaxon_554.wav,klaxon,klaxon
klaxon_555.wav,klaxon,klaxon
klaxon_556.wav,klaxon,klaxon
klaxon_557.wav,klaxon,klaxon
klaxon_558.wav,klaxon,klaxon
klaxon_559.wav,klaxon,klaxon
klaxon_560.wav,klaxon,klaxon
klaxon_561.wav,klaxon,klaxon
klaxon_562.wav,klaxon,klaxon
klaxon_563.wav,klaxon,klaxon
klaxon_564.wav,klaxon,klaxon
klaxon_565.wav,klaxon,klaxon
klaxon_566.wav,klaxon,klaxon
klaxon_567.wav,klaxon,klaxon
klaxon_568.wav,klaxon,klaxon
klaxon_569.wav,klaxon,klaxon
klaxon_570.wav,klaxon,klaxon
klaxon_571.wav,klaxon,klaxon
klaxon_572.wav,klaxon,klaxon
klaxon_573.wav,klaxon,klaxon
klaxon_574.wav,klaxon,klaxon
klaxon_575.wav,klaxon,klaxon
klaxon_576.wav,klaxon,klaxon
klaxon_577.wav,klaxon,klaxon
klaxon_578.wav,klaxon,klaxon
klaxon_579.wav,klaxon,klaxon
klaxon_580.wav,klaxon,klaxon
klaxon_581.wav,klaxon,klaxon
klaxon_582.wav,klaxon,klaxon
klaxon_583.wav,klaxon,klaxon
klaxon_584.wav,klaxon,klaxon
klaxon_585.wav,klaxon,klaxon
klaxon_586.wav,klaxon,klaxon
klaxon_587.wav,klaxon,klaxon
klaxon_588.wav,klaxon,klaxon
klaxon_589.wav,klaxon,klaxon
klaxon_590.wav,klaxon,klaxon
klaxon_591.wav,klaxon,klaxon
klaxon_592.wav,klaxon,klaxon
klaxon_593.wav,klaxon,klaxon
klaxon_594.wav,klaxon,klaxon
klaxon_595.wav,klaxon,klaxon
klaxon_596.wav,safety_alarm,klaxon
klaxon_597.wav,klaxon,klaxon
klaxon_598.wav,klaxon,klaxon
klaxon_599.wav,safety_alarm,klaxon
klaxon_600.wav,klaxon,klaxon
klaxon_601.wav,klaxon,klaxon
klaxon_602.wav,klaxon,klaxon
klaxon_603.wav,klaxon,klaxon
klaxon_604.wav,klaxon,klaxon
klaxon_605.wav,klaxon,klaxon
klaxon_606.wav,klaxon,klaxon
klaxon_607.wav,klaxon,klaxon
klaxon_608.wav,klaxon,klaxon
klaxon_609.wav,klaxon,klaxon
klaxon_610.wav,klaxon,klaxon
klaxon_611.wav,klaxon,klaxon
klaxon_612.wav,klaxon,klaxon
klaxon_613.wav,klaxon,klaxon
klaxon_614.wav,klaxon,klaxon
klaxon_615.wav,klaxon,klaxon
klaxon_616.wav,klaxon,klaxon
klaxon_617.wav,klaxon,klaxon
klaxon_618.wav,klaxon,klaxon
klaxon_619.wav,klaxon,klaxon
klaxon_620.wav,klaxon,klaxon
klaxon_621.wav,klaxon,klaxon
klaxon_622.wav,klaxon,klaxon
klaxon_623.wav,klaxon,klaxon
klaxon_624.wav,klaxon,klaxon
klaxon_625.wav,klaxon,klaxon
klaxon_626.wav,klaxon,klaxon
klaxon_627.wav,klaxon,klaxon
klaxon_628.wav,klaxon,klaxon
klaxon_629.wav,klaxon,klaxon
klaxon_630.wav,klaxon,klaxon
klaxon_631.wav,klaxon,klaxon
klaxon_632.wav,klaxon,klaxon
klaxon_633.wav,klaxon,klaxon
klaxon_634.wav,klaxon,klaxon
klaxon_635.wav,klaxon,klaxon
klaxon_636.wav,klaxon,klaxon
klaxon_637.wav,klaxon,klaxon
klaxon_638.wav,klaxon,klaxon
klaxon_639.wav,klaxon,klaxon
klaxon_640.wav,klaxon,klaxon
klaxon_641.wav,klaxon,klaxon
klaxon_642.wav,klaxon,klaxon
klaxon_643.wav,klaxon,klaxon
klaxon_644.wav,klaxon,klaxon
klaxon_645.wav,klaxon,klaxon
klaxon_646.wav,klaxon,klaxon
klaxon_647.wav,klaxon,klaxon
klaxon_648.wav,klaxon,klaxon
klaxon_649.wav,klaxon,klaxon
klaxon_650.wav,klaxon,klaxon
klaxon_651.wav,klaxon,klaxon
klaxon_652.wav,klaxon,klaxon
klaxon_653.wav,klaxon,klaxon
klaxon_654.wav,klaxon,klaxon
klaxon_655.wav,klaxon,klaxon
klaxon_656.wav,klaxon,klaxon
klaxon_657.wav,klaxon,klaxon
klaxon_658.wav,klaxon,klaxon
klaxon_659.wav,klaxon,klaxon
klaxon_660.wav,klaxon,klaxon
klaxon_661.wav,klaxon,klaxon
klaxon_662.wav,klaxon,klaxon
klaxon_663.wav,klaxon,klaxon
klaxon_664.wav,klaxon,klaxon
klaxon_665.wav,klaxon,klaxon
klaxon_666.wav,klaxon,klaxon
klaxon_667.wav,klaxon,klaxon
klaxon_668.wav,klaxon,klaxon
klaxon_669.wav,klaxon,klaxon
klaxon_670.wav,klaxon,klaxon
klaxon_671.wav,klaxon,klaxon
klaxon_672.wav,klaxon,klaxon
klaxon_673.wav,klaxon,klaxon
klaxon_674.wav,klaxon,klaxon
klaxon_675.wav,klaxon,klaxon
klaxon_676.wav,klaxon,klaxon
klaxon_677.wav,klaxon,klaxon
klaxon_678.wav,klaxon,klaxon
klaxon_679.wav,klaxon,klaxon
klaxon_680.wav,klaxon,klaxon
klaxon_681.wav,klaxon,klaxon
klaxon_682.wav,klaxon,klaxon
klaxon_683.wav,klaxon,klaxon
klaxon_684.wav,klaxon,klaxon
klaxon_685.wav,klaxon,klaxon
klaxon_686.wav,klaxon,klaxon
klaxon_687.wav,klaxon,klaxon
klaxon_688.wav,klaxon,klaxon
klaxon_689.wav,klaxon,klaxon
klaxon_690.wav,klaxon,klaxon
klaxon_691.wav,klaxon,klaxon
klaxon_692.wav,klaxon,klaxon
klaxon_693.wav,klaxon,klaxon
klaxon_694.wav,klaxon,klaxon
klaxon_695.wav,klaxon,klaxon
klaxon_696.wav,klaxon,klaxon
klaxon_697.wav,klaxon,klaxon
klaxon_698.wav,klaxon,klaxon
klaxon_699.wav,klaxon,klaxon
klaxon_700.wav,klaxon,klaxon
klaxon_701.wav,klaxon,klaxon
klaxon_702.wav,safety_alarm,klaxon
klaxon_703.wav,klaxon,klaxon
klaxon_704.wav,klaxon,klaxon
klaxon_705.wav,klaxon,klaxon
klaxon_706.wav,klaxon,klaxon
klaxon_707.wav,klaxon,klaxon
klaxon_708.wav,klaxon,klaxon
klaxon_709.wav,klaxon,klaxon
klaxon_710.wav,slap_smack,klaxon
klaxon_711.wav,klaxon,klaxon
klaxon_712.wav,klaxon,klaxon
klaxon_713.wav,klaxon,klaxon
klaxon_714.wav,klaxon,klaxon
klaxon_715.wav,klaxon,klaxon
klaxon_716.wav,klaxon,klaxon
klaxon_717.wav,klaxon,klaxon
klaxon_718.wav,safety_alarm,klaxon
klaxon_719.wav,klaxon,klaxon
klaxon_720.wav,klaxon,klaxon
klaxon_721.wav,klaxon,klaxon
klaxon_722.wav,klaxon,klaxon
klaxon_723.wav,klaxon,klaxon
klaxon_724.wav,klaxon,klaxon
klaxon_725.wav,klaxon,klaxon
klaxon_726.wav,klaxon,klaxon
klaxon_727.wav,klaxon,klaxon
klaxon_728.wav,klaxon,klaxon
klaxon_729.wav,klaxon,klaxon
klaxon_730.wav,klaxon,klaxon
klaxon_731.wav,klaxon,klaxon
klaxon_732.wav,klaxon,klaxon
klaxon_733.wav,klaxon,klaxon
klaxon_734.wav,klaxon,klaxon
klaxon_735.wav,klaxon,klaxon
klaxon_736.wav,klaxon,klaxon
klaxon_737.wav,klaxon,klaxon
klaxon_738.wav,klaxon,klaxon
klaxon_739.wav,klaxon,klaxon
klaxon_740.wav,klaxon,klaxon
klaxon_741.wav,klaxon,klaxon
klaxon_742.wav,klaxon,klaxon
klaxon_743.wav,klaxon,klaxon
klaxon_744.wav,klaxon,klaxon
klaxon_745.wav,klaxon,klaxon
klaxon_746.wav,klaxon,klaxon
klaxon_747.wav,klaxon,klaxon
klaxon_748.wav,klaxon,klaxon
klaxon_749.wav,klaxon,klaxon
klaxon_750.wav,klaxon,klaxon
klaxon_751.wav,klaxon,klaxon
klaxon_752.wav,klaxon,klaxon
klaxon_753.wav,klaxon,klaxon
klaxon_754.wav,klaxon,klaxon
klaxon_755.wav,klaxon,klaxon
klaxon_756.wav,klaxon,klaxon
klaxon_757.wav,klaxon,klaxon
klaxon_758.wav,klaxon,klaxon
klaxon_759.wav,klaxon,klaxon
klaxon_760.wav,klaxon,klaxon
klaxon_761.wav,klaxon,klaxon
klaxon_762.wav,klaxon,klaxon
klaxon_763.wav,klaxon,klaxon
klaxon_764.wav,klaxon,klaxon
klaxon_765.wav,klaxon,klaxon
klaxon_766.wav,klaxon,klaxon
klaxon_767.wav,klaxon,klaxon
klaxon_768.wav,klaxon,klaxon
klaxon_769.wav,klaxon,klaxon
klaxon_770.wav,klaxon,klaxon
klaxon_771.wav,klaxon,klaxon
klaxon_772.wav,klaxon,klaxon
klaxon_773.wav,klaxon,klaxon
klaxon_774.wav,klaxon,klaxon
klaxon_775.wav,klaxon,klaxon
klaxon_776.wav,klaxon,klaxon
klaxon_777.wav,klaxon,klaxon
klaxon_778.wav,klaxon,klaxon
klaxon_779.wav,klaxon,klaxon
klaxon_780.wav,klaxon,klaxon
klaxon_781.wav,klaxon,klaxon
klaxon_782.wav,klaxon,klaxon
klaxon_783.wav,klaxon,klaxon
klaxon_784.wav,klaxon,klaxon
klaxon_785.wav,klaxon,klaxon
klaxon_786.wav,klaxon,klaxon
klaxon_787.wav,klaxon,klaxon
klaxon_788.wav,klaxon,klaxon
klaxon_789.wav,klaxon,klaxon
klaxon_790.wav,klaxon,klaxon
klaxon_791.wav,klaxon,klaxon
klaxon_792.wav,klaxon,klaxon
klaxon_793.wav,klaxon,klaxon
klaxon_794.wav,klaxon,klaxon
klaxon_795.wav,klaxon,klaxon
klaxon_796.wav,klaxon,klaxon
klaxon_797.wav,klaxon,klaxon
klaxon_798.wav,klaxon,klaxon
klaxon_799.wav,klaxon,klaxon
klaxon_800.wav,klaxon,klaxon
klaxon_801.wav,klaxon,klaxon
klaxon_802.wav,klaxon,klaxon
klaxon_803.wav,klaxon,klaxon
klaxon_804.wav,klaxon,klaxon
klaxon_805.wav,klaxon,klaxon
klaxon_806.wav,klaxon,klaxon
klaxon_807.wav,klaxon,klaxon
klaxon_808.wav,klaxon,klaxon
klaxon_809.wav,klaxon,klaxon
klaxon_810.wav,klaxon,klaxon
klaxon_811.wav,klaxon,klaxon
klaxon_812.wav,klaxon,klaxon
klaxon_813.wav,klaxon,klaxon
klaxon_814.wav,klaxon,klaxon
klaxon_815.wav,klaxon,klaxon
klaxon_816.wav,klaxon,klaxon
klaxon_817.wav,klaxon,klaxon
klaxon_818.wav,klaxon,klaxon
klaxon_819.wav,klaxon,klaxon
klaxon_820.wav,klaxon,klaxon
klaxon_821.wav,klaxon,klaxon
klaxon_822.wav,klaxon,klaxon
klaxon_823.wav,klaxon,klaxon
klaxon_824.wav,klaxon,klaxon
klaxon_825.wav,klaxon,klaxon
klaxon_826.wav,klaxon,klaxon
klaxon_827.wav,klaxon,klaxon
klaxon_828.wav,klaxon,klaxon
klaxon_829.wav,klaxon,klaxon
klaxon_830.wav,klaxon,klaxon
klaxon_831.wav,klaxon,klaxon
klaxon_832.wav,klaxon,klaxon
klaxon_833.wav,klaxon,klaxon
klaxon_834.wav,klaxon,klaxon
klaxon_835.wav,klaxon,klaxon
klaxon_836.wav,klaxon,klaxon
klaxon_837.wav,klaxon,klaxon
klaxon_838.wav,klaxon,klaxon
klaxon_839.wav,klaxon,klaxon
klaxon_840.wav,klaxon,klaxon
klaxon_841.wav,klaxon,klaxon
klaxon_842.wav,klaxon,klaxon
klaxon_843.wav,klaxon,klaxon
klaxon_844.wav,klaxon,klaxon
klaxon_845.wav,klaxon,klaxon
klaxon_846.wav,klaxon,klaxon
klaxon_847.wav,klaxon,klaxon
klaxon_848.wav,klaxon,klaxon
klaxon_849.wav,klaxon,klaxon
klaxon_850.wav,klaxon,klaxon
klaxon_851.wav,klaxon,klaxon
klaxon_852.wav,klaxon,klaxon
klaxon_853.wav,klaxon,klaxon
klaxon_854.wav,klaxon,klaxon
klaxon_855.wav,klaxon,klaxon
klaxon_856.wav,klaxon,klaxon
klaxon_857.wav,klaxon,klaxon
klaxon_858.wav,klaxon,klaxon
klaxon_859.wav,klaxon,klaxon
klaxon_860.wav,klaxon,klaxon
klaxon_861.wav,klaxon,klaxon
klaxon_862.wav,klaxon,klaxon
klaxon_863.wav,klaxon,klaxon
klaxon_864.wav,klaxon,klaxon
klaxon_865.wav,klaxon,klaxon
klaxon_866.wav,klaxon,klaxon
klaxon_867.wav,klaxon,klaxon
klaxon_868.wav,klaxon,klaxon
klaxon_869.wav,klaxon,klaxon
klaxon_870.wav,klaxon,klaxon
klaxon_871.wav,klaxon,klaxon
klaxon_872.wav,klaxon,klaxon
klaxon_873.wav,klaxon,klaxon
klaxon_874.wav,klaxon,klaxon
klaxon_875.wav,klaxon,klaxon
klaxon_876.wav,klaxon,klaxon
klaxon_877.wav,klaxon,klaxon
klaxon_878.wav,klaxon,klaxon
klaxon_879.wav,klaxon,klaxon
klaxon_880.wav,klaxon,klaxon
klaxon_881.wav,klaxon,klaxon
klaxon_882.wav,klaxon,klaxon
klaxon_883.wav,klaxon,klaxon
klaxon_884.wav,klaxon,klaxon
klaxon_885.wav,klaxon,klaxon
klaxon_886.wav,klaxon,klaxon
klaxon_887.wav,klaxon,klaxon
klaxon_888.wav,klaxon,klaxon
klaxon_889.wav,klaxon,klaxon
klaxon_890.wav,klaxon,klaxon
klaxon_891.wav,klaxon,klaxon
klaxon_892.wav,klaxon,klaxon
klaxon_893.wav,klaxon,klaxon
klaxon_894.wav,klaxon,klaxon
klaxon_895.wav,klaxon,klaxon
klaxon_896.wav,klaxon,klaxon
klaxon_897.wav,safety_alarm,klaxon
klaxon_898.wav,klaxon,klaxon
klaxon_899.wav,klaxon,klaxon
klaxon_900.wav,klaxon,klaxon
klaxon_901.wav,klaxon,klaxon
klaxon_902.wav,klaxon,klaxon
klaxon_903.wav,klaxon,klaxon
klaxon_904.wav,klaxon,klaxon
klaxon_905.wav,klaxon,klaxon
klaxon_906.wav,klaxon,klaxon
klaxon_907.wav,klaxon,klaxon
klaxon_908.wav,klaxon,klaxon
klaxon_909.wav,klaxon,klaxon
klaxon_910.wav,klaxon,klaxon
klaxon_911.wav,klaxon,klaxon
klaxon_912.wav,klaxon,klaxon
klaxon_913.wav,klaxon,klaxon
klaxon_914.wav,klaxon,klaxon
klaxon_915.wav,klaxon,klaxon
klaxon_916.wav,klaxon,klaxon
klaxon_917.wav,klaxon,klaxon
klaxon_918.wav,klaxon,klaxon
klaxon_919.wav,klaxon,klaxon
klaxon_920.wav,klaxon,klaxon
klaxon_921.wav,klaxon,klaxon
klaxon_922.wav,klaxon,klaxon
klaxon_923.wav,klaxon,klaxon
klaxon_924.wav,klaxon,klaxon
klaxon_925.wav,klaxon,klaxon
klaxon_926.wav,klaxon,klaxon
klaxon_927.wav,klaxon,klaxon
klaxon_928.wav,klaxon,klaxon
klaxon_929.wav,klaxon,klaxon
klaxon_930.wav,klaxon,klaxon
klaxon_931.wav,klaxon,klaxon
klaxon_932.wav,klaxon,klaxon
klaxon_933.wav,klaxon,klaxon
klaxon_934.wav,klaxon,klaxon
klaxon_935.wav,klaxon,klaxon
klaxon_936.wav,klaxon,klaxon
klaxon_937.wav,klaxon,klaxon
klaxon_938.wav,klaxon,klaxon
klaxon_939.wav,klaxon,klaxon
klaxon_940.wav,klaxon,klaxon
klaxon_941.wav,klaxon,klaxon
klaxon_942.wav,klaxon,klaxon
klaxon_943.wav,klaxon,klaxon
klaxon_944.wav,klaxon,klaxon
klaxon_945.wav,klaxon,klaxon
klaxon_946.wav,klaxon,klaxon
klaxon_947.wav,klaxon,klaxon
klaxon_948.wav,klaxon,klaxon
klaxon_949.wav,klaxon,klaxon
klaxon_950.wav,klaxon,klaxon
klaxon_951.wav,klaxon,klaxon
klaxon_952.wav,klaxon,klaxon
klaxon_953.wav,klaxon,klaxon
klaxon_954.wav,klaxon,klaxon
klaxon_955.wav,klaxon,klaxon
klaxon_956.wav,klaxon,klaxon
klaxon_957.wav,klaxon,klaxon
klaxon_958.wav,klaxon,klaxon
klaxon_959.wav,klaxon,klaxon
klaxon_960.wav,klaxon,klaxon
klaxon_961.wav,klaxon,klaxon
klaxon_962.wav,klaxon,klaxon
klaxon_963.wav,klaxon,klaxon
klaxon_964.wav,klaxon,klaxon
klaxon_965.wav,klaxon,klaxon
klaxon_966.wav,klaxon,klaxon
klaxon_967.wav,klaxon,klaxon
klaxon_968.wav,klaxon,klaxon
klaxon_969.wav,klaxon,klaxon
klaxon_970.wav,klaxon,klaxon
klaxon_971.wav,klaxon,klaxon
klaxon_972.wav,klaxon,klaxon
klaxon_973.wav,klaxon,klaxon
klaxon_974.wav,klaxon,klaxon
klaxon_975.wav,klaxon,klaxon
klaxon_976.wav,klaxon,klaxon
klaxon_977.wav,klaxon,klaxon
klaxon_978.wav,klaxon,klaxon
klaxon_979.wav,klaxon,klaxon
klaxon_980.wav,klaxon,klaxon
klaxon_981.wav,klaxon,klaxon
klaxon_982.wav,klaxon,klaxon
klaxon_983.wav,klaxon,klaxon
klaxon_984.wav,klaxon,klaxon
klaxon_985.wav,klaxon,klaxon
klaxon_986.wav,klaxon,klaxon
klaxon_987.wav,klaxon,klaxon
klaxon_988.wav,klaxon,klaxon
klaxon_989.wav,klaxon,klaxon
klaxon_990.wav,klaxon,klaxon
klaxon_991.wav,klaxon,klaxon
klaxon_992.wav,klaxon,klaxon
klaxon_993.wav,klaxon,klaxon
klaxon_994.wav,klaxon,klaxon
klaxon_995.wav,klaxon,klaxon
klaxon_996.wav,klaxon,klaxon
klaxon_997.wav,klaxon,klaxon
klaxon_998.wav,klaxon,klaxon
klaxon_999.wav,klaxon,klaxon
klaxon_1000.wav,klaxon,klaxon
engine_1.wav,engine,engine
engine_2.wav,engine,engine
engine_3.wav,engine,engine
engine_4.wav,engine,engine
engine_5.wav,engine,engine
engine_6.wav,engine,engine
engine_7.wav,engine,engine
engine_8.wav,engine,engine
engine_9.wav,engine,engine
engine_10.wav,engine,engine
engine_11.wav,engine,engine
engine_12.wav,engine,engine
engine_13.wav,engine,engine
engine_14.wav,engine,engine
engine_15.wav,engine,engine
engine_16.wav,engine,engine
engine_17.wav,engine,engine
engine_18.wav,engine,engine
engine_19.wav,engine,engine
engine_20.wav,engine,engine
engine_21.wav,engine,engine
engine_22.wav,engine,engine
engine_23.wav,engine,engine
engine_24.wav,engine,engine
engine_25.wav,engine,engine
engine_26.wav,engine,engine
engine_27.wav,tools,engine
engine_28.wav,engine,engine
engine_29.wav,engine,engine
engine_30.wav,tools,engine
engine_31.wav,engine,engine
engine_32.wav,engine,engine
engine_33.wav,engine,engine
engine_34.wav,engine,engine
engine_35.wav,engine,engine
engine_36.wav,engine,engine
engine_37.wav,engine,engine
engine_38.wav,engine,engine
engine_39.wav,engine,engine
engine_40.wav,engine,engine
engine_41.wav,engine,engine
engine_42.wav,engine,engine
engine_43.wav,engine,engine
engine_44.wav,engine,engine
engine_45.wav,engine,engine
engine_46.wav,engine,engine
engine_47.wav,engine,engine
engine_48.wav,engine,engine
engine_49.wav,engine,engine
engine_50.wav,engine,engine
engine_51.wav,engine,engine
engine_52.wav,engine,engine
engine_53.wav,engine,engine
engine_54.wav,engine,engine
engine_55.wav,heavy_equipment,engine
engine_56.wav,engine,engine
engine_57.wav,engine,engine
engine_58.wav,engine,engine
engine_59.wav,engine,engine
engine_60.wav,engine,engine
engine_61.wav,engine,engine
engine_62.wav,engine,engine
engine_63.wav,engine,engine
engine_64.wav,engine,engine
engine_65.wav,engine,engine
engine_66.wav,engine,engine
engine_67.wav,engine,engine
engine_68.wav,engine,engine
engine_69.wav,engine,engine
engine_70.wav,engine,engine
engine_71.wav,engine,engine
engine_72.wav,engine,engine
engine_73.wav,engine,engine
engine_74.wav,engine,engine
engine_75.wav,engine,engine
engine_76.wav,engine,engine
engine_77.wav,engine,engine
engine_78.wav,engine,engine
engine_79.wav,engine,engine
engine_80.wav,engine,engine
engine_81.wav,engine,engine
engine_82.wav,tools,engine
engine_83.wav,tools,engine
engine_84.wav,engine,engine
engine_85.wav,engine,engine
engine_86.wav,engine,engine
engine_87.wav,engine,engine
engine_88.wav,engine,engine
engine_89.wav,engine,engine
engine_90.wav,engine,engine
engine_91.wav,engine,engine
engine_92.wav,engine,engine
engine_93.wav,engine,engine
engine_94.wav,engine,engine
engine_95.wav,engine,engine
engine_96.wav,engine,engine
engine_97.wav,engine,engine
engine_98.wav,engine,engine
engine_99.wav,engine,engine
engine_100.wav,engine,engine
engine_101.wav,engine,engine
engine_102.wav,engine,engine
engine_103.wav,engine,engine
engine_104.wav,engine,engine
engine_105.wav,engine,engine
engine_106.wav,engine,engine
engine_107.wav,engine,engine
engine_108.wav,engine,engine
engine_109.wav,engine,engine
engine_110.wav,engine,engine
engine_111.wav,engine,engine
engine_112.wav,engine,engine
engine_113.wav,engine,engine
engine_114.wav,engine,engine
engine_115.wav,siren,engine
engine_116.wav,engine,engine
engine_117.wav,engine,engine
engine_118.wav,engine,engine
engine_119.wav,engine,engine
engine_120.wav,engine,engine
engine_121.wav,engine,engine
engine_122.wav,engine,engine
engine_123.wav,engine,engine
engine_124.wav,engine,engine
engine_125.wav,engine,engine
engine_126.wav,engine,engine
engine_127.wav,engine,engine
engine_128.wav,engine,engine
engine_129.wav,engine,engine
engine_130.wav,engine,engine
engine_131.wav,engine,engine
engine_132.wav,engine,engine
engine_133.wav,engine,engine
engine_134.wav,engine,engine
engine_135.wav,engine,engine
engine_136.wav,engine,engine
engine_137.wav,engine,engine
engine_138.wav,engine,engine
engine_139.wav,engine,engine
engine_140.wav,engine,engine
engine_141.wav,engine,engine
engine_142.wav,engine,engine
engine_143.wav,engine,engine
engine_144.wav,engine,engine
engine_145.wav,engine,engine
engine_146.wav,engine,engine
engine_147.wav,engine,engine
engine_148.wav,engine,engine
engine_149.wav,engine,engine
engine_150.wav,tools,engine
engine_151.wav,engine,engine
engine_152.wav,engine,engine
engine_153.wav,engine,engine
engine_154.wav,engine,engine
engine_155.wav,engine,engine
engine_156.wav,engine,engine
engine_157.wav,engine,engine
engine_158.wav,engine,engine
engine_159.wav,engine,engine
engine_160.wav,engine,engine
engine_161.wav,engine,engine
engine_162.wav,engine,engine
engine_163.wav,engine,engine
engine_164.wav,engine,engine
engine_165.wav,engine,engine
engine_166.wav,engine,engine
engine_167.wav,engine,engine
engine_168.wav,engine,engine
engine_169.wav,engine,engine
engine_170.wav,siren,engine
engine_171.wav,engine,engine
engine_172.wav,engine,engine
engine_173.wav,engine,engine
engine_174.wav,engine,engine
engine_175.wav,engine,engine
engine_176.wav,siren,engine
engine_177.wav,engine,engine
engine_178.wav,engine,engine
engine_179.wav,engine,engine
engine_180.wav,engine,engine
engine_181.wav,engine,engine
engine_182.wav,engine,engine
engine_183.wav,engine,engine
engine_184.wav,engine,engine
engine_185.wav,engine,engine
engine_186.wav,engine,engine
engine_187.wav,engine,engine
engine_188.wav,engine,engine
engine_189.wav,engine,engine
engine_190.wav,engine,engine
engine_191.wav,engine,engine
engine_192.wav,engine,engine
engine_193.wav,engine,engine
engine_194.wav,engine,engine
engine_195.wav,engine,engine
engine_196.wav,engine,engine
engine_197.wav,engine,engine
engine_198.wav,engine,engine
engine_199.wav,engine,engine
engine_200.wav,engine,engine
engine_201.wav,engine,engine
engine_202.wav,engine,engine
engine_203.wav,engine,engine
engine_204.wav,engine,engine
engine_205.wav,engine,engine
engine_206.wav,engine,engine
engine_207.wav,engine,engine
engine_208.wav,tools,engine
engine_209.wav,engine,engine
engine_210.wav,engine,engine
engine_211.wav,engine,engine
engine_212.wav,engine,engine
engine_213.wav,engine,engine
engine_214.wav,engine,engine
engine_215.wav,engine,engine
engine_216.wav,engine,engine
engine_217.wav,engine,engine
engine_218.wav,engine,engine
engine_219.wav,engine,engine
engine_220.wav,engine,engine
engine_221.wav,engine,engine
engine_222.wav,engine,engine
engine_223.wav,engine,engine
engine_224.wav,engine,engine
engine_225.wav,engine,engine
engine_226.wav,siren,engine
engine_227.wav,engine,engine
engine_228.wav,engine,engine
engine_229.wav,engine,engine
engine_230.wav,engine,engine
engine_231.wav,engine,engine
engine_232.wav,engine,engine
engine_233.wav,engine,engine
engine_234.wav,engine,engine
engine_235.wav,engine,engine
engine_236.wav,engine,engine
engine_237.wav,engine,engine
engine_238.wav,engine,engine
engine_239.wav,engine,engine
engine_240.wav,engine,engine
engine_241.wav,engine,engine
engine_242.wav,engine,engine
engine_243.wav,engine,engine
engine_244.wav,engine,engine
engine_245.wav,engine,engine
engine_246.wav,engine,engine
engine_247.wav,engine,engine
engine_248.wav,engine,engine
engine_249.wav,engine,engine
engine_250.wav,engine,engine
engine_251.wav,engine,engine
engine_252.wav,engine,engine
engine_253.wav,engine,engine
engine_254.wav,engine,engine
engine_255.wav,engine,engine
engine_256.wav,engine,engine
engine_257.wav,engine,engine
engine_258.wav,engine,engine
engine_259.wav,engine,engine
engine_260.wav,engine,engine
engine_261.wav,engine,engine
engine_262.wav,engine,engine
engine_263.wav,engine,engine
engine_264.wav,tools,engine
engine_265.wav,engine,engine
engine_266.wav,engine,engine
engine_267.wav,engine,engine
engine_268.wav,engine,engine
engine_269.wav,engine,engine
engine_270.wav,tools,engine
engine_271.wav,engine,engine
engine_272.wav,engine,engine
engine_273.wav,engine,engine
engine_274.wav,engine,engine
engine_275.wav,engine,engine
engine_276.wav,engine,engine
engine_277.wav,engine,engine
engine_278.wav,engine,engine
engine_279.wav,engine,engine
engine_280.wav,engine,engine
engine_281.wav,engine,engine
engine_282.wav,engine,engine
engine_283.wav,engine,engine
engine_284.wav,engine,engine
engine_285.wav,engine,engine
engine_286.wav,engine,engine
engine_287.wav,engine,engine
engine_288.wav,engine,engine
engine_289.wav,engine,engine
engine_290.wav,engine,engine
engine_291.wav,engine,engine
engine_292.wav,engine,engine
engine_293.wav,engine,engine
engine_294.wav,engine,engine
engine_295.wav,engine,engine
engine_296.wav,engine,engine
engine_297.wav,engine,engine
engine_298.wav,engine,engine
engine_299.wav,engine,engine
engine_300.wav,engine,engine
engine_301.wav,engine,engine
engine_302.wav,engine,engine
engine_303.wav,engine,engine
engine_304.wav,engine,engine
engine_305.wav,engine,engine
engine_306.wav,tools,engine
engine_307.wav,engine,engine
engine_308.wav,engine,engine
engine_309.wav,engine,engine
engine_310.wav,engine,engine
engine_311.wav,engine,engine
engine_312.wav,engine,engine
engine_313.wav,engine,engine
engine_314.wav,engine,engine
engine_315.wav,engine,engine
engine_316.wav,engine,engine
engine_317.wav,engine,engine
engine_318.wav,engine,engine
engine_319.wav,engine,engine
engine_320.wav,engine,engine
engine_321.wav,engine,engine
engine_322.wav,engine,engine
engine_323.wav,engine,engine
engine_324.wav,engine,engine
engine_325.wav,engine,engine
engine_326.wav,engine,engine
engine_327.wav,engine,engine
engine_328.wav,engine,engine
engine_329.wav,engine,engine
engine_330.wav,engine,engine
engine_331.wav,engine,engine
engine_332.wav,engine,engine
engine_333.wav,engine,engine
engine_334.wav,engine,engine
engine_335.wav,engine,engine
engine_336.wav,engine,engine
engine_337.wav,engine,engine
engine_338.wav,engine,engine
engine_339.wav,engine,engine
engine_340.wav,engine,engine
engine_341.wav,engine,engine
engine_342.wav,engine,engine
engine_343.wav,engine,engine
engine_344.wav,engine,engine
engine_345.wav,engine,engine
engine_346.wav,engine,engine
engine_347.wav,engine,engine
engine_348.wav,engine,engine
engine_349.wav,engine,engine
engine_350.wav,tools,engine
engine_351.wav,engine,engine
engine_352.wav,tools,engine
engine_353.wav,tools,engine
engine_354.wav,engine,engine
engine_355.wav,engine,engine
engine_356.wav,engine,engine
engine_357.wav,engine,engine
engine_358.wav,engine,engine
engine_359.wav,engine,engine
engine_360.wav,engine,engine
engine_361.wav,engine,engine
engine_362.wav,engine,engine
engine_363.wav,engine,engine
engine_364.wav,engine,engine
engine_365.wav,engine,engine
engine_366.wav,engine,engine
engine_367.wav,engine,engine
engine_368.wav,engine,engine
engine_369.wav,engine,engine
engine_370.wav,engine,engine
engine_371.wav,engine,engine
engine_372.wav,engine,engine
engine_373.wav,tools,engine
engine_374.wav,engine,engine
engine_375.wav,engine,engine
engine_376.wav,engine,engine
engine_377.wav,engine,engine
engine_378.wav,engine,engine
engine_379.wav,engine,engine
engine_380.wav,engine,engine
engine_381.wav,engine,engine
engine_382.wav,engine,engine
engine_383.wav,engine,engine
engine_384.wav,engine,engine
engine_385.wav,engine,engine
engine_386.wav,engine,engine
engine_387.wav,engine,engine
engine_388.wav,engine,engine
engine_389.wav,engine,engine
engine_390.wav,engine,engine
engine_391.wav,engine,engine
engine_392.wav,engine,engine
engine_393.wav,engine,engine
engine_394.wav,engine,engine
engine_395.wav,heavy_equipment,engine
engine_396.wav,engine,engine
engine_397.wav,engine,engine
engine_398.wav,engine,engine
engine_399.wav,engine,engine
engine_400.wav,engine,engine
engine_401.wav,engine,engine
engine_402.wav,engine,engine
engine_403.wav,engine,engine
engine_404.wav,engine,engine
engine_405.wav,engine,engine
engine_406.wav,engine,engine
engine_407.wav,engine,engine
engine_408.wav,engine,engine
engine_409.wav,engine,engine
engine_410.wav,engine,engine
engine_411.wav,engine,engine
engine_412.wav,engine,engine
engine_413.wav,engine,engine
engine_414.wav,engine,engine
engine_415.wav,engine,engine
engine_416.wav,engine,engine
engine_417.wav,tools,engine
engine_418.wav,engine,engine
engine_419.wav,engine,engine
engine_420.wav,engine,engine
engine_421.wav,engine,engine
engine_422.wav,engine,engine
engine_423.wav,engine,engine
engine_424.wav,engine,engine
engine_425.wav,engine,engine
engine_426.wav,tools,engine
engine_427.wav,engine,engine
engine_428.wav,engine,engine
engine_429.wav,engine,engine
engine_430.wav,engine,engine
engine_431.wav,engine,engine
engine_432.wav,engine,engine
engine_433.wav,engine,engine
engine_434.wav,engine,engine
engine_435.wav,engine,engine
engine_436.wav,engine,engine
engine_437.wav,engine,engine
engine_438.wav,engine,engine
engine_439.wav,engine,engine
engine_440.wav,engine,engine
engine_441.wav,engine,engine
engine_442.wav,engine,engine
engine_443.wav,engine,engine
engine_444.wav,engine,engine
engine_445.wav,engine,engine
engine_446.wav,engine,engine
engine_447.wav,engine,engine
engine_448.wav,tools,engine
engine_449.wav,engine,engine
engine_450.wav,engine,engine
engine_451.wav,engine,engine
engine_452.wav,engine,engine
engine_453.wav,engine,engine
engine_454.wav,engine,engine
engine_455.wav,engine,engine
engine_456.wav,engine,engine
engine_457.wav,engine,engine
engine_458.wav,engine,engine
engine_459.wav,engine,engine
engine_460.wav,engine,engine
engine_461.wav,engine,engine
engine_462.wav,engine,engine
engine_463.wav,engine,engine
engine_464.wav,engine,engine
engine_465.wav,engine,engine
engine_466.wav,engine,engine
engine_467.wav,engine,engine
engine_468.wav,engine,engine
engine_469.wav,engine,engine
engine_470.wav,engine,engine
engine_471.wav,engine,engine
engine_472.wav,engine,engine
engine_473.wav,engine,engine
engine_474.wav,engine,engine
engine_475.wav,engine,engine
engine_476.wav,engine,engine
engine_477.wav,engine,engine
engine_478.wav,engine,engine
engine_479.wav,engine,engine
engine_480.wav,engine,engine
engine_481.wav,engine,engine
engine_482.wav,engine,engine
engine_483.wav,engine,engine
engine_484.wav,engine,engine
engine_485.wav,engine,engine
engine_486.wav,engine,engine
engine_487.wav,engine,engine
engine_488.wav,engine,engine
engine_489.wav,engine,engine
engine_490.wav,engine,engine
engine_491.wav,engine,engine
engine_492.wav,engine,engine
engine_493.wav,engine,engine
engine_494.wav,tools,engine
engine_495.wav,engine,engine
engine_496.wav,engine,engine
engine_497.wav,engine,engine
engine_498.wav,engine,engine
engine_499.wav,engine,engine
engine_500.wav,engine,engine
engine_501.wav,engine,engine
engine_502.wav,engine,engine
engine_503.wav,engine,engine
engine_504.wav,engine,engine
engine_505.wav,engine,engine
engine_506.wav,engine,engine
engine_507.wav,engine,engine
engine_508.wav,engine,engine
engine_509.wav,engine,engine
engine_510.wav,engine,engine
engine_511.wav,engine,engine
engine_512.wav,engine,engine
engine_513.wav,engine,engine
engine_514.wav,engine,engine
engine_515.wav,engine,engine
engine_516.wav,engine,engine
engine_517.wav,engine,engine
engine_518.wav,engine,engine
engine_519.wav,tools,engine
engine_520.wav,tools,engine
engine_521.wav,engine,engine
engine_522.wav,engine,engine
engine_523.wav,engine,engine
engine_524.wav,engine,engine
engine_525.wav,engine,engine
engine_526.wav,tools,engine
engine_527.wav,engine,engine
engine_528.wav,engine,engine
engine_529.wav,engine,engine
engine_530.wav,engine,engine
engine_531.wav,tools,engine
engine_532.wav,engine,engine
engine_533.wav,engine,engine
engine_534.wav,engine,engine
engine_535.wav,engine,engine
engine_536.wav,engine,engine
engine_537.wav,tools,engine
engine_538.wav,engine,engine
engine_539.wav,engine,engine
engine_540.wav,engine,engine
engine_541.wav,engine,engine
engine_542.wav,engine,engine
engine_543.wav,engine,engine
engine_544.wav,engine,engine
engine_545.wav,engine,engine
engine_546.wav,engine,engine
engine_547.wav,engine,engine
engine_548.wav,engine,engine
engine_549.wav,engine,engine
engine_550.wav,engine,engine
engine_551.wav,engine,engine
engine_552.wav,engine,engine
engine_553.wav,engine,engine
engine_554.wav,engine,engine
engine_555.wav,engine,engine
engine_556.wav,engine,engine
engine_557.wav,engine,engine
engine_558.wav,engine,engine
engine_559.wav,engine,engine
engine_560.wav,engine,engine
engine_561.wav,engine,engine
engine_562.wav,engine,engine
engine_563.wav,engine,engine
engine_564.wav,engine,engine
engine_565.wav,engine,engine
engine_566.wav,engine,engine
engine_567.wav,engine,engine
engine_568.wav,engine,engine
engine_569.wav,engine,engine
engine_570.wav,engine,engine
engine_571.wav,engine,engine
engine_572.wav,engine,engine
engine_573.wav,tools,engine
engine_574.wav,engine,engine
engine_575.wav,engine,engine
engine_576.wav,engine,engine
engine_577.wav,engine,engine
engine_578.wav,engine,engine
engine_579.wav,tools,engine
engine_580.wav,engine,engine
engine_581.wav,engine,engine
engine_582.wav,engine,engine
engine_583.wav,engine,engine
engine_584.wav,engine,engine
engine_585.wav,engine,engine
engine_586.wav,engine,engine
engine_587.wav,engine,engine
engine_588.wav,engine,engine
engine_589.wav,engine,engine
engine_590.wav,engine,engine
engine_591.wav,engine,engine
engine_592.wav,engine,engine
engine_593.wav,engine,engine
engine_594.wav,engine,engine
engine_595.wav,engine,engine
engine_596.wav,engine,engine
engine_597.wav,engine,engine
engine_598.wav,engine,engine
engine_599.wav,engine,engine
engine_600.wav,engine,engine
engine_601.wav,engine,engine
engine_602.wav,engine,engine
engine_603.wav,engine,engine
engine_604.wav,engine,engine
engine_605.wav,engine,engine
engine_606.wav,engine,engine
engine_607.wav,engine,engine
engine_608.wav,engine,engine
engine_609.wav,engine,engine
engine_610.wav,engine,engine
engine_611.wav,engine,engine
engine_612.wav,engine,engine
engine_613.wav,engine,engine
engine_614.wav,engine,engine
engine_615.wav,engine,engine
engine_616.wav,engine,engine
engine_617.wav,engine,engine
engine_618.wav,engine,engine
engine_619.wav,engine,engine
engine_620.wav,engine,engine
engine_621.wav,engine,engine
engine_622.wav,engine,engine
engine_623.wav,engine,engine
engine_624.wav,engine,engine
engine_625.wav,tools,engine
engine_626.wav,engine,engine
engine_627.wav,engine,engine
engine_628.wav,engine,engine
engine_629.wav,engine,engine
engine_630.wav,tools,engine
engine_631.wav,engine,engine
engine_632.wav,engine,engine
engine_633.wav,engine,engine
engine_634.wav,engine,engine
engine_635.wav,engine,engine
engine_636.wav,engine,engine
engine_637.wav,engine,engine
engine_638.wav,engine,engine
engine_639.wav,engine,engine
engine_640.wav,engine,engine
engine_641.wav,engine,engine
engine_642.wav,engine,engine
engine_643.wav,engine,engine
engine_644.wav,engine,engine
engine_645.wav,tools,engine
engine_646.wav,engine,engine
engine_647.wav,engine,engine
engine_648.wav,engine,engine
engine_649.wav,engine,engine
engine_650.wav,telephone_bell,engine
engine_651.wav,engine,engine
engine_652.wav,engine,engine
engine_653.wav,engine,engine
engine_654.wav,engine,engine
engine_655.wav,engine,engine
engine_656.wav,engine,engine
engine_657.wav,engine,engine
engine_658.wav,engine,engine
engine_659.wav,engine,engine
engine_660.wav,engine,engine
engine_661.wav,engine,engine
engine_662.wav,engine,engine
engine_663.wav,engine,engine
engine_664.wav,engine,engine
engine_665.wav,engine,engine
engine_666.wav,engine,engine
engine_667.wav,engine,engine
engine_668.wav,engine,engine
engine_669.wav,engine,engine
engine_670.wav,engine,engine
engine_671.wav,engine,engine
engine_672.wav,engine,engine
engine_673.wav,engine,engine
engine_674.wav,engine,engine
engine_675.wav,engine,engine
engine_676.wav,engine,engine
engine_677.wav,engine,engine
engine_678.wav,engine,engine
engine_679.wav,engine,engine
engine_680.wav,engine,engine
engine_681.wav,engine,engine
engine_682.wav,engine,engine
engine_683.wav,engine,engine
engine_684.wav,engine,engine
engine_685.wav,engine,engine
engine_686.wav,engine,engine
engine_687.wav,engine,engine
engine_688.wav,engine,engine
engine_689.wav,engine,engine
engine_690.wav,engine,engine
engine_691.wav,engine,engine
engine_692.wav,engine,engine
engine_693.wav,engine,engine
engine_694.wav,engine,engine
engine_695.wav,engine,engine
engine_696.wav,engine,engine
engine_697.wav,engine,engine
engine_698.wav,engine,engine
engine_699.wav,engine,engine
engine_700.wav,engine,engine
engine_701.wav,engine,engine
engine_702.wav,engine,engine
engine_703.wav,engine,engine
engine_704.wav,engine,engine
engine_705.wav,tools,engine
engine_706.wav,engine,engine
engine_707.wav,engine,engine
engine_708.wav,engine,engine
engine_709.wav,engine,engine
engine_710.wav,engine,engine
engine_711.wav,engine,engine
engine_712.wav,engine,engine
engine_713.wav,engine,engine
engine_714.wav,engine,engine
engine_715.wav,engine,engine
engine_716.wav,engine,engine
engine_717.wav,engine,engine
engine_718.wav,engine,engine
engine_719.wav,engine,engine
engine_720.wav,engine,engine
engine_721.wav,engine,engine
engine_722.wav,engine,engine
engine_723.wav,engine,engine
engine_724.wav,engine,engine
engine_725.wav,engine,engine
engine_726.wav,engine,engine
engine_727.wav,engine,engine
engine_728.wav,engine,engine
engine_729.wav,engine,engine
engine_730.wav,engine,engine
engine_731.wav,engine,engine
engine_732.wav,engine,engine
engine_733.wav,engine,engine
engine_734.wav,engine,engine
engine_735.wav,engine,engine
engine_736.wav,engine,engine
engine_737.wav,engine,engine
engine_738.wav,engine,engine
engine_739.wav,engine,engine
engine_740.wav,engine,engine
engine_741.wav,engine,engine
engine_742.wav,engine,engine
engine_743.wav,engine,engine
engine_744.wav,engine,engine
engine_745.wav,engine,engine
engine_746.wav,engine,engine
engine_747.wav,engine,engine
engine_748.wav,engine,engine
engine_749.wav,engine,engine
engine_750.wav,engine,engine
engine_751.wav,engine,engine
engine_752.wav,engine,engine
engine_753.wav,engine,engine
engine_754.wav,engine,engine
engine_755.wav,engine,engine
engine_756.wav,engine,engine
engine_757.wav,engine,engine
engine_758.wav,engine,engine
engine_759.wav,engine,engine
engine_760.wav,tools,engine
engine_761.wav,engine,engine
engine_762.wav,engine,engine
engine_763.wav,engine,engine
engine_764.wav,engine,engine
engine_765.wav,tools,engine
engine_766.wav,engine,engine
engine_767.wav,engine,engine
engine_768.wav,engine,engine
engine_769.wav,engine,engine
engine_770.wav,engine,engine
engine_771.wav,engine,engine
engine_772.wav,engine,engine
engine_773.wav,engine,engine
engine_774.wav,engine,engine
engine_775.wav,engine,engine
engine_776.wav,engine,engine
engine_777.wav,engine,engine
engine_778.wav,engine,engine
engine_779.wav,engine,engine
engine_780.wav,tools,engine
engine_781.wav,engine,engine
engine_782.wav,engine,engine
engine_783.wav,engine,engine
engine_784.wav,engine,engine
engine_785.wav,engine,engine
engine_786.wav,engine,engine
engine_787.wav,engine,engine
engine_788.wav,engine,engine
engine_789.wav,engine,engine
engine_790.wav,engine,engine
engine_791.wav,engine,engine
engine_792.wav,tools,engine
engine_793.wav,engine,engine
engine_794.wav,engine,engine
engine_795.wav,engine,engine
engine_796.wav,engine,engine
engine_797.wav,engine,engine
engine_798.wav,engine,engine
engine_799.wav,engine,engine
engine_800.wav,engine,engine
engine_801.wav,engine,engine
engine_802.wav,engine,engine
engine_803.wav,engine,engine
engine_804.wav,engine,engine
engine_805.wav,engine,engine
engine_806.wav,engine,engine
engine_807.wav,engine,engine
engine_808.wav,engine,engine
engine_809.wav,engine,engine
engine_810.wav,engine,engine
engine_811.wav,engine,engine
engine_812.wav,engine,engine
engine_813.wav,engine,engine
engine_814.wav,engine,engine
engine_815.wav,engine,engine
engine_816.wav,engine,engine
engine_817.wav,engine,engine
engine_818.wav,engine,engine
engine_819.wav,engine,engine
engine_820.wav,engine,engine
engine_821.wav,engine,engine
engine_822.wav,engine,engine
engine_823.wav,engine,engine
engine_824.wav,engine,engine
engine_825.wav,engine,engine
engine_826.wav,engine,engine
engine_827.wav,engine,engine
engine_828.wav,engine,engine
engine_829.wav,engine,engine
engine_830.wav,engine,engine
engine_831.wav,engine,engine
engine_832.wav,engine,engine
engine_833.wav,engine,engine
engine_834.wav,engine,engine
engine_835.wav,engine,engine
engine_836.wav,tools,engine
engine_837.wav,engine,engine
engine_838.wav,engine,engine
engine_839.wav,engine,engine
engine_840.wav,engine,engine
engine_841.wav,engine,engine
engine_842.wav,engine,engine
engine_843.wav,engine,engine
engine_844.wav,engine,engine
engine_845.wav,engine,engine
engine_846.wav,engine,engine
engine_847.wav,engine,engine
engine_848.wav,engine,engine
engine_849.wav,engine,engine
engine_850.wav,engine,engine
engine_851.wav,engine,engine
engine_852.wav,engine,engine
engine_853.wav,engine,engine
engine_854.wav,engine,engine
engine_855.wav,tools,engine
engine_856.wav,engine,engine
engine_857.wav,engine,engine
engine_858.wav,engine,engine
engine_859.wav,engine,engine
engine_860.wav,engine,engine
engine_861.wav,engine,engine
engine_862.wav,engine,engine
engine_863.wav,engine,engine
engine_864.wav,engine,engine
engine_865.wav,engine,engine
engine_866.wav,engine,engine
engine_867.wav,engine,engine
engine_868.wav,engine,engine
engine_869.wav,engine,engine
engine_870.wav,engine,engine
engine_871.wav,engine,engine
engine_872.wav,engine,engine
engine_873.wav,engine,engine
engine_874.wav,engine,engine
engine_875.wav,engine,engine
engine_876.wav,engine,engine
engine_877.wav,engine,engine
engine_878.wav,engine,engine
engine_879.wav,engine,engine
engine_880.wav,engine,engine
engine_881.wav,engine,engine
engine_882.wav,engine,engine
engine_883.wav,engine,engine
engine_884.wav,engine,engine
engine_885.wav,engine,engine
engine_886.wav,engine,engine
engine_887.wav,engine,engine
engine_888.wav,engine,engine
engine_889.wav,engine,engine
engine_890.wav,engine,engine
engine_891.wav,engine,engine
engine_892.wav,engine,engine
engine_893.wav,engine,engine
engine_894.wav,engine,engine
engine_895.wav,engine,engine
engine_896.wav,engine,engine
engine_897.wav,engine,engine
engine_898.wav,engine,engine
engine_899.wav,engine,engine
engine_900.wav,engine,engine
engine_901.wav,engine,engine
engine_902.wav,engine,engine
engine_903.wav,engine,engine
engine_904.wav,engine,engine
engine_905.wav,engine,engine
engine_906.wav,engine,engine
engine_907.wav,engine,engine
engine_908.wav,engine,engine
engine_909.wav,engine,engine
engine_910.wav,engine,engine
engine_911.wav,tools,engine
engine_912.wav,engine,engine
engine_913.wav,engine,engine
engine_914.wav,engine,engine
engine_915.wav,engine,engine
engine_916.wav,engine,engine
engine_917.wav,engine,engine
engine_918.wav,engine,engine
engine_919.wav,engine,engine
engine_920.wav,engine,engine
engine_921.wav,engine,engine
engine_922.wav,engine,engine
engine_923.wav,engine,engine
engine_924.wav,engine,engine
engine_925.wav,engine,engine
engine_926.wav,engine,engine
engine_927.wav,engine,engine
engine_928.wav,engine,engine
engine_929.wav,engine,engine
engine_930.wav,engine,engine
engine_931.wav,engine,engine
engine_932.wav,engine,engine
engine_933.wav,engine,engine
engine_934.wav,engine,engine
engine_935.wav,engine,engine
engine_936.wav,engine,engine
engine_937.wav,engine,engine
engine_938.wav,engine,engine
engine_939.wav,engine,engine
engine_940.wav,engine,engine
engine_941.wav,engine,engine
engine_942.wav,engine,engine
engine_943.wav,engine,engine
engine_944.wav,engine,engine
engine_945.wav,engine,engine
engine_946.wav,engine,engine
engine_947.wav,engine,engine
engine_948.wav,engine,engine
engine_949.wav,engine,engine
engine_950.wav,engine,engine
engine_951.wav,engine,engine
engine_952.wav,engine,engine
engine_953.wav,engine,engine
engine_954.wav,engine,engine
engine_955.wav,engine,engine
engine_956.wav,tools,engine
engine_957.wav,engine,engine
engine_958.wav,engine,engine
engine_959.wav,engine,engine
engine_960.wav,engine,engine
engine_961.wav,tools,engine
engine_962.wav,engine,engine
engine_963.wav,engine,engine
engine_964.wav,engine,engine
engine_965.wav,engine,engine
engine_966.wav,engine,engine
engine_967.wav,engine,engine
engine_968.wav,engine,engine
engine_969.wav,engine,engine
engine_970.wav,engine,engine
engine_971.wav,engine,engine
engine_972.wav,engine,engine
engine_973.wav,engine,engine
engine_974.wav,engine,engine
engine_975.wav,engine,engine
engine_976.wav,engine,engine
engine_977.wav,engine,engine
engine_978.wav,engine,engine
engine_979.wav,engine,engine
engine_980.wav,engine,engine
engine_981.wav,engine,engine
engine_982.wav,engine,engine
engine_983.wav,engine,engine
engine_984.wav,engine,engine
engine_985.wav,engine,engine
engine_986.wav,engine,engine
engine_987.wav,engine,engine
engine_988.wav,engine,engine
engine_989.wav,engine,engine
engine_990.wav,engine,engine
engine_991.wav,engine,engine
engine_992.wav,engine,engine
engine_993.wav,engine,engine
engine_994.wav,engine,engine
engine_995.wav,engine,engine
engine_996.wav,engine,engine
engine_997.wav,engine,engine
engine_998.wav,engine,engine
engine_999.wav,engine,engine
engine_1000.wav,engine,engine
tools_1.wav,tools,tools
tools_2.wav,tools,tools
tools_3.wav,tools,tools
tools_4.wav,tools,tools
tools_5.wav,tools,tools
tools_6.wav,tools,tools
tools_7.wav,tools,tools
tools_8.wav,tools,tools
tools_9.wav,tools,tools
tools_10.wav,tools,tools
tools_11.wav,tools,tools
tools_12.wav,tools,tools
tools_13.wav,tools,tools
tools_14.wav,tools,tools
tools_15.wav,tools,tools
tools_16.wav,tools,tools
tools_17.wav,tools,tools
tools_18.wav,tools,tools
tools_19.wav,tools,tools
tools_20.wav,tools,tools
tools_21.wav,tools,tools
tools_22.wav,tools,tools
tools_23.wav,tools,tools
tools_24.wav,tools,tools
tools_25.wav,engine,tools
tools_26.wav,tools,tools
tools_27.wav,tools,tools
tools_28.wav,tools,tools
tools_29.wav,tools,tools
tools_30.wav,tools,tools
tools_31.wav,tools,tools
tools_32.wav,tools,tools
tools_33.wav,tools,tools
tools_34.wav,tools,tools
tools_35.wav,tools,tools
tools_36.wav,tools,tools
tools_37.wav,tools,tools
tools_38.wav,tools,tools
tools_39.wav,tools,tools
tools_40.wav,tools,tools
tools_41.wav,tools,tools
tools_42.wav,tools,tools
tools_43.wav,tools,tools
tools_44.wav,tools,tools
tools_45.wav,tools,tools
tools_46.wav,tools,tools
tools_47.wav,tools,tools
tools_48.wav,tools,tools
tools_49.wav,tools,tools
tools_50.wav,tools,tools
tools_51.wav,tools,tools
tools_52.wav,tools,tools
tools_53.wav,tools,tools
tools_54.wav,tools,tools
tools_55.wav,tools,tools
tools_56.wav,tools,tools
tools_57.wav,tools,tools
tools_58.wav,tools,tools
tools_59.wav,tools,tools
tools_60.wav,tools,tools
tools_61.wav,tools,tools
tools_62.wav,tools,tools
tools_63.wav,tools,tools
tools_64.wav,tools,tools
tools_65.wav,tools,tools
tools_66.wav,tools,tools
tools_67.wav,tools,tools
tools_68.wav,tools,tools
tools_69.wav,tools,tools
tools_70.wav,tools,tools
tools_71.wav,tools,tools
tools_72.wav,tools,tools
tools_73.wav,tools,tools
tools_74.wav,tools,tools
tools_75.wav,tools,tools
tools_76.wav,tools,tools
tools_77.wav,engine,tools
tools_78.wav,tools,tools
tools_79.wav,tools,tools
tools_80.wav,tools,tools
tools_81.wav,tools,tools
tools_82.wav,tools,tools
tools_83.wav,tools,tools
tools_84.wav,tools,tools
tools_85.wav,tools,tools
tools_86.wav,tools,tools
tools_87.wav,tools,tools
tools_88.wav,tools,tools
tools_89.wav,tools,tools
tools_90.wav,tools,tools
tools_91.wav,tools,tools
tools_92.wav,tools,tools
tools_93.wav,tools,tools
tools_94.wav,tools,tools
tools_95.wav,tools,tools
tools_96.wav,tools,tools
tools_97.wav,tools,tools
tools_98.wav,tools,tools
tools_99.wav,tools,tools
tools_100.wav,tools,tools
tools_101.wav,tools,tools
tools_102.wav,tools,tools
tools_103.wav,tools,tools
tools_104.wav,tools,tools
tools_105.wav,tools,tools
tools_106.wav,tools,tools
tools_107.wav,tools,tools
tools_108.wav,tools,tools
tools_109.wav,tools,tools
tools_110.wav,tools,tools
tools_111.wav,tools,tools
tools_112.wav,tools,tools
tools_113.wav,tools,tools
tools_114.wav,tools,tools
tools_115.wav,tools,tools
tools_116.wav,tools,tools
tools_117.wav,tools,tools
tools_118.wav,tools,tools
tools_119.wav,tools,tools
tools_120.wav,tools,tools
tools_121.wav,tools,tools
tools_122.wav,tools,tools
tools_123.wav,tools,tools
tools_124.wav,tools,tools
tools_125.wav,tools,tools
tools_126.wav,tools,tools
tools_127.wav,tools,tools
tools_128.wav,tools,tools
tools_129.wav,tools,tools
tools_130.wav,tools,tools
tools_131.wav,tools,tools
tools_132.wav,tools,tools
tools_133.wav,tools,tools
tools_134.wav,tools,tools
tools_135.wav,tools,tools
tools_136.wav,tools,tools
tools_137.wav,tools,tools
tools_138.wav,telephone_bell,tools
tools_139.wav,tools,tools
tools_140.wav,tools,tools
tools_141.wav,tools,tools
tools_142.wav,tools,tools
tools_143.wav,tools,tools
tools_144.wav,tools,tools
tools_145.wav,tools,tools
tools_146.wav,tools,tools
tools_147.wav,tools,tools
tools_148.wav,tools,tools
tools_149.wav,tools,tools
tools_150.wav,tools,tools
tools_151.wav,tools,tools
tools_152.wav,tools,tools
tools_153.wav,tools,tools
tools_154.wav,tools,tools
tools_155.wav,tools,tools
tools_156.wav,tools,tools
tools_157.wav,tools,tools
tools_158.wav,tools,tools
tools_159.wav,tools,tools
tools_160.wav,tools,tools
tools_161.wav,telephone_bell,tools
tools_162.wav,tools,tools
tools_163.wav,tools,tools
tools_164.wav,tools,tools
tools_165.wav,tools,tools
tools_166.wav,tools,tools
tools_167.wav,tools,tools
tools_168.wav,tools,tools
tools_169.wav,tools,tools
tools_170.wav,tools,tools
tools_171.wav,tools,tools
tools_172.wav,tools,tools
tools_173.wav,tools,tools
tools_174.wav,tools,tools
tools_175.wav,tools,tools
tools_176.wav,tools,tools
tools_177.wav,tools,tools
tools_178.wav,tools,tools
tools_179.wav,tools,tools
tools_180.wav,tools,tools
tools_181.wav,tools,tools
tools_182.wav,tools,tools
tools_183.wav,tools,tools
tools_184.wav,tools,tools
tools_185.wav,tools,tools
tools_186.wav,tools,tools
tools_187.wav,tools,tools
tools_188.wav,tools,tools
tools_189.wav,tools,tools
tools_190.wav,tools,tools
tools_191.wav,tools,tools
tools_192.wav,tools,tools
tools_193.wav,tools,tools
tools_194.wav,tools,tools
tools_195.wav,tools,tools
tools_196.wav,tools,tools
tools_197.wav,tools,tools
tools_198.wav,tools,tools
tools_199.wav,tools,tools
tools_200.wav,tools,tools
tools_201.wav,tools,tools
tools_202.wav,tools,tools
tools_203.wav,tools,tools
tools_204.wav,tools,tools
tools_205.wav,tools,tools
tools_206.wav,tools,tools
tools_207.wav,tools,tools
tools_208.wav,tools,tools
tools_209.wav,tools,tools
tools_210.wav,tools,tools
tools_211.wav,tools,tools
tools_212.wav,tools,tools
tools_213.wav,tools,tools
tools_214.wav,tools,tools
tools_215.wav,tools,tools
tools_216.wav,engine,tools
tools_217.wav,tools,tools
tools_218.wav,tools,tools
tools_219.wav,tools,tools
tools_220.wav,tools,tools
tools_221.wav,tools,tools
tools_222.wav,tools,tools
tools_223.wav,tools,tools
tools_224.wav,tools,tools
tools_225.wav,tools,tools
tools_226.wav,tools,tools
tools_227.wav,tools,tools
tools_228.wav,tools,tools
tools_229.wav,tools,tools
tools_230.wav,tools,tools
tools_231.wav,tools,tools
tools_232.wav,tools,tools
tools_233.wav,tools,tools
tools_234.wav,tools,tools
tools_235.wav,tools,tools
tools_236.wav,tools,tools
tools_237.wav,tools,tools
tools_238.wav,tools,tools
tools_239.wav,tools,tools
tools_240.wav,tools,tools
tools_241.wav,tools,tools
tools_242.wav,tools,tools
tools_243.wav,tools,tools
tools_244.wav,tools,tools
tools_245.wav,tools,tools
tools_246.wav,tools,tools
tools_247.wav,tools,tools
tools_248.wav,tools,tools
tools_249.wav,tools,tools
tools_250.wav,tools,tools
tools_251.wav,tools,tools
tools_252.wav,tools,tools
tools_253.wav,tools,tools
tools_254.wav,tools,tools
tools_255.wav,tools,tools
tools_256.wav,tools,tools
tools_257.wav,tools,tools
tools_258.wav,tools,tools
tools_259.wav,tools,tools
tools_260.wav,tools,tools
tools_261.wav,tools,tools
tools_262.wav,tools,tools
tools_263.wav,tools,tools
tools_264.wav,tools,tools
tools_265.wav,tools,tools
tools_266.wav,tools,tools
tools_267.wav,tools,tools
tools_268.wav,tools,tools
tools_269.wav,tools,tools
tools_270.wav,tools,tools
tools_271.wav,tools,tools
tools_272.wav,tools,tools
tools_273.wav,tools,tools
tools_274.wav,tools,tools
tools_275.wav,tools,tools
tools_276.wav,tools,tools
tools_277.wav,tools,tools
tools_278.wav,tools,tools
tools_279.wav,tools,tools
tools_280.wav,tools,tools
tools_281.wav,tools,tools
tools_282.wav,tools,tools
tools_283.wav,tools,tools
tools_284.wav,tools,tools
tools_285.wav,tools,tools
tools_286.wav,tools,tools
tools_287.wav,tools,tools
tools_288.wav,tools,tools
tools_289.wav,tools,tools
tools_290.wav,tools,tools
tools_291.wav,tools,tools
tools_292.wav,tools,tools
tools_293.wav,tools,tools
tools_294.wav,tools,tools
tools_295.wav,tools,tools
tools_296.wav,tools,tools
tools_297.wav,tools,tools
tools_298.wav,tools,tools
tools_299.wav,tools,tools
tools_300.wav,tools,tools
tools_301.wav,tools,tools
tools_302.wav,tools,tools
tools_303.wav,tools,tools
tools_304.wav,tools,tools
tools_305.wav,tools,tools
tools_306.wav,tools,tools
tools_307.wav,tools,tools
tools_308.wav,tools,tools
tools_309.wav,tools,tools
tools_310.wav,tools,tools
tools_311.wav,tools,tools
tools_312.wav,tools,tools
tools_313.wav,tools,tools
tools_314.wav,tools,tools
tools_315.wav,tools,tools
tools_316.wav,tools,tools
tools_317.wav,tools,tools
tools_318.wav,tools,tools
tools_319.wav,tools,tools
tools_320.wav,tools,tools
tools_321.wav,tools,tools
tools_322.wav,tools,tools
tools_323.wav,tools,tools
tools_324.wav,tools,tools
tools_325.wav,tools,tools
tools_326.wav,tools,tools
tools_327.wav,tools,tools
tools_328.wav,tools,tools
tools_329.wav,tools,tools
tools_330.wav,tools,tools
tools_331.wav,tools,tools
tools_332.wav,tools,tools
tools_333.wav,tools,tools
tools_334.wav,tools,tools
tools_335.wav,tools,tools
tools_336.wav,tools,tools
tools_337.wav,tools,tools
tools_338.wav,tools,tools
tools_339.wav,tools,tools
tools_340.wav,tools,tools
tools_341.wav,tools,tools
tools_342.wav,tools,tools
tools_343.wav,tools,tools
tools_344.wav,tools,tools
tools_345.wav,tools,tools
tools_346.wav,tools,tools
tools_347.wav,tools,tools
tools_348.wav,tools,tools
tools_349.wav,tools,tools
tools_350.wav,tools,tools
tools_351.wav,tools,tools
tools_352.wav,tools,tools
tools_353.wav,tools,tools
tools_354.wav,tools,tools
tools_355.wav,tools,tools
tools_356.wav,tools,tools
tools_357.wav,tools,tools
tools_358.wav,tools,tools
tools_359.wav,tools,tools
tools_360.wav,tools,tools
tools_361.wav,tools,tools
tools_362.wav,tools,tools
tools_363.wav,tools,tools
tools_364.wav,tools,tools
tools_365.wav,tools,tools
tools_366.wav,tools,tools
tools_367.wav,tools,tools
tools_368.wav,tools,tools
tools_369.wav,tools,tools
tools_370.wav,tools,tools
tools_371.wav,tools,tools
tools_372.wav,tools,tools
tools_373.wav,tools,tools
tools_374.wav,tools,tools
tools_375.wav,tools,tools
tools_376.wav,tools,tools
tools_377.wav,tools,tools
tools_378.wav,screaming,tools
tools_379.wav,tools,tools
tools_380.wav,tools,tools
tools_381.wav,tools,tools
tools_382.wav,tools,tools
tools_383.wav,tools,tools
tools_384.wav,tools,tools
tools_385.wav,tools,tools
tools_386.wav,tools,tools
tools_387.wav,tools,tools
tools_388.wav,tools,tools
tools_389.wav,tools,tools
tools_390.wav,tools,tools
tools_391.wav,tools,tools
tools_392.wav,tools,tools
tools_393.wav,tools,tools
tools_394.wav,tools,tools
tools_395.wav,tools,tools
tools_396.wav,tools,tools
tools_397.wav,tools,tools
tools_398.wav,tools,tools
tools_399.wav,tools,tools
tools_400.wav,tools,tools
tools_401.wav,tools,tools
tools_402.wav,tools,tools
tools_403.wav,tools,tools
tools_404.wav,tools,tools
tools_405.wav,tools,tools
tools_406.wav,tools,tools
tools_407.wav,tools,tools
tools_408.wav,tools,tools
tools_409.wav,tools,tools
tools_410.wav,tools,tools
tools_411.wav,tools,tools
tools_412.wav,tools,tools
tools_413.wav,tools,tools
tools_414.wav,tools,tools
tools_415.wav,tools,tools
tools_416.wav,tools,tools
tools_417.wav,tools,tools
tools_418.wav,tools,tools
tools_419.wav,tools,tools
tools_420.wav,tools,tools
tools_421.wav,tools,tools
tools_422.wav,tools,tools
tools_423.wav,tools,tools
tools_424.wav,tools,tools
tools_425.wav,tools,tools
tools_426.wav,tools,tools
tools_427.wav,tools,tools
tools_428.wav,tools,tools
tools_429.wav,tools,tools
tools_430.wav,tools,tools
tools_431.wav,tools,tools
tools_432.wav,tools,tools
tools_433.wav,tools,tools
tools_434.wav,tools,tools
tools_435.wav,tools,tools
tools_436.wav,tools,tools
tools_437.wav,tools,tools
tools_438.wav,tools,tools
tools_439.wav,tools,tools
tools_440.wav,tools,tools
tools_441.wav,tools,tools
tools_442.wav,tools,tools
tools_443.wav,tools,tools
tools_444.wav,tools,tools
tools_445.wav,tools,tools
tools_446.wav,tools,tools
tools_447.wav,tools,tools
tools_448.wav,tools,tools
tools_449.wav,tools,tools
tools_450.wav,tools,tools
tools_451.wav,tools,tools
tools_452.wav,tools,tools
tools_453.wav,tools,tools
tools_454.wav,tools,tools
tools_455.wav,tools,tools
tools_456.wav,tools,tools
tools_457.wav,tools,tools
tools_458.wav,tools,tools
tools_459.wav,tools,tools
tools_460.wav,tools,tools
tools_461.wav,tools,tools
tools_462.wav,tools,tools
tools_463.wav,tools,tools
tools_464.wav,tools,tools
tools_465.wav,tools,tools
tools_466.wav,tools,tools
tools_467.wav,tools,tools
tools_468.wav,tools,tools
tools_469.wav,tools,tools
tools_470.wav,tools,tools
tools_471.wav,tools,tools
tools_472.wav,tools,tools
tools_473.wav,tools,tools
tools_474.wav,tools,tools
tools_475.wav,tools,tools
tools_476.wav,tools,tools
tools_477.wav,tools,tools
tools_478.wav,tools,tools
tools_479.wav,tools,tools
tools_480.wav,tools,tools
tools_481.wav,tools,tools
tools_482.wav,tools,tools
tools_483.wav,tools,tools
tools_484.wav,tools,tools
tools_485.wav,tools,tools
tools_486.wav,tools,tools
tools_487.wav,tools,tools
tools_488.wav,heavy_equipment,tools
tools_489.wav,tools,tools
tools_490.wav,tools,tools
tools_491.wav,tools,tools
tools_492.wav,tools,tools
tools_493.wav,tools,tools
tools_494.wav,tools,tools
tools_495.wav,tools,tools
tools_496.wav,tools,tools
tools_497.wav,tools,tools
tools_498.wav,tools,tools
tools_499.wav,tools,tools
tools_500.wav,tools,tools
tools_501.wav,tools,tools
tools_502.wav,tools,tools
tools_503.wav,tools,tools
tools_504.wav,tools,tools
tools_505.wav,tools,tools
tools_506.wav,tools,tools
tools_507.wav,tools,tools
tools_508.wav,tools,tools
tools_509.wav,tools,tools
tools_510.wav,tools,tools
tools_511.wav,tools,tools
tools_512.wav,tools,tools
tools_513.wav,tools,tools
tools_514.wav,tools,tools
tools_515.wav,tools,tools
tools_516.wav,tools,tools
tools_517.wav,engine,tools
tools_518.wav,tools,tools
tools_519.wav,tools,tools
tools_520.wav,tools,tools
tools_521.wav,tools,tools
tools_522.wav,tools,tools
tools_523.wav,tools,tools
tools_524.wav,tools,tools
tools_525.wav,tools,tools
tools_526.wav,tools,tools
tools_527.wav,tools,tools
tools_528.wav,tools,tools
tools_529.wav,tools,tools
tools_530.wav,tools,tools
tools_531.wav,tools,tools
tools_532.wav,tools,tools
tools_533.wav,tools,tools
tools_534.wav,tools,tools
tools_535.wav,tools,tools
tools_536.wav,tools,tools
tools_537.wav,tools,tools
tools_538.wav,tools,tools
tools_539.wav,tools,tools
tools_540.wav,tools,tools
tools_541.wav,tools,tools
tools_542.wav,tools,tools
tools_543.wav,tools,tools
tools_544.wav,tools,tools
tools_545.wav,tools,tools
tools_546.wav,tools,tools
tools_547.wav,tools,tools
tools_548.wav,tools,tools
tools_549.wav,tools,tools
tools_550.wav,tools,tools
tools_551.wav,tools,tools
tools_552.wav,tools,tools
tools_553.wav,tools,tools
tools_554.wav,tools,tools
tools_555.wav,tools,tools
tools_556.wav,tools,tools
tools_557.wav,tools,tools
tools_558.wav,tools,tools
tools_559.wav,tools,tools
tools_560.wav,tools,tools
tools_561.wav,tools,tools
tools_562.wav,tools,tools
tools_563.wav,tools,tools
tools_564.wav,tools,tools
tools_565.wav,tools,tools
tools_566.wav,tools,tools
tools_567.wav,tools,tools
tools_568.wav,tools,tools
tools_569.wav,tools,tools
tools_570.wav,tools,tools
tools_571.wav,tools,tools
tools_572.wav,tools,tools
tools_573.wav,tools,tools
tools_574.wav,tools,tools
tools_575.wav,tools,tools
tools_576.wav,tools,tools
tools_577.wav,tools,tools
tools_578.wav,tools,tools
tools_579.wav,tools,tools
tools_580.wav,tools,tools
tools_581.wav,tools,tools
tools_582.wav,tools,tools
tools_583.wav,tools,tools
tools_584.wav,tools,tools
tools_585.wav,tools,tools
tools_586.wav,tools,tools
tools_587.wav,tools,tools
tools_588.wav,tools,tools
tools_589.wav,tools,tools
tools_590.wav,tools,tools
tools_591.wav,tools,tools
tools_592.wav,tools,tools
tools_593.wav,tools,tools
tools_594.wav,tools,tools
tools_595.wav,tools,tools
tools_596.wav,tools,tools
tools_597.wav,tools,tools
tools_598.wav,tools,tools
tools_599.wav,tools,tools
tools_600.wav,tools,tools
tools_601.wav,tools,tools
tools_602.wav,tools,tools
tools_603.wav,tools,tools
tools_604.wav,tools,tools
tools_605.wav,tools,tools
tools_606.wav,tools,tools
tools_607.wav,tools,tools
tools_608.wav,tools,tools
tools_609.wav,tools,tools
tools_610.wav,tools,tools
tools_611.wav,tools,tools
tools_612.wav,tools,tools
tools_613.wav,tools,tools
tools_614.wav,tools,tools
tools_615.wav,tools,tools
tools_616.wav,tools,tools
tools_617.wav,tools,tools
tools_618.wav,tools,tools
tools_619.wav,tools,tools
tools_620.wav,tools,tools
tools_621.wav,tools,tools
tools_622.wav,tools,tools
tools_623.wav,tools,tools
tools_624.wav,tools,tools
tools_625.wav,tools,tools
tools_626.wav,tools,tools
tools_627.wav,tools,tools
tools_628.wav,tools,tools
tools_629.wav,tools,tools
tools_630.wav,tools,tools
tools_631.wav,tools,tools
tools_632.wav,tools,tools
tools_633.wav,tools,tools
tools_634.wav,tools,tools
tools_635.wav,tools,tools
tools_636.wav,tools,tools
tools_637.wav,tools,tools
tools_638.wav,tools,tools
tools_639.wav,tools,tools
tools_640.wav,tools,tools
tools_641.wav,tools,tools
tools_642.wav,tools,tools
tools_643.wav,tools,tools
tools_644.wav,tools,tools
tools_645.wav,tools,tools
tools_646.wav,tools,tools
tools_647.wav,tools,tools
tools_648.wav,tools,tools
tools_649.wav,tools,tools
tools_650.wav,tools,tools
tools_651.wav,tools,tools
tools_652.wav,tools,tools
tools_653.wav,tools,tools
tools_654.wav,tools,tools
tools_655.wav,tools,tools
tools_656.wav,telephone_bell,tools
tools_657.wav,tools,tools
tools_658.wav,tools,tools
tools_659.wav,tools,tools
tools_660.wav,tools,tools
tools_661.wav,tools,tools
tools_662.wav,tools,tools
tools_663.wav,tools,tools
tools_664.wav,tools,tools
tools_665.wav,tools,tools
tools_666.wav,tools,tools
tools_667.wav,tools,tools
tools_668.wav,tools,tools
tools_669.wav,tools,tools
tools_670.wav,tools,tools
tools_671.wav,tools,tools
tools_672.wav,tools,tools
tools_673.wav,tools,tools
tools_674.wav,tools,tools
tools_675.wav,tools,tools
tools_676.wav,tools,tools
tools_677.wav,tools,tools
tools_678.wav,tools,tools
tools_679.wav,tools,tools
tools_680.wav,tools,tools
tools_681.wav,tools,tools
tools_682.wav,tools,tools
tools_683.wav,tools,tools
tools_684.wav,tools,tools
tools_685.wav,tools,tools
tools_686.wav,tools,tools
tools_687.wav,tools,tools
tools_688.wav,tools,tools
tools_689.wav,tools,tools
tools_690.wav,tools,tools
tools_691.wav,tools,tools
tools_692.wav,tools,tools
tools_693.wav,tools,tools
tools_694.wav,tools,tools
tools_695.wav,tools,tools
tools_696.wav,tools,tools
tools_697.wav,tools,tools
tools_698.wav,tools,tools
tools_699.wav,tools,tools
tools_700.wav,tools,tools
tools_701.wav,tools,tools
tools_702.wav,tools,tools
tools_703.wav,tools,tools
tools_704.wav,tools,tools
tools_705.wav,tools,tools
tools_706.wav,tools,tools
tools_707.wav,tools,tools
tools_708.wav,tools,tools
tools_709.wav,tools,tools
tools_710.wav,tools,tools
tools_711.wav,tools,tools
tools_712.wav,tools,tools
tools_713.wav,tools,tools
tools_714.wav,tools,tools
tools_715.wav,tools,tools
tools_716.wav,tools,tools
tools_717.wav,tools,tools
tools_718.wav,tools,tools
tools_719.wav,tools,tools
tools_720.wav,tools,tools
tools_721.wav,telephone_bell,tools
tools_722.wav,tools,tools
tools_723.wav,tools,tools
tools_724.wav,tools,tools
tools_725.wav,tools,tools
tools_726.wav,tools,tools
tools_727.wav,tools,tools
tools_728.wav,tools,tools
tools_729.wav,tools,tools
tools_730.wav,tools,tools
tools_731.wav,tools,tools
tools_732.wav,tools,tools
tools_733.wav,tools,tools
tools_734.wav,tools,tools
tools_735.wav,tools,tools
tools_736.wav,tools,tools
tools_737.wav,tools,tools
tools_738.wav,tools,tools
tools_739.wav,tools,tools
tools_740.wav,tools,tools
tools_741.wav,tools,tools
tools_742.wav,tools,tools
tools_743.wav,tools,tools
tools_744.wav,tools,tools
tools_745.wav,tools,tools
tools_746.wav,tools,tools
tools_747.wav,tools,tools
tools_748.wav,tools,tools
tools_749.wav,crying_sobbing_wail,tools
tools_750.wav,tools,tools
tools_751.wav,tools,tools
tools_752.wav,tools,tools
tools_753.wav,tools,tools
tools_754.wav,tools,tools
tools_755.wav,tools,tools
tools_756.wav,tools,tools
tools_757.wav,tools,tools
tools_758.wav,tools,tools
tools_759.wav,tools,tools
tools_760.wav,tools,tools
tools_761.wav,tools,tools
tools_762.wav,tools,tools
tools_763.wav,tools,tools
tools_764.wav,tools,tools
tools_765.wav,tools,tools
tools_766.wav,tools,tools
tools_767.wav,tools,tools
tools_768.wav,tools,tools
tools_769.wav,tools,tools
tools_770.wav,tools,tools
tools_771.wav,tools,tools
tools_772.wav,tools,tools
tools_773.wav,tools,tools
tools_774.wav,tools,tools
tools_775.wav,tools,tools
tools_776.wav,tools,tools
tools_777.wav,tools,tools
tools_778.wav,tools,tools
tools_779.wav,tools,tools
tools_780.wav,tools,tools
tools_781.wav,tools,tools
tools_782.wav,tools,tools
tools_783.wav,tools,tools
tools_784.wav,tools,tools
tools_785.wav,tools,tools
tools_786.wav,tools,tools
tools_787.wav,tools,tools
tools_788.wav,tools,tools
tools_789.wav,tools,tools
tools_790.wav,tools,tools
tools_791.wav,tools,tools
tools_792.wav,tools,tools
tools_793.wav,tools,tools
tools_794.wav,tools,tools
tools_795.wav,tools,tools
tools_796.wav,tools,tools
tools_797.wav,tools,tools
tools_798.wav,tools,tools
tools_799.wav,tools,tools
tools_800.wav,tools,tools
tools_801.wav,tools,tools
tools_802.wav,tools,tools
tools_803.wav,tools,tools
tools_804.wav,tools,tools
tools_805.wav,tools,tools
tools_806.wav,tools,tools
tools_807.wav,tools,tools
tools_808.wav,tools,tools
tools_809.wav,tools,tools
tools_810.wav,tools,tools
tools_811.wav,tools,tools
tools_812.wav,tools,tools
tools_813.wav,tools,tools
tools_814.wav,tools,tools
tools_815.wav,telephone_bell,tools
tools_816.wav,tools,tools
tools_817.wav,tools,tools
tools_818.wav,tools,tools
tools_819.wav,tools,tools
tools_820.wav,tools,tools
tools_821.wav,tools,tools
tools_822.wav,tools,tools
tools_823.wav,tools,tools
tools_824.wav,tools,tools
tools_825.wav,tools,tools
tools_826.wav,tools,tools
tools_827.wav,tools,tools
tools_828.wav,tools,tools
tools_829.wav,tools,tools
tools_830.wav,tools,tools
tools_831.wav,tools,tools
tools_832.wav,tools,tools
tools_833.wav,tools,tools
tools_834.wav,tools,tools
tools_835.wav,tools,tools
tools_836.wav,tools,tools
tools_837.wav,tools,tools
tools_838.wav,tools,tools
tools_839.wav,tools,tools
tools_840.wav,tools,tools
tools_841.wav,tools,tools
tools_842.wav,tools,tools
tools_843.wav,tools,tools
tools_844.wav,tools,tools
tools_845.wav,tools,tools
tools_846.wav,tools,tools
tools_847.wav,tools,tools
tools_848.wav,tools,tools
tools_849.wav,tools,tools
tools_850.wav,tools,tools
tools_851.wav,tools,tools
tools_852.wav,tools,tools
tools_853.wav,tools,tools
tools_854.wav,tools,tools
tools_855.wav,tools,tools
tools_856.wav,tools,tools
tools_857.wav,tools,tools
tools_858.wav,tools,tools
tools_859.wav,tools,tools
tools_860.wav,tools,tools
tools_861.wav,tools,tools
tools_862.wav,tools,tools
tools_863.wav,tools,tools
tools_864.wav,tools,tools
tools_865.wav,tools,tools
tools_866.wav,tools,tools
tools_867.wav,tools,tools
tools_868.wav,tools,tools
tools_869.wav,tools,tools
tools_870.wav,tools,tools
tools_871.wav,tools,tools
tools_872.wav,tools,tools
tools_873.wav,tools,tools
tools_874.wav,tools,tools
tools_875.wav,tools,tools
tools_876.wav,tools,tools
tools_877.wav,tools,tools
tools_878.wav,tools,tools
tools_879.wav,tools,tools
tools_880.wav,tools,tools
tools_881.wav,tools,tools
tools_882.wav,tools,tools
tools_883.wav,tools,tools
tools_884.wav,tools,tools
tools_885.wav,tools,tools
tools_886.wav,tools,tools
tools_887.wav,tools,tools
tools_888.wav,tools,tools
tools_889.wav,tools,tools
tools_890.wav,tools,tools
tools_891.wav,tools,tools
tools_892.wav,tools,tools
tools_893.wav,tools,tools
tools_894.wav,tools,tools
tools_895.wav,tools,tools
tools_896.wav,tools,tools
tools_897.wav,tools,tools
tools_898.wav,tools,tools
tools_899.wav,tools,tools
tools_900.wav,tools,tools
tools_901.wav,tools,tools
tools_902.wav,tools,tools
tools_903.wav,tools,tools
tools_904.wav,tools,tools
tools_905.wav,tools,tools
tools_906.wav,tools,tools
tools_907.wav,tools,tools
tools_908.wav,tools,tools
tools_909.wav,tools,tools
tools_910.wav,tools,tools
tools_911.wav,tools,tools
tools_912.wav,tools,tools
tools_913.wav,engine,tools
tools_914.wav,tools,tools
tools_915.wav,tools,tools
tools_916.wav,tools,tools
tools_917.wav,tools,tools
tools_918.wav,tools,tools
tools_919.wav,tools,tools
tools_920.wav,tools,tools
tools_921.wav,tools,tools
tools_922.wav,tools,tools
tools_923.wav,tools,tools
tools_924.wav,tools,tools
tools_925.wav,tools,tools
tools_926.wav,tools,tools
tools_927.wav,tools,tools
tools_928.wav,tools,tools
tools_929.wav,tools,tools
tools_930.wav,tools,tools
tools_931.wav,tools,tools
tools_932.wav,tools,tools
tools_933.wav,tools,tools
tools_934.wav,tools,tools
tools_935.wav,tools,tools
tools_936.wav,tools,tools
tools_937.wav,tools,tools
tools_938.wav,tools,tools
tools_939.wav,tools,tools
tools_940.wav,tools,tools
tools_941.wav,tools,tools
tools_942.wav,tools,tools
tools_943.wav,tools,tools
tools_944.wav,tools,tools
tools_945.wav,engine,tools
tools_946.wav,tools,tools
tools_947.wav,tools,tools
tools_948.wav,tools,tools
tools_949.wav,screaming,tools
tools_950.wav,tools,tools
tools_951.wav,tools,tools
tools_952.wav,tools,tools
tools_953.wav,tools,tools
tools_954.wav,tools,tools
tools_955.wav,tools,tools
tools_956.wav,tools,tools
tools_957.wav,tools,tools
tools_958.wav,tools,tools
tools_959.wav,tools,tools
tools_960.wav,tools,tools
tools_961.wav,screaming,tools
tools_962.wav,tools,tools
tools_963.wav,tools,tools
tools_964.wav,tools,tools
tools_965.wav,tools,tools
tools_966.wav,tools,tools
tools_967.wav,tools,tools
tools_968.wav,tools,tools
tools_969.wav,tools,tools
tools_970.wav,tools,tools
tools_971.wav,engine,tools
tools_972.wav,tools,tools
tools_973.wav,tools,tools
tools_974.wav,tools,tools
tools_975.wav,tools,tools
tools_976.wav,screaming,tools
tools_977.wav,tools,tools
tools_978.wav,tools,tools
tools_979.wav,tools,tools
tools_980.wav,tools,tools
tools_981.wav,tools,tools
tools_982.wav,tools,tools
tools_983.wav,tools,tools
tools_984.wav,tools,tools
tools_985.wav,tools,tools
tools_986.wav,tools,tools
tools_987.wav,engine,tools
tools_988.wav,tools,tools
tools_989.wav,tools,tools
tools_990.wav,tools,tools
tools_991.wav,tools,tools
tools_992.wav,tools,tools
tools_993.wav,tools,tools
tools_994.wav,tools,tools
tools_995.wav,tools,tools
tools_996.wav,tools,tools
tools_997.wav,tools,tools
tools_998.wav,tools,tools
tools_999.wav,tools,tools
tools_1000.wav,tools,tools
sniff_1.wav,sniff,sniff
sniff_2.wav,sniff,sniff
sniff_3.wav,sniff,sniff
sniff_4.wav,sniff,sniff
sniff_5.wav,sniff,sniff
sniff_6.wav,sniff,sniff
sniff_7.wav,sniff,sniff
sniff_8.wav,sniff,sniff
sniff_9.wav,sniff,sniff
sniff_10.wav,sniff,sniff
sniff_11.wav,sniff,sniff
sniff_12.wav,sniff,sniff
sniff_13.wav,sniff,sniff
sniff_14.wav,sniff,sniff
sniff_15.wav,sniff,sniff
sniff_16.wav,sniff,sniff
sniff_17.wav,sniff,sniff
sniff_18.wav,sniff,sniff
sniff_19.wav,sniff,sniff
sniff_20.wav,sniff,sniff
sniff_21.wav,sniff,sniff
sniff_22.wav,sniff,sniff
sniff_23.wav,sniff,sniff
sniff_24.wav,sniff,sniff
sniff_25.wav,sniff,sniff
sniff_26.wav,sniff,sniff
sniff_27.wav,sniff,sniff
sniff_28.wav,sniff,sniff
sniff_29.wav,sniff,sniff
sniff_30.wav,sniff,sniff
sniff_31.wav,sniff,sniff
sniff_32.wav,sniff,sniff
sniff_33.wav,sniff,sniff
sniff_34.wav,sniff,sniff
sniff_35.wav,sniff,sniff
sniff_36.wav,sniff,sniff
sniff_37.wav,sniff,sniff
sniff_38.wav,sniff,sniff
sniff_39.wav,crying_sobbing_wail,sniff
sniff_40.wav,sniff,sniff
sniff_41.wav,sniff,sniff
sniff_42.wav,sniff,sniff
sniff_43.wav,sniff,sniff
sniff_44.wav,sniff,sniff
sniff_45.wav,sniff,sniff
sniff_46.wav,sniff,sniff
sniff_47.wav,sniff,sniff
sniff_48.wav,sniff,sniff
sniff_49.wav,sniff,sniff
sniff_50.wav,sniff,sniff
sniff_51.wav,sniff,sniff
sniff_52.wav,sniff,sniff
sniff_53.wav,sniff,sniff
sniff_54.wav,sniff,sniff
sniff_55.wav,sniff,sniff
sniff_56.wav,sniff,sniff
sniff_57.wav,sniff,sniff
sniff_58.wav,sniff,sniff
sniff_59.wav,sniff,sniff
sniff_60.wav,sniff,sniff
sniff_61.wav,sniff,sniff
sniff_62.wav,sniff,sniff
sniff_63.wav,sniff,sniff
sniff_64.wav,sniff,sniff
sniff_65.wav,sniff,sniff
sniff_66.wav,sniff,sniff
sniff_67.wav,sniff,sniff
sniff_68.wav,sniff,sniff
sniff_69.wav,sniff,sniff
sniff_70.wav,sniff,sniff
sniff_71.wav,sniff,sniff
sniff_72.wav,sniff,sniff
sniff_73.wav,sniff,sniff
sniff_74.wav,sniff,sniff
sniff_75.wav,sniff,sniff
sniff_76.wav,sniff,sniff
sniff_77.wav,sniff,sniff
sniff_78.wav,sniff,sniff
sniff_79.wav,sniff,sniff
sniff_80.wav,sniff,sniff
sniff_81.wav,sniff,sniff
sniff_82.wav,sniff,sniff
sniff_83.wav,sniff,sniff
sniff_84.wav,sniff,sniff
sniff_85.wav,sniff,sniff
sniff_86.wav,sniff,sniff
sniff_87.wav,sniff,sniff
sniff_88.wav,sniff,sniff
sniff_89.wav,sniff,sniff
sniff_90.wav,sniff,sniff
sniff_91.wav,sniff,sniff
sniff_92.wav,sniff,sniff
sniff_93.wav,sniff,sniff
sniff_94.wav,sniff,sniff
sniff_95.wav,sniff,sniff
sniff_96.wav,sniff,sniff
sniff_97.wav,sniff,sniff
sniff_98.wav,sniff,sniff
sniff_99.wav,sniff,sniff
sniff_100.wav,sneeze,sniff
sniff_101.wav,sniff,sniff
sniff_102.wav,sniff,sniff
sniff_103.wav,sniff,sniff
sniff_104.wav,sniff,sniff
sniff_105.wav,scratch,sniff
sniff_106.wav,sniff,sniff
sniff_107.wav,sniff,sniff
sniff_108.wav,sniff,sniff
sniff_109.wav,sniff,sniff
sniff_110.wav,sniff,sniff
sniff_111.wav,sneeze,sniff
sniff_112.wav,sniff,sniff
sniff_113.wav,sniff,sniff
sniff_114.wav,sniff,sniff
sniff_115.wav,sniff,sniff
sniff_116.wav,sniff,sniff
sniff_117.wav,sniff,sniff
sniff_118.wav,sniff,sniff
sniff_119.wav,sniff,sniff
sniff_120.wav,sniff,sniff
sniff_121.wav,sniff,sniff
sniff_122.wav,sniff,sniff
sniff_123.wav,sniff,sniff
sniff_124.wav,sniff,sniff
sniff_125.wav,sniff,sniff
sniff_126.wav,sniff,sniff
sniff_127.wav,sniff,sniff
sniff_128.wav,scratch,sniff
sniff_129.wav,sniff,sniff
sniff_130.wav,crying_sobbing_wail,sniff
sniff_131.wav,sniff,sniff
sniff_132.wav,sniff,sniff
sniff_133.wav,sniff,sniff
sniff_134.wav,sniff,sniff
sniff_135.wav,sniff,sniff
sniff_136.wav,sniff,sniff
sniff_137.wav,sniff,sniff
sniff_138.wav,sniff,sniff
sniff_139.wav,sniff,sniff
sniff_140.wav,sniff,sniff
sniff_141.wav,sniff,sniff
sniff_142.wav,sniff,sniff
sniff_143.wav,sniff,sniff
sniff_144.wav,sniff,sniff
sniff_145.wav,sniff,sniff
sniff_146.wav,sniff,sniff
sniff_147.wav,sniff,sniff
sniff_148.wav,sniff,sniff
sniff_149.wav,sniff,sniff
sniff_150.wav,sniff,sniff
sniff_151.wav,sniff,sniff
sniff_152.wav,sniff,sniff
sniff_153.wav,sniff,sniff
sniff_154.wav,sniff,sniff
sniff_155.wav,sniff,sniff
sniff_156.wav,sniff,sniff
sniff_157.wav,sniff,sniff
sniff_158.wav,sniff,sniff
sniff_159.wav,sniff,sniff
sniff_160.wav,sniff,sniff
sniff_161.wav,sniff,sniff
sniff_162.wav,sniff,sniff
sniff_163.wav,sniff,sniff
sniff_164.wav,sniff,sniff
sniff_165.wav,sniff,sniff
sniff_166.wav,sniff,sniff
sniff_167.wav,sniff,sniff
sniff_168.wav,sniff,sniff
sniff_169.wav,sniff,sniff
sniff_170.wav,sniff,sniff
sniff_171.wav,sniff,sniff
sniff_172.wav,sniff,sniff
sniff_173.wav,sniff,sniff
sniff_174.wav,sniff,sniff
sniff_175.wav,sniff,sniff
sniff_176.wav,sniff,sniff
sniff_177.wav,crying_sobbing_wail,sniff
sniff_178.wav,sniff,sniff
sniff_179.wav,sniff,sniff
sniff_180.wav,sniff,sniff
sniff_181.wav,sniff,sniff
sniff_182.wav,sniff,sniff
sniff_183.wav,sniff,sniff
sniff_184.wav,sniff,sniff
sniff_185.wav,crying_sobbing_wail,sniff
sniff_186.wav,sniff,sniff
sniff_187.wav,sniff,sniff
sniff_188.wav,sniff,sniff
sniff_189.wav,sniff,sniff
sniff_190.wav,sniff,sniff
sniff_191.wav,sniff,sniff
sniff_192.wav,sniff,sniff
sniff_193.wav,sniff,sniff
sniff_194.wav,sniff,sniff
sniff_195.wav,sniff,sniff
sniff_196.wav,sniff,sniff
sniff_197.wav,sniff,sniff
sniff_198.wav,sniff,sniff
sniff_199.wav,sniff,sniff
sniff_200.wav,sniff,sniff
sniff_201.wav,sniff,sniff
sniff_202.wav,sniff,sniff
sniff_203.wav,sniff,sniff
sniff_204.wav,sniff,sniff
sniff_205.wav,sniff,sniff
sniff_206.wav,sniff,sniff
sniff_207.wav,sniff,sniff
sniff_208.wav,sniff,sniff
sniff_209.wav,sniff,sniff
sniff_210.wav,sniff,sniff
sniff_211.wav,sniff,sniff
sniff_212.wav,sniff,sniff
sniff_213.wav,sniff,sniff
sniff_214.wav,sniff,sniff
sniff_215.wav,sniff,sniff
sniff_216.wav,sniff,sniff
sniff_217.wav,sniff,sniff
sniff_218.wav,sniff,sniff
sniff_219.wav,sniff,sniff
sniff_220.wav,sniff,sniff
sniff_221.wav,sniff,sniff
sniff_222.wav,sniff,sniff
sniff_223.wav,sniff,sniff
sniff_224.wav,sniff,sniff
sniff_225.wav,sniff,sniff
sniff_226.wav,sniff,sniff
sniff_227.wav,sniff,sniff
sniff_228.wav,sniff,sniff
sniff_229.wav,sniff,sniff
sniff_230.wav,sniff,sniff
sniff_231.wav,sniff,sniff
sniff_232.wav,sniff,sniff
sniff_233.wav,sniff,sniff
sniff_234.wav,sniff,sniff
sniff_235.wav,sniff,sniff
sniff_236.wav,sniff,sniff
sniff_237.wav,sniff,sniff
sniff_238.wav,sniff,sniff
sniff_239.wav,sniff,sniff
sniff_240.wav,sniff,sniff
sniff_241.wav,sniff,sniff
sniff_242.wav,sniff,sniff
sniff_243.wav,sniff,sniff
sniff_244.wav,sniff,sniff
sniff_245.wav,sniff,sniff
sniff_246.wav,sniff,sniff
sniff_247.wav,sniff,sniff
sniff_248.wav,sniff,sniff
sniff_249.wav,sniff,sniff
sniff_250.wav,sniff,sniff
sniff_251.wav,sniff,sniff
sniff_252.wav,sniff,sniff
sniff_253.wav,sniff,sniff
sniff_254.wav,sniff,sniff
sniff_255.wav,sniff,sniff
sniff_256.wav,sniff,sniff
sniff_257.wav,sniff,sniff
sniff_258.wav,sniff,sniff
sniff_259.wav,sniff,sniff
sniff_260.wav,sniff,sniff
sniff_261.wav,sniff,sniff
sniff_262.wav,sniff,sniff
sniff_263.wav,sniff,sniff
sniff_264.wav,sniff,sniff
sniff_265.wav,sniff,sniff
sniff_266.wav,sniff,sniff
sniff_267.wav,sniff,sniff
sniff_268.wav,sniff,sniff
sniff_269.wav,sniff,sniff
sniff_270.wav,sniff,sniff
sniff_271.wav,sniff,sniff
sniff_272.wav,sniff,sniff
sniff_273.wav,sniff,sniff
sniff_274.wav,sniff,sniff
sniff_275.wav,sniff,sniff
sniff_276.wav,sniff,sniff
sniff_277.wav,sniff,sniff
sniff_278.wav,sniff,sniff
sniff_279.wav,sniff,sniff
sniff_280.wav,sniff,sniff
sniff_281.wav,sniff,sniff
sniff_282.wav,sniff,sniff
sniff_283.wav,sniff,sniff
sniff_284.wav,sniff,sniff
sniff_285.wav,sniff,sniff
sniff_286.wav,sniff,sniff
sniff_287.wav,sniff,sniff
sniff_288.wav,sniff,sniff
sniff_289.wav,sniff,sniff
sniff_290.wav,sniff,sniff
sniff_291.wav,sniff,sniff
sniff_292.wav,sniff,sniff
sniff_293.wav,sniff,sniff
sniff_294.wav,sniff,sniff
sniff_295.wav,sniff,sniff
sniff_296.wav,sniff,sniff
sniff_297.wav,sniff,sniff
sniff_298.wav,sniff,sniff
sniff_299.wav,sniff,sniff
sniff_300.wav,sniff,sniff
sniff_301.wav,sniff,sniff
sniff_302.wav,sniff,sniff
sniff_303.wav,crying_sobbing_wail,sniff
sniff_304.wav,sniff,sniff
sniff_305.wav,sniff,sniff
sniff_306.wav,sniff,sniff
sniff_307.wav,sniff,sniff
sniff_308.wav,sniff,sniff
sniff_309.wav,sniff,sniff
sniff_310.wav,sniff,sniff
sniff_311.wav,sniff,sniff
sniff_312.wav,sniff,sniff
sniff_313.wav,sniff,sniff
sniff_314.wav,sniff,sniff
sniff_315.wav,sniff,sniff
sniff_316.wav,sniff,sniff
sniff_317.wav,sniff,sniff
sniff_318.wav,sniff,sniff
sniff_319.wav,sniff,sniff
sniff_320.wav,sniff,sniff
sniff_321.wav,sniff,sniff
sniff_322.wav,sniff,sniff
sniff_323.wav,sniff,sniff
sniff_324.wav,sniff,sniff
sniff_325.wav,sniff,sniff
sniff_326.wav,sniff,sniff
sniff_327.wav,sniff,sniff
sniff_328.wav,sniff,sniff
sniff_329.wav,sniff,sniff
sniff_330.wav,sniff,sniff
sniff_331.wav,sniff,sniff
sniff_332.wav,sniff,sniff
sniff_333.wav,sniff,sniff
sniff_334.wav,sniff,sniff
sniff_335.wav,sneeze,sniff
sniff_336.wav,sniff,sniff
sniff_337.wav,sniff,sniff
sniff_338.wav,sniff,sniff
sniff_339.wav,sniff,sniff
sniff_340.wav,sniff,sniff
sniff_341.wav,sniff,sniff
sniff_342.wav,sniff,sniff
sniff_343.wav,sniff,sniff
sniff_344.wav,sniff,sniff
sniff_345.wav,crying_sobbing_wail,sniff
sniff_346.wav,sniff,sniff
sniff_347.wav,sniff,sniff
sniff_348.wav,sniff,sniff
sniff_349.wav,sniff,sniff
sniff_350.wav,sniff,sniff
sniff_351.wav,sniff,sniff
sniff_352.wav,sniff,sniff
sniff_353.wav,sniff,sniff
sniff_354.wav,sniff,sniff
sniff_355.wav,sniff,sniff
sniff_356.wav,sniff,sniff
sniff_357.wav,crying_sobbing_wail,sniff
sniff_358.wav,sniff,sniff
sniff_359.wav,sniff,sniff
sniff_360.wav,sniff,sniff
sniff_361.wav,sneeze,sniff
sniff_362.wav,sniff,sniff
sniff_363.wav,sneeze,sniff
sniff_364.wav,sniff,sniff
sniff_365.wav,sniff,sniff
sniff_366.wav,sniff,sniff
sniff_367.wav,sniff,sniff
sniff_368.wav,sniff,sniff
sniff_369.wav,sniff,sniff
sniff_370.wav,sniff,sniff
sniff_371.wav,sniff,sniff
sniff_372.wav,sniff,sniff
sniff_373.wav,sniff,sniff
sniff_374.wav,sniff,sniff
sniff_375.wav,sniff,sniff
sniff_376.wav,sniff,sniff
sniff_377.wav,crying_sobbing_wail,sniff
sniff_378.wav,sniff,sniff
sniff_379.wav,sniff,sniff
sniff_380.wav,sniff,sniff
sniff_381.wav,sniff,sniff
sniff_382.wav,sniff,sniff
sniff_383.wav,sniff,sniff
sniff_384.wav,sniff,sniff
sniff_385.wav,sniff,sniff
sniff_386.wav,sniff,sniff
sniff_387.wav,sniff,sniff
sniff_388.wav,sniff,sniff
sniff_389.wav,sniff,sniff
sniff_390.wav,sniff,sniff
sniff_391.wav,sniff,sniff
sniff_392.wav,sniff,sniff
sniff_393.wav,sniff,sniff
sniff_394.wav,sniff,sniff
sniff_395.wav,sniff,sniff
sniff_396.wav,sniff,sniff
sniff_397.wav,sniff,sniff
sniff_398.wav,sniff,sniff
sniff_399.wav,sniff,sniff
sniff_400.wav,sniff,sniff
sniff_401.wav,sniff,sniff
sniff_402.wav,sniff,sniff
sniff_403.wav,sniff,sniff
sniff_404.wav,sniff,sniff
sniff_405.wav,sniff,sniff
sniff_406.wav,sniff,sniff
sniff_407.wav,sniff,sniff
sniff_408.wav,sniff,sniff
sniff_409.wav,sniff,sniff
sniff_410.wav,crying_sobbing_wail,sniff
sniff_411.wav,sniff,sniff
sniff_412.wav,sniff,sniff
sniff_413.wav,sniff,sniff
sniff_414.wav,sniff,sniff
sniff_415.wav,sniff,sniff
sniff_416.wav,sniff,sniff
sniff_417.wav,sniff,sniff
sniff_418.wav,sniff,sniff
sniff_419.wav,sniff,sniff
sniff_420.wav,sniff,sniff
sniff_421.wav,sniff,sniff
sniff_422.wav,sniff,sniff
sniff_423.wav,sniff,sniff
sniff_424.wav,sniff,sniff
sniff_425.wav,sniff,sniff
sniff_426.wav,sniff,sniff
sniff_427.wav,sniff,sniff
sniff_428.wav,sniff,sniff
sniff_429.wav,sniff,sniff
sniff_430.wav,crying_sobbing_wail,sniff
sniff_431.wav,sniff,sniff
sniff_432.wav,crying_sobbing_wail,sniff
sniff_433.wav,sniff,sniff
sniff_434.wav,sniff,sniff
sniff_435.wav,sniff,sniff
sniff_436.wav,sniff,sniff
sniff_437.wav,sniff,sniff
sniff_438.wav,sniff,sniff
sniff_439.wav,sniff,sniff
sniff_440.wav,sniff,sniff
sniff_441.wav,sneeze,sniff
sniff_442.wav,sniff,sniff
sniff_443.wav,sniff,sniff
sniff_444.wav,sniff,sniff
sniff_445.wav,sniff,sniff
sniff_446.wav,sniff,sniff
sniff_447.wav,sniff,sniff
sniff_448.wav,sniff,sniff
sniff_449.wav,sniff,sniff
sniff_450.wav,sniff,sniff
sniff_451.wav,sniff,sniff
sniff_452.wav,sniff,sniff
sniff_453.wav,sniff,sniff
sniff_454.wav,sniff,sniff
sniff_455.wav,sniff,sniff
sniff_456.wav,sniff,sniff
sniff_457.wav,sniff,sniff
sniff_458.wav,sneeze,sniff
sniff_459.wav,sniff,sniff
sniff_460.wav,sniff,sniff
sniff_461.wav,sniff,sniff
sniff_462.wav,sniff,sniff
sniff_463.wav,sniff,sniff
sniff_464.wav,sniff,sniff
sniff_465.wav,sniff,sniff
sniff_466.wav,sniff,sniff
sniff_467.wav,sniff,sniff
sniff_468.wav,sniff,sniff
sniff_469.wav,sniff,sniff
sniff_470.wav,sniff,sniff
sniff_471.wav,sniff,sniff
sniff_472.wav,sniff,sniff
sniff_473.wav,sniff,sniff
sniff_474.wav,sniff,sniff
sniff_475.wav,sniff,sniff
sniff_476.wav,sniff,sniff
sniff_477.wav,sniff,sniff
sniff_478.wav,sniff,sniff
sniff_479.wav,sniff,sniff
sniff_480.wav,crying_sobbing_wail,sniff
sniff_481.wav,sniff,sniff
sniff_482.wav,sniff,sniff
sniff_483.wav,sniff,sniff
sniff_484.wav,sneeze,sniff
sniff_485.wav,sniff,sniff
sniff_486.wav,sniff,sniff
sniff_487.wav,sniff,sniff
sniff_488.wav,sniff,sniff
sniff_489.wav,sniff,sniff
sniff_490.wav,sniff,sniff
sniff_491.wav,sniff,sniff
sniff_492.wav,sniff,sniff
sniff_493.wav,sniff,sniff
sniff_494.wav,sniff,sniff
sniff_495.wav,sniff,sniff
sniff_496.wav,sniff,sniff
sniff_497.wav,sniff,sniff
sniff_498.wav,sniff,sniff
sniff_499.wav,sniff,sniff
sniff_500.wav,sniff,sniff
sniff_501.wav,sniff,sniff
sniff_502.wav,sniff,sniff
sniff_503.wav,sniff,sniff
sniff_504.wav,sniff,sniff
sniff_505.wav,sniff,sniff
sniff_506.wav,sniff,sniff
sniff_507.wav,sniff,sniff
sniff_508.wav,sniff,sniff
sniff_509.wav,sniff,sniff
sniff_510.wav,crying_sobbing_wail,sniff
sniff_511.wav,sniff,sniff
sniff_512.wav,sniff,sniff
sniff_513.wav,sniff,sniff
sniff_514.wav,sniff,sniff
sniff_515.wav,sniff,sniff
sniff_516.wav,sniff,sniff
sniff_517.wav,sniff,sniff
sniff_518.wav,sniff,sniff
sniff_519.wav,sniff,sniff
sniff_520.wav,sniff,sniff
sniff_521.wav,sniff,sniff
sniff_522.wav,sniff,sniff
sniff_523.wav,sniff,sniff
sniff_524.wav,sniff,sniff
sniff_525.wav,sniff,sniff
sniff_526.wav,sniff,sniff
sniff_527.wav,sniff,sniff
sniff_528.wav,sniff,sniff
sniff_529.wav,sniff,sniff
sniff_530.wav,sniff,sniff
sniff_531.wav,sniff,sniff
sniff_532.wav,sniff,sniff
sniff_533.wav,sniff,sniff
sniff_534.wav,sniff,sniff
sniff_535.wav,sniff,sniff
sniff_536.wav,sniff,sniff
sniff_537.wav,sneeze,sniff
sniff_538.wav,sniff,sniff
sniff_539.wav,sniff,sniff
sniff_540.wav,sniff,sniff
sniff_541.wav,sniff,sniff
sniff_542.wav,sniff,sniff
sniff_543.wav,sniff,sniff
sniff_544.wav,sniff,sniff
sniff_545.wav,sniff,sniff
sniff_546.wav,sniff,sniff
sniff_547.wav,sniff,sniff
sniff_548.wav,sniff,sniff
sniff_549.wav,sniff,sniff
sniff_550.wav,sniff,sniff
sniff_551.wav,sniff,sniff
sniff_552.wav,sniff,sniff
sniff_553.wav,sniff,sniff
sniff_554.wav,sniff,sniff
sniff_555.wav,sniff,sniff
sniff_556.wav,sniff,sniff
sniff_557.wav,sniff,sniff
sniff_558.wav,sniff,sniff
sniff_559.wav,sniff,sniff
sniff_560.wav,sniff,sniff
sniff_561.wav,sniff,sniff
sniff_562.wav,sniff,sniff
sniff_563.wav,sniff,sniff
sniff_564.wav,sniff,sniff
sniff_565.wav,sniff,sniff
sniff_566.wav,sniff,sniff
sniff_567.wav,sniff,sniff
sniff_568.wav,sniff,sniff
sniff_569.wav,sniff,sniff
sniff_570.wav,sniff,sniff
sniff_571.wav,sniff,sniff
sniff_572.wav,sniff,sniff
sniff_573.wav,sniff,sniff
sniff_574.wav,sniff,sniff
sniff_575.wav,sniff,sniff
sniff_576.wav,sniff,sniff
sniff_577.wav,sniff,sniff
sniff_578.wav,sniff,sniff
sniff_579.wav,sniff,sniff
sniff_580.wav,sniff,sniff
sniff_581.wav,sniff,sniff
sniff_582.wav,sniff,sniff
sniff_583.wav,sniff,sniff
sniff_584.wav,sniff,sniff
sniff_585.wav,sniff,sniff
sniff_586.wav,sniff,sniff
sniff_587.wav,sniff,sniff
sniff_588.wav,sniff,sniff
sniff_589.wav,sniff,sniff
sniff_590.wav,sniff,sniff
sniff_591.wav,sniff,sniff
sniff_592.wav,sniff,sniff
sniff_593.wav,sniff,sniff
sniff_594.wav,sniff,sniff
sniff_595.wav,sniff,sniff
sniff_596.wav,sniff,sniff
sniff_597.wav,sniff,sniff
sniff_598.wav,sniff,sniff
sniff_599.wav,sniff,sniff
sniff_600.wav,sniff,sniff
sniff_601.wav,sniff,sniff
sniff_602.wav,sniff,sniff
sniff_603.wav,sniff,sniff
sniff_604.wav,sniff,sniff
sniff_605.wav,sniff,sniff
sniff_606.wav,sniff,sniff
sniff_607.wav,sniff,sniff
sniff_608.wav,sniff,sniff
sniff_609.wav,sniff,sniff
sniff_610.wav,sniff,sniff
sniff_611.wav,sniff,sniff
sniff_612.wav,sniff,sniff
sniff_613.wav,sniff,sniff
sniff_614.wav,sniff,sniff
sniff_615.wav,sniff,sniff
sniff_616.wav,sniff,sniff
sniff_617.wav,sniff,sniff
sniff_618.wav,sniff,sniff
sniff_619.wav,sniff,sniff
sniff_620.wav,sniff,sniff
sniff_621.wav,sniff,sniff
sniff_622.wav,sniff,sniff
sniff_623.wav,sniff,sniff
sniff_624.wav,sniff,sniff
sniff_625.wav,sniff,sniff
sniff_626.wav,sniff,sniff
sniff_627.wav,sniff,sniff
sniff_628.wav,sniff,sniff
sniff_629.wav,sniff,sniff
sniff_630.wav,sniff,sniff
sniff_631.wav,sniff,sniff
sniff_632.wav,sniff,sniff
sniff_633.wav,sniff,sniff
sniff_634.wav,sniff,sniff
sniff_635.wav,sniff,sniff
sniff_636.wav,sniff,sniff
sniff_637.wav,sniff,sniff
sniff_638.wav,sniff,sniff
sniff_639.wav,sniff,sniff
sniff_640.wav,sniff,sniff
sniff_641.wav,sniff,sniff
sniff_642.wav,sniff,sniff
sniff_643.wav,sniff,sniff
sniff_644.wav,sniff,sniff
sniff_645.wav,sniff,sniff
sniff_646.wav,sniff,sniff
sniff_647.wav,sniff,sniff
sniff_648.wav,sniff,sniff
sniff_649.wav,sniff,sniff
sniff_650.wav,sniff,sniff
sniff_651.wav,sniff,sniff
sniff_652.wav,sniff,sniff
sniff_653.wav,sniff,sniff
sniff_654.wav,sniff,sniff
sniff_655.wav,sniff,sniff
sniff_656.wav,sniff,sniff
sniff_657.wav,sniff,sniff
sniff_658.wav,sniff,sniff
sniff_659.wav,sniff,sniff
sniff_660.wav,sniff,sniff
sniff_661.wav,sniff,sniff
sniff_662.wav,sniff,sniff
sniff_663.wav,sniff,sniff
sniff_664.wav,sniff,sniff
sniff_665.wav,sniff,sniff
sniff_666.wav,sniff,sniff
sniff_667.wav,sniff,sniff
sniff_668.wav,sniff,sniff
sniff_669.wav,sniff,sniff
sniff_670.wav,sniff,sniff
sniff_671.wav,sniff,sniff
sniff_672.wav,sneeze,sniff
sniff_673.wav,sniff,sniff
sniff_674.wav,sniff,sniff
sniff_675.wav,sniff,sniff
sniff_676.wav,sniff,sniff
sniff_677.wav,sniff,sniff
sniff_678.wav,sniff,sniff
sniff_679.wav,sniff,sniff
sniff_680.wav,sniff,sniff
sniff_681.wav,sniff,sniff
sniff_682.wav,sniff,sniff
sniff_683.wav,sniff,sniff
sniff_684.wav,sniff,sniff
sniff_685.wav,sniff,sniff
sniff_686.wav,sniff,sniff
sniff_687.wav,sniff,sniff
sniff_688.wav,sniff,sniff
sniff_689.wav,sniff,sniff
sniff_690.wav,sniff,sniff
sniff_691.wav,sniff,sniff
sniff_692.wav,sniff,sniff
sniff_693.wav,sniff,sniff
sniff_694.wav,sniff,sniff
sniff_695.wav,sniff,sniff
sniff_696.wav,sniff,sniff
sniff_697.wav,sniff,sniff
sniff_698.wav,sniff,sniff
sniff_699.wav,sniff,sniff
sniff_700.wav,sniff,sniff
sniff_701.wav,sniff,sniff
sniff_702.wav,sniff,sniff
sniff_703.wav,sniff,sniff
sniff_704.wav,sniff,sniff
sniff_705.wav,sniff,sniff
sniff_706.wav,sniff,sniff
sniff_707.wav,sniff,sniff
sniff_708.wav,sniff,sniff
sniff_709.wav,sniff,sniff
sniff_710.wav,sniff,sniff
sniff_711.wav,sniff,sniff
sniff_712.wav,sniff,sniff
sniff_713.wav,sniff,sniff
sniff_714.wav,sniff,sniff
sniff_715.wav,sniff,sniff
sniff_716.wav,sniff,sniff
sniff_717.wav,sniff,sniff
sniff_718.wav,sniff,sniff
sniff_719.wav,sniff,sniff
sniff_720.wav,sniff,sniff
sniff_721.wav,sniff,sniff
sniff_722.wav,sniff,sniff
sniff_723.wav,sniff,sniff
sniff_724.wav,sniff,sniff
sniff_725.wav,sniff,sniff
sniff_726.wav,sniff,sniff
sniff_727.wav,sniff,sniff
sniff_728.wav,sniff,sniff
sniff_729.wav,sniff,sniff
sniff_730.wav,sniff,sniff
sniff_731.wav,sniff,sniff
sniff_732.wav,sniff,sniff
sniff_733.wav,sniff,sniff
sniff_734.wav,crying_sobbing_wail,sniff
sniff_735.wav,sniff,sniff
sniff_736.wav,sniff,sniff
sniff_737.wav,sniff,sniff
sniff_738.wav,sniff,sniff
sniff_739.wav,sniff,sniff
sniff_740.wav,sniff,sniff
sniff_741.wav,sniff,sniff
sniff_742.wav,sniff,sniff
sniff_743.wav,sniff,sniff
sniff_744.wav,sniff,sniff
sniff_745.wav,sniff,sniff
sniff_746.wav,sniff,sniff
sniff_747.wav,sniff,sniff
sniff_748.wav,sniff,sniff
sniff_749.wav,sniff,sniff
sniff_750.wav,sniff,sniff
sniff_751.wav,sniff,sniff
sniff_752.wav,sniff,sniff
sniff_753.wav,sniff,sniff
sniff_754.wav,sniff,sniff
sniff_755.wav,sniff,sniff
sniff_756.wav,sniff,sniff
sniff_757.wav,sniff,sniff
sniff_758.wav,sniff,sniff
sniff_759.wav,sniff,sniff
sniff_760.wav,sniff,sniff
sniff_761.wav,sniff,sniff
sniff_762.wav,sniff,sniff
sniff_763.wav,sniff,sniff
sniff_764.wav,sniff,sniff
sniff_765.wav,sniff,sniff
sniff_766.wav,sniff,sniff
sniff_767.wav,sniff,sniff
sniff_768.wav,sniff,sniff
sniff_769.wav,sniff,sniff
sniff_770.wav,sniff,sniff
sniff_771.wav,sniff,sniff
sniff_772.wav,sniff,sniff
sniff_773.wav,sniff,sniff
sniff_774.wav,sniff,sniff
sniff_775.wav,sniff,sniff
sniff_776.wav,sniff,sniff
sniff_777.wav,sniff,sniff
sniff_778.wav,sniff,sniff
sniff_779.wav,sniff,sniff
sniff_780.wav,sniff,sniff
sniff_781.wav,sniff,sniff
sniff_782.wav,sniff,sniff
sniff_783.wav,sniff,sniff
sniff_784.wav,sniff,sniff
sniff_785.wav,sniff,sniff
sniff_786.wav,sniff,sniff
sniff_787.wav,sniff,sniff
sniff_788.wav,sniff,sniff
sniff_789.wav,sniff,sniff
sniff_790.wav,sniff,sniff
sniff_791.wav,sniff,sniff
sniff_792.wav,sniff,sniff
sniff_793.wav,sniff,sniff
sniff_794.wav,sniff,sniff
sniff_795.wav,sniff,sniff
sniff_796.wav,sniff,sniff
sniff_797.wav,sniff,sniff
sniff_798.wav,sniff,sniff
sniff_799.wav,sniff,sniff
sniff_800.wav,sniff,sniff
sniff_801.wav,sniff,sniff
sniff_802.wav,sniff,sniff
sniff_803.wav,sniff,sniff
sniff_804.wav,sniff,sniff
sniff_805.wav,sniff,sniff
sniff_806.wav,sneeze,sniff
sniff_807.wav,sniff,sniff
sniff_808.wav,sniff,sniff
sniff_809.wav,sniff,sniff
sniff_810.wav,sniff,sniff
sniff_811.wav,sniff,sniff
sniff_812.wav,sniff,sniff
sniff_813.wav,sniff,sniff
sniff_814.wav,sniff,sniff
sniff_815.wav,sniff,sniff
sniff_816.wav,sniff,sniff
sniff_817.wav,sniff,sniff
sniff_818.wav,sniff,sniff
sniff_819.wav,crying_sobbing_wail,sniff
sniff_820.wav,sniff,sniff
sniff_821.wav,sniff,sniff
sniff_822.wav,sniff,sniff
sniff_823.wav,sniff,sniff
sniff_824.wav,sniff,sniff
sniff_825.wav,sniff,sniff
sniff_826.wav,sniff,sniff
sniff_827.wav,sniff,sniff
sniff_828.wav,sniff,sniff
sniff_829.wav,sniff,sniff
sniff_830.wav,sniff,sniff
sniff_831.wav,sniff,sniff
sniff_832.wav,sniff,sniff
sniff_833.wav,sniff,sniff
sniff_834.wav,sniff,sniff
sniff_835.wav,sniff,sniff
sniff_836.wav,sniff,sniff
sniff_837.wav,sniff,sniff
sniff_838.wav,sniff,sniff
sniff_839.wav,sniff,sniff
sniff_840.wav,sniff,sniff
sniff_841.wav,sniff,sniff
sniff_842.wav,sniff,sniff
sniff_843.wav,sniff,sniff
sniff_844.wav,sniff,sniff
sniff_845.wav,sniff,sniff
sniff_846.wav,sniff,sniff
sniff_847.wav,sniff,sniff
sniff_848.wav,sniff,sniff
sniff_849.wav,sniff,sniff
sniff_850.wav,sniff,sniff
sniff_851.wav,sniff,sniff
sniff_852.wav,sniff,sniff
sniff_853.wav,sniff,sniff
sniff_854.wav,sniff,sniff
sniff_855.wav,sniff,sniff
sniff_856.wav,sniff,sniff
sniff_857.wav,sniff,sniff
sniff_858.wav,crying_sobbing_wail,sniff
sniff_859.wav,sniff,sniff
sniff_860.wav,crying_sobbing_wail,sniff
sniff_861.wav,sniff,sniff
sniff_862.wav,crying_sobbing_wail,sniff
sniff_863.wav,sniff,sniff
sniff_864.wav,sniff,sniff
sniff_865.wav,sniff,sniff
sniff_866.wav,sniff,sniff
sniff_867.wav,sniff,sniff
sniff_868.wav,sniff,sniff
sniff_869.wav,sniff,sniff
sniff_870.wav,sniff,sniff
sniff_871.wav,sniff,sniff
sniff_872.wav,sniff,sniff
sniff_873.wav,sniff,sniff
sniff_874.wav,sniff,sniff
sniff_875.wav,sniff,sniff
sniff_876.wav,sniff,sniff
sniff_877.wav,sniff,sniff
sniff_878.wav,sniff,sniff
sniff_879.wav,sniff,sniff
sniff_880.wav,sniff,sniff
sniff_881.wav,sniff,sniff
sniff_882.wav,sniff,sniff
sniff_883.wav,sniff,sniff
sniff_884.wav,sniff,sniff
sniff_885.wav,sniff,sniff
sniff_886.wav,sniff,sniff
sniff_887.wav,sniff,sniff
sniff_888.wav,sniff,sniff
sniff_889.wav,sniff,sniff
sniff_890.wav,sniff,sniff
sniff_891.wav,sniff,sniff
sniff_892.wav,sniff,sniff
sniff_893.wav,sniff,sniff
sniff_894.wav,sniff,sniff
sniff_895.wav,sniff,sniff
sniff_896.wav,sniff,sniff
sniff_897.wav,sniff,sniff
sniff_898.wav,sniff,sniff
sniff_899.wav,sniff,sniff
sniff_900.wav,sniff,sniff
sniff_901.wav,sniff,sniff
sniff_902.wav,sniff,sniff
sniff_903.wav,sniff,sniff
sniff_904.wav,sniff,sniff
sniff_905.wav,sniff,sniff
sniff_906.wav,sniff,sniff
sniff_907.wav,sniff,sniff
sniff_908.wav,sniff,sniff
sniff_909.wav,sniff,sniff
sniff_910.wav,sniff,sniff
sniff_911.wav,sniff,sniff
sniff_912.wav,sniff,sniff
sniff_913.wav,crying_sobbing_wail,sniff
sniff_914.wav,sniff,sniff
sniff_915.wav,sniff,sniff
sniff_916.wav,sniff,sniff
sniff_917.wav,sniff,sniff
sniff_918.wav,sniff,sniff
sniff_919.wav,sniff,sniff
sniff_920.wav,sniff,sniff
sniff_921.wav,sniff,sniff
sniff_922.wav,sniff,sniff
sniff_923.wav,sniff,sniff
sniff_924.wav,crying_sobbing_wail,sniff
sniff_925.wav,sniff,sniff
sniff_926.wav,sniff,sniff
sniff_927.wav,sniff,sniff
sniff_928.wav,sniff,sniff
sniff_929.wav,sniff,sniff
sniff_930.wav,sniff,sniff
sniff_931.wav,crying_sobbing_wail,sniff
sniff_932.wav,sniff,sniff
sniff_933.wav,sniff,sniff
sniff_934.wav,sniff,sniff
sniff_935.wav,sniff,sniff
sniff_936.wav,sniff,sniff
sniff_937.wav,sniff,sniff
sniff_938.wav,sniff,sniff
sniff_939.wav,sniff,sniff
sniff_940.wav,sniff,sniff
sniff_941.wav,sniff,sniff
sniff_942.wav,sniff,sniff
sniff_943.wav,sniff,sniff
sniff_944.wav,sniff,sniff
sniff_945.wav,sniff,sniff
sniff_946.wav,sniff,sniff
sniff_947.wav,sniff,sniff
sniff_948.wav,sniff,sniff
sniff_949.wav,sniff,sniff
sniff_950.wav,sniff,sniff
sniff_951.wav,sniff,sniff
sniff_952.wav,sniff,sniff
sniff_953.wav,sniff,sniff
sniff_954.wav,sniff,sniff
sniff_955.wav,sniff,sniff
sniff_956.wav,sniff,sniff
sniff_957.wav,sniff,sniff
sniff_958.wav,sniff,sniff
sniff_959.wav,sniff,sniff
sniff_960.wav,sniff,sniff
sniff_961.wav,sniff,sniff
sniff_962.wav,sniff,sniff
sniff_963.wav,sniff,sniff
sniff_964.wav,sniff,sniff
sniff_965.wav,sniff,sniff
sniff_966.wav,sniff,sniff
sniff_967.wav,sniff,sniff
sniff_968.wav,sniff,sniff
sniff_969.wav,sniff,sniff
sniff_970.wav,sniff,sniff
sniff_971.wav,sniff,sniff
sniff_972.wav,sniff,sniff
sniff_973.wav,sniff,sniff
sniff_974.wav,sniff,sniff
sniff_975.wav,sniff,sniff
sniff_976.wav,sniff,sniff
sniff_977.wav,sniff,sniff
sniff_978.wav,sniff,sniff
sniff_979.wav,sniff,sniff
sniff_980.wav,sniff,sniff
sniff_981.wav,sniff,sniff
sniff_982.wav,sniff,sniff
sniff_983.wav,sniff,sniff
sniff_984.wav,sniff,sniff
sniff_985.wav,sniff,sniff
sniff_986.wav,sniff,sniff
sniff_987.wav,sniff,sniff
sniff_988.wav,sniff,sniff
sniff_989.wav,sniff,sniff
sniff_990.wav,crying_sobbing_wail,sniff
sniff_991.wav,sniff,sniff
sniff_992.wav,sniff,sniff
sniff_993.wav,sniff,sniff
sniff_994.wav,sniff,sniff
sniff_995.wav,sniff,sniff
sniff_996.wav,sniff,sniff
sniff_997.wav,sniff,sniff
sniff_998.wav,sniff,sniff
sniff_999.wav,sniff,sniff
sniff_1000.wav,sniff,sniff
scratch_1.wav,scratch,scratch
scratch_2.wav,scratch,scratch
scratch_3.wav,scratch,scratch
scratch_4.wav,scratch,scratch
scratch_5.wav,scratch,scratch
scratch_6.wav,scratch,scratch
scratch_7.wav,scratch,scratch
scratch_8.wav,scratch,scratch
scratch_9.wav,scratch,scratch
scratch_10.wav,sniff,scratch
scratch_11.wav,scratch,scratch
scratch_12.wav,scratch,scratch
scratch_13.wav,scratch,scratch
scratch_14.wav,scratch,scratch
scratch_15.wav,scratch,scratch
scratch_16.wav,sneeze,scratch
scratch_17.wav,scratch,scratch
scratch_18.wav,scratch,scratch
scratch_19.wav,scratch,scratch
scratch_20.wav,scratch,scratch
scratch_21.wav,scratch,scratch
scratch_22.wav,scratch,scratch
scratch_23.wav,scratch,scratch
scratch_24.wav,scratch,scratch
scratch_25.wav,scratch,scratch
scratch_26.wav,scratch,scratch
scratch_27.wav,scratch,scratch
scratch_28.wav,scratch,scratch
scratch_29.wav,scratch,scratch
scratch_30.wav,scratch,scratch
scratch_31.wav,scratch,scratch
scratch_32.wav,scratch,scratch
scratch_33.wav,scratch,scratch
scratch_34.wav,scratch,scratch
scratch_35.wav,scratch,scratch
scratch_36.wav,scratch,scratch
scratch_37.wav,scratch,scratch
scratch_38.wav,sneeze,scratch
scratch_39.wav,scratch,scratch
scratch_40.wav,scratch,scratch
scratch_41.wav,scratch,scratch
scratch_42.wav,scratch,scratch
scratch_43.wav,scratch,scratch
scratch_44.wav,scratch,scratch
scratch_45.wav,scratch,scratch
scratch_46.wav,scratch,scratch
scratch_47.wav,scratch,scratch
scratch_48.wav,scratch,scratch
scratch_49.wav,scratch,scratch
scratch_50.wav,scratch,scratch
scratch_51.wav,scratch,scratch
scratch_52.wav,scratch,scratch
scratch_53.wav,scratch,scratch
scratch_54.wav,scratch,scratch
scratch_55.wav,scratch,scratch
scratch_56.wav,scratch,scratch
scratch_57.wav,scratch,scratch
scratch_58.wav,scratch,scratch
scratch_59.wav,scratch,scratch
scratch_60.wav,scratch,scratch
scratch_61.wav,scratch,scratch
scratch_62.wav,scratch,scratch
scratch_63.wav,scratch,scratch
scratch_64.wav,scratch,scratch
scratch_65.wav,scratch,scratch
scratch_66.wav,scratch,scratch
scratch_67.wav,scratch,scratch
scratch_68.wav,scratch,scratch
scratch_69.wav,scratch,scratch
scratch_70.wav,rub,scratch
scratch_71.wav,scratch,scratch
scratch_72.wav,scratch,scratch
scratch_73.wav,scratch,scratch
scratch_74.wav,scratch,scratch
scratch_75.wav,scratch,scratch
scratch_76.wav,scratch,scratch
scratch_77.wav,scratch,scratch
scratch_78.wav,scratch,scratch
scratch_79.wav,scratch,scratch
scratch_80.wav,scratch,scratch
scratch_81.wav,scratch,scratch
scratch_82.wav,scratch,scratch
scratch_83.wav,scratch,scratch
scratch_84.wav,sneeze,scratch
scratch_85.wav,scratch,scratch
scratch_86.wav,scratch,scratch
scratch_87.wav,scratch,scratch
scratch_88.wav,scratch,scratch
scratch_89.wav,scratch,scratch
scratch_90.wav,scratch,scratch
scratch_91.wav,scratch,scratch
scratch_92.wav,scratch,scratch
scratch_93.wav,scratch,scratch
scratch_94.wav,scratch,scratch
scratch_95.wav,scratch,scratch
scratch_96.wav,scratch,scratch
scratch_97.wav,scratch,scratch
scratch_98.wav,scratch,scratch
scratch_99.wav,scratch,scratch
scratch_100.wav,scratch,scratch
scratch_101.wav,scratch,scratch
scratch_102.wav,scratch,scratch
scratch_103.wav,sneeze,scratch
scratch_104.wav,scratch,scratch
scratch_105.wav,scratch,scratch
scratch_106.wav,scratch,scratch
scratch_107.wav,scratch,scratch
scratch_108.wav,scratch,scratch
scratch_109.wav,scratch,scratch
scratch_110.wav,scratch,scratch
scratch_111.wav,scratch,scratch
scratch_112.wav,scratch,scratch
scratch_113.wav,scratch,scratch
scratch_114.wav,scratch,scratch
scratch_115.wav,scratch,scratch
scratch_116.wav,cough,scratch
scratch_117.wav,scratch,scratch
scratch_118.wav,scratch,scratch
scratch_119.wav,scratch,scratch
scratch_120.wav,scratch,scratch
scratch_121.wav,scratch,scratch
scratch_122.wav,scratch,scratch
scratch_123.wav,scratch,scratch
scratch_124.wav,scratch,scratch
scratch_125.wav,scratch,scratch
scratch_126.wav,scratch,scratch
scratch_127.wav,scratch,scratch
scratch_128.wav,scratch,scratch
scratch_129.wav,scratch,scratch
scratch_130.wav,scratch,scratch
scratch_131.wav,scratch,scratch
scratch_132.wav,scratch,scratch
scratch_133.wav,scratch,scratch
scratch_134.wav,scratch,scratch
scratch_135.wav,slap_smack,scratch
scratch_136.wav,scratch,scratch
scratch_137.wav,scratch,scratch
scratch_138.wav,scratch,scratch
scratch_139.wav,scratch,scratch
scratch_140.wav,scratch,scratch
scratch_141.wav,scratch,scratch
scratch_142.wav,scratch,scratch
scratch_143.wav,scratch,scratch
scratch_144.wav,scratch,scratch
scratch_145.wav,scratch,scratch
scratch_146.wav,scratch,scratch
scratch_147.wav,scratch,scratch
scratch_148.wav,scratch,scratch
scratch_149.wav,scratch,scratch
scratch_150.wav,scratch,scratch
scratch_151.wav,scratch,scratch
scratch_152.wav,scratch,scratch
scratch_153.wav,scratch,scratch
scratch_154.wav,scratch,scratch
scratch_155.wav,scratch,scratch
scratch_156.wav,scratch,scratch
scratch_157.wav,scratch,scratch
scratch_158.wav,scratch,scratch
scratch_159.wav,scratch,scratch
scratch_160.wav,scratch,scratch
scratch_161.wav,scratch,scratch
scratch_162.wav,scratch,scratch
scratch_163.wav,scratch,scratch
scratch_164.wav,scratch,scratch
scratch_165.wav,scratch,scratch
scratch_166.wav,scratch,scratch
scratch_167.wav,scratch,scratch
scratch_168.wav,scratch,scratch
scratch_169.wav,scratch,scratch
scratch_170.wav,sneeze,scratch
scratch_171.wav,scratch,scratch
scratch_172.wav,scratch,scratch
scratch_173.wav,scratch,scratch
scratch_174.wav,scratch,scratch
scratch_175.wav,scratch,scratch
scratch_176.wav,scratch,scratch
scratch_177.wav,scratch,scratch
scratch_178.wav,scratch,scratch
scratch_179.wav,scratch,scratch
scratch_180.wav,scratch,scratch
scratch_181.wav,scratch,scratch
scratch_182.wav,scratch,scratch
scratch_183.wav,scratch,scratch
scratch_184.wav,scratch,scratch
scratch_185.wav,slap_smack,scratch
scratch_186.wav,scratch,scratch
scratch_187.wav,scratch,scratch
scratch_188.wav,scratch,scratch
scratch_189.wav,scratch,scratch
scratch_190.wav,scratch,scratch
scratch_191.wav,scratch,scratch
scratch_192.wav,scratch,scratch
scratch_193.wav,scratch,scratch
scratch_194.wav,scratch,scratch
scratch_195.wav,scratch,scratch
scratch_196.wav,scratch,scratch
scratch_197.wav,scratch,scratch
scratch_198.wav,scratch,scratch
scratch_199.wav,scratch,scratch
scratch_200.wav,scratch,scratch
scratch_201.wav,scratch,scratch
scratch_202.wav,scratch,scratch
scratch_203.wav,scratch,scratch
scratch_204.wav,scratch,scratch
scratch_205.wav,scratch,scratch
scratch_206.wav,scratch,scratch
scratch_207.wav,scratch,scratch
scratch_208.wav,scratch,scratch
scratch_209.wav,scratch,scratch
scratch_210.wav,scratch,scratch
scratch_211.wav,scratch,scratch
scratch_212.wav,scratch,scratch
scratch_213.wav,rub,scratch
scratch_214.wav,scratch,scratch
scratch_215.wav,scratch,scratch
scratch_216.wav,scratch,scratch
scratch_217.wav,scratch,scratch
scratch_218.wav,scratch,scratch
scratch_219.wav,scratch,scratch
scratch_220.wav,scratch,scratch
scratch_221.wav,scratch,scratch
scratch_222.wav,scratch,scratch
scratch_223.wav,scratch,scratch
scratch_224.wav,scratch,scratch
scratch_225.wav,scratch,scratch
scratch_226.wav,scratch,scratch
scratch_227.wav,scratch,scratch
scratch_228.wav,scratch,scratch
scratch_229.wav,scratch,scratch
scratch_230.wav,scratch,scratch
scratch_231.wav,scratch,scratch
scratch_232.wav,scratch,scratch
scratch_233.wav,scratch,scratch
scratch_234.wav,scratch,scratch
scratch_235.wav,scratch,scratch
scratch_236.wav,scratch,scratch
scratch_237.wav,scratch,scratch
scratch_238.wav,scratch,scratch
scratch_239.wav,scratch,scratch
scratch_240.wav,scratch,scratch
scratch_241.wav,scratch,scratch
scratch_242.wav,scratch,scratch
scratch_243.wav,scratch,scratch
scratch_244.wav,scratch,scratch
scratch_245.wav,scratch,scratch
scratch_246.wav,scratch,scratch
scratch_247.wav,scratch,scratch
scratch_248.wav,scratch,scratch
scratch_249.wav,scratch,scratch
scratch_250.wav,scratch,scratch
scratch_251.wav,scratch,scratch
scratch_252.wav,scratch,scratch
scratch_253.wav,scratch,scratch
scratch_254.wav,scratch,scratch
scratch_255.wav,scratch,scratch
scratch_256.wav,scratch,scratch
scratch_257.wav,scratch,scratch
scratch_258.wav,scratch,scratch
scratch_259.wav,scratch,scratch
scratch_260.wav,scratch,scratch
scratch_261.wav,scratch,scratch
scratch_262.wav,scratch,scratch
scratch_263.wav,scratch,scratch
scratch_264.wav,scratch,scratch
scratch_265.wav,scratch,scratch
scratch_266.wav,scratch,scratch
scratch_267.wav,scratch,scratch
scratch_268.wav,scratch,scratch
scratch_269.wav,scratch,scratch
scratch_270.wav,scratch,scratch
scratch_271.wav,scratch,scratch
scratch_272.wav,scratch,scratch
scratch_273.wav,scratch,scratch
scratch_274.wav,scratch,scratch
scratch_275.wav,scratch,scratch
scratch_276.wav,scratch,scratch
scratch_277.wav,scratch,scratch
scratch_278.wav,scratch,scratch
scratch_279.wav,scratch,scratch
scratch_280.wav,scratch,scratch
scratch_281.wav,scratch,scratch
scratch_282.wav,scratch,scratch
scratch_283.wav,rub,scratch
scratch_284.wav,scratch,scratch
scratch_285.wav,scratch,scratch
scratch_286.wav,scratch,scratch
scratch_287.wav,scratch,scratch
scratch_288.wav,scratch,scratch
scratch_289.wav,scratch,scratch
scratch_290.wav,scratch,scratch
scratch_291.wav,scratch,scratch
scratch_292.wav,scratch,scratch
scratch_293.wav,sniff,scratch
scratch_294.wav,scratch,scratch
scratch_295.wav,scratch,scratch
scratch_296.wav,scratch,scratch
scratch_297.wav,scratch,scratch
scratch_298.wav,scratch,scratch
scratch_299.wav,scratch,scratch
scratch_300.wav,scratch,scratch
scratch_301.wav,scratch,scratch
scratch_302.wav,scratch,scratch
scratch_303.wav,scratch,scratch
scratch_304.wav,scratch,scratch
scratch_305.wav,scratch,scratch
scratch_306.wav,scratch,scratch
scratch_307.wav,scratch,scratch
scratch_308.wav,scratch,scratch
scratch_309.wav,scratch,scratch
scratch_310.wav,scratch,scratch
scratch_311.wav,scratch,scratch
scratch_312.wav,scratch,scratch
scratch_313.wav,scratch,scratch
scratch_314.wav,scratch,scratch
scratch_315.wav,scratch,scratch
scratch_316.wav,scratch,scratch
scratch_317.wav,scratch,scratch
scratch_318.wav,scratch,scratch
scratch_319.wav,scratch,scratch
scratch_320.wav,scratch,scratch
scratch_321.wav,scratch,scratch
scratch_322.wav,scratch,scratch
scratch_323.wav,scratch,scratch
scratch_324.wav,sniff,scratch
scratch_325.wav,scratch,scratch
scratch_326.wav,scratch,scratch
scratch_327.wav,scratch,scratch
scratch_328.wav,scratch,scratch
scratch_329.wav,scratch,scratch
scratch_330.wav,scratch,scratch
scratch_331.wav,scratch,scratch
scratch_332.wav,scratch,scratch
scratch_333.wav,scratch,scratch
scratch_334.wav,scratch,scratch
scratch_335.wav,scratch,scratch
scratch_336.wav,scratch,scratch
scratch_337.wav,scratch,scratch
scratch_338.wav,scratch,scratch
scratch_339.wav,scratch,scratch
scratch_340.wav,rub,scratch
scratch_341.wav,scratch,scratch
scratch_342.wav,scratch,scratch
scratch_343.wav,scratch,scratch
scratch_344.wav,scratch,scratch
scratch_345.wav,slap_smack,scratch
scratch_346.wav,scratch,scratch
scratch_347.wav,scratch,scratch
scratch_348.wav,scratch,scratch
scratch_349.wav,scratch,scratch
scratch_350.wav,scratch,scratch
scratch_351.wav,scratch,scratch
scratch_352.wav,scratch,scratch
scratch_353.wav,scratch,scratch
scratch_354.wav,scratch,scratch
scratch_355.wav,scratch,scratch
scratch_356.wav,scratch,scratch
scratch_357.wav,scratch,scratch
scratch_358.wav,scratch,scratch
scratch_359.wav,scratch,scratch
scratch_360.wav,scratch,scratch
scratch_361.wav,scratch,scratch
scratch_362.wav,scratch,scratch
scratch_363.wav,scratch,scratch
scratch_364.wav,sneeze,scratch
scratch_365.wav,scratch,scratch
scratch_366.wav,scratch,scratch
scratch_367.wav,scratch,scratch
scratch_368.wav,scratch,scratch
scratch_369.wav,scratch,scratch
scratch_370.wav,scratch,scratch
scratch_371.wav,scratch,scratch
scratch_372.wav,scratch,scratch
scratch_373.wav,scratch,scratch
scratch_374.wav,scratch,scratch
scratch_375.wav,scratch,scratch
scratch_376.wav,scratch,scratch
scratch_377.wav,scratch,scratch
scratch_378.wav,scratch,scratch
scratch_379.wav,scratch,scratch
scratch_380.wav,scratch,scratch
scratch_381.wav,scratch,scratch
scratch_382.wav,scratch,scratch
scratch_383.wav,scratch,scratch
scratch_384.wav,scratch,scratch
scratch_385.wav,scratch,scratch
scratch_386.wav,scratch,scratch
scratch_387.wav,scratch,scratch
scratch_388.wav,scratch,scratch
scratch_389.wav,scratch,scratch
scratch_390.wav,scratch,scratch
scratch_391.wav,scratch,scratch
scratch_392.wav,scratch,scratch
scratch_393.wav,scratch,scratch
scratch_394.wav,scratch,scratch
scratch_395.wav,scratch,scratch
scratch_396.wav,scratch,scratch
scratch_397.wav,scratch,scratch
scratch_398.wav,scratch,scratch
scratch_399.wav,scratch,scratch
scratch_400.wav,scratch,scratch
scratch_401.wav,scratch,scratch
scratch_402.wav,scratch,scratch
scratch_403.wav,scratch,scratch
scratch_404.wav,scratch,scratch
scratch_405.wav,scratch,scratch
scratch_406.wav,scratch,scratch
scratch_407.wav,scratch,scratch
scratch_408.wav,scratch,scratch
scratch_409.wav,scratch,scratch
scratch_410.wav,scratch,scratch
scratch_411.wav,scratch,scratch
scratch_412.wav,scratch,scratch
scratch_413.wav,slap_smack,scratch
scratch_414.wav,scratch,scratch
scratch_415.wav,scratch,scratch
scratch_416.wav,scratch,scratch
scratch_417.wav,scratch,scratch
scratch_418.wav,scratch,scratch
scratch_419.wav,scratch,scratch
scratch_420.wav,scratch,scratch
scratch_421.wav,scratch,scratch
scratch_422.wav,scratch,scratch
scratch_423.wav,scratch,scratch
scratch_424.wav,scratch,scratch
scratch_425.wav,scratch,scratch
scratch_426.wav,scratch,scratch
scratch_427.wav,scratch,scratch
scratch_428.wav,scratch,scratch
scratch_429.wav,scratch,scratch
scratch_430.wav,scratch,scratch
scratch_431.wav,scratch,scratch
scratch_432.wav,scratch,scratch
scratch_433.wav,scratch,scratch
scratch_434.wav,scratch,scratch
scratch_435.wav,scratch,scratch
scratch_436.wav,scratch,scratch
scratch_437.wav,scratch,scratch
scratch_438.wav,scratch,scratch
scratch_439.wav,scratch,scratch
scratch_440.wav,scratch,scratch
scratch_441.wav,scratch,scratch
scratch_442.wav,scratch,scratch
scratch_443.wav,scratch,scratch
scratch_444.wav,scratch,scratch
scratch_445.wav,scratch,scratch
scratch_446.wav,scratch,scratch
scratch_447.wav,scratch,scratch
scratch_448.wav,scratch,scratch
scratch_449.wav,scratch,scratch
scratch_450.wav,scratch,scratch
scratch_451.wav,scratch,scratch
scratch_452.wav,scratch,scratch
scratch_453.wav,scratch,scratch
scratch_454.wav,scratch,scratch
scratch_455.wav,scratch,scratch
scratch_456.wav,scratch,scratch
scratch_457.wav,scratch,scratch
scratch_458.wav,scratch,scratch
scratch_459.wav,scratch,scratch
scratch_460.wav,scratch,scratch
scratch_461.wav,scratch,scratch
scratch_462.wav,scratch,scratch
scratch_463.wav,scratch,scratch
scratch_464.wav,scratch,scratch
scratch_465.wav,scratch,scratch
scratch_466.wav,scratch,scratch
scratch_467.wav,scratch,scratch
scratch_468.wav,scratch,scratch
scratch_469.wav,sniff,scratch
scratch_470.wav,scratch,scratch
scratch_471.wav,scratch,scratch
scratch_472.wav,scratch,scratch
scratch_473.wav,scratch,scratch
scratch_474.wav,screaming,scratch
scratch_475.wav,scratch,scratch
scratch_476.wav,sneeze,scratch
scratch_477.wav,scratch,scratch
scratch_478.wav,scratch,scratch
scratch_479.wav,scratch,scratch
scratch_480.wav,scratch,scratch
scratch_481.wav,scratch,scratch
scratch_482.wav,scratch,scratch
scratch_483.wav,scratch,scratch
scratch_484.wav,scratch,scratch
scratch_485.wav,scratch,scratch
scratch_486.wav,scratch,scratch
scratch_487.wav,scratch,scratch
scratch_488.wav,scratch,scratch
scratch_489.wav,scratch,scratch
scratch_490.wav,scratch,scratch
scratch_491.wav,scratch,scratch
scratch_492.wav,scratch,scratch
scratch_493.wav,scratch,scratch
scratch_494.wav,scratch,scratch
scratch_495.wav,scratch,scratch
scratch_496.wav,scratch,scratch
scratch_497.wav,snoring,scratch
scratch_498.wav,slap_smack,scratch
scratch_499.wav,scratch,scratch
scratch_500.wav,scratch,scratch
scratch_501.wav,scratch,scratch
scratch_502.wav,scratch,scratch
scratch_503.wav,scratch,scratch
scratch_504.wav,scratch,scratch
scratch_505.wav,scratch,scratch
scratch_506.wav,scratch,scratch
scratch_507.wav,scratch,scratch
scratch_508.wav,scratch,scratch
scratch_509.wav,scratch,scratch
scratch_510.wav,scratch,scratch
scratch_511.wav,scratch,scratch
scratch_512.wav,scratch,scratch
scratch_513.wav,scratch,scratch
scratch_514.wav,scratch,scratch
scratch_515.wav,scratch,scratch
scratch_516.wav,scratch,scratch
scratch_517.wav,scratch,scratch
scratch_518.wav,scratch,scratch
scratch_519.wav,scratch,scratch
scratch_520.wav,scratch,scratch
scratch_521.wav,scratch,scratch
scratch_522.wav,scratch,scratch
scratch_523.wav,scratch,scratch
scratch_524.wav,scratch,scratch
scratch_525.wav,scratch,scratch
scratch_526.wav,scratch,scratch
scratch_527.wav,scratch,scratch
scratch_528.wav,scratch,scratch
scratch_529.wav,scratch,scratch
scratch_530.wav,scratch,scratch
scratch_531.wav,scratch,scratch
scratch_532.wav,scratch,scratch
scratch_533.wav,scratch,scratch
scratch_534.wav,scratch,scratch
scratch_535.wav,scratch,scratch
scratch_536.wav,scratch,scratch
scratch_537.wav,scratch,scratch
scratch_538.wav,scratch,scratch
scratch_539.wav,scratch,scratch
scratch_540.wav,scratch,scratch
scratch_541.wav,scratch,scratch
scratch_542.wav,scratch,scratch
scratch_543.wav,scratch,scratch
scratch_544.wav,scratch,scratch
scratch_545.wav,scratch,scratch
scratch_546.wav,scratch,scratch
scratch_547.wav,scratch,scratch
scratch_548.wav,scratch,scratch
scratch_549.wav,scratch,scratch
scratch_550.wav,scratch,scratch
scratch_551.wav,scratch,scratch
scratch_552.wav,scratch,scratch
scratch_553.wav,scratch,scratch
scratch_554.wav,scratch,scratch
scratch_555.wav,scratch,scratch
scratch_556.wav,sniff,scratch
scratch_557.wav,scratch,scratch
scratch_558.wav,rub,scratch
scratch_559.wav,scratch,scratch
scratch_560.wav,scratch,scratch
scratch_561.wav,scratch,scratch
scratch_562.wav,scratch,scratch
scratch_563.wav,scratch,scratch
scratch_564.wav,scratch,scratch
scratch_565.wav,scratch,scratch
scratch_566.wav,scratch,scratch
scratch_567.wav,scratch,scratch
scratch_568.wav,scratch,scratch
scratch_569.wav,scratch,scratch
scratch_570.wav,scratch,scratch
scratch_571.wav,scratch,scratch
scratch_572.wav,scratch,scratch
scratch_573.wav,scratch,scratch
scratch_574.wav,scratch,scratch
scratch_575.wav,scratch,scratch
scratch_576.wav,scratch,scratch
scratch_577.wav,scratch,scratch
scratch_578.wav,scratch,scratch
scratch_579.wav,scratch,scratch
scratch_580.wav,scratch,scratch
scratch_581.wav,scratch,scratch
scratch_582.wav,scratch,scratch
scratch_583.wav,scratch,scratch
scratch_584.wav,scratch,scratch
scratch_585.wav,scratch,scratch
scratch_586.wav,scratch,scratch
scratch_587.wav,scratch,scratch
scratch_588.wav,scratch,scratch
scratch_589.wav,sniff,scratch
scratch_590.wav,scratch,scratch
scratch_591.wav,scratch,scratch
scratch_592.wav,scratch,scratch
scratch_593.wav,scratch,scratch
scratch_594.wav,scratch,scratch
scratch_595.wav,scratch,scratch
scratch_596.wav,scratch,scratch
scratch_597.wav,scratch,scratch
scratch_598.wav,scratch,scratch
scratch_599.wav,scratch,scratch
scratch_600.wav,scratch,scratch
scratch_601.wav,scratch,scratch
scratch_602.wav,scratch,scratch
scratch_603.wav,scratch,scratch
scratch_604.wav,scratch,scratch
scratch_605.wav,scratch,scratch
scratch_606.wav,scratch,scratch
scratch_607.wav,scratch,scratch
scratch_608.wav,scratch,scratch
scratch_609.wav,scratch,scratch
scratch_610.wav,rub,scratch
scratch_611.wav,scratch,scratch
scratch_612.wav,scratch,scratch
scratch_613.wav,scratch,scratch
scratch_614.wav,scratch,scratch
scratch_615.wav,scratch,scratch
scratch_616.wav,scratch,scratch
scratch_617.wav,scratch,scratch
scratch_618.wav,scratch,scratch
scratch_619.wav,klaxon,scratch
scratch_620.wav,scratch,scratch
scratch_621.wav,scratch,scratch
scratch_622.wav,scratch,scratch
scratch_623.wav,scratch,scratch
scratch_624.wav,scratch,scratch
scratch_625.wav,scratch,scratch
scratch_626.wav,scratch,scratch
scratch_627.wav,scratch,scratch
scratch_628.wav,scratch,scratch
scratch_629.wav,rub,scratch
scratch_630.wav,scratch,scratch
scratch_631.wav,scratch,scratch
scratch_632.wav,scratch,scratch
scratch_633.wav,scratch,scratch
scratch_634.wav,scratch,scratch
scratch_635.wav,scratch,scratch
scratch_636.wav,scratch,scratch
scratch_637.wav,scratch,scratch
scratch_638.wav,scratch,scratch
scratch_639.wav,scratch,scratch
scratch_640.wav,scratch,scratch
scratch_641.wav,scratch,scratch
scratch_642.wav,scratch,scratch
scratch_643.wav,scratch,scratch
scratch_644.wav,scratch,scratch
scratch_645.wav,scratch,scratch
scratch_646.wav,scratch,scratch
scratch_647.wav,scratch,scratch
scratch_648.wav,scratch,scratch
scratch_649.wav,scratch,scratch
scratch_650.wav,scratch,scratch
scratch_651.wav,scratch,scratch
scratch_652.wav,scratch,scratch
scratch_653.wav,scratch,scratch
scratch_654.wav,scratch,scratch
scratch_655.wav,scratch,scratch
scratch_656.wav,scratch,scratch
scratch_657.wav,scratch,scratch
scratch_658.wav,scratch,scratch
scratch_659.wav,scratch,scratch
scratch_660.wav,scratch,scratch
scratch_661.wav,scratch,scratch
scratch_662.wav,scratch,scratch
scratch_663.wav,scratch,scratch
scratch_664.wav,scratch,scratch
scratch_665.wav,scratch,scratch
scratch_666.wav,scratch,scratch
scratch_667.wav,scratch,scratch
scratch_668.wav,scratch,scratch
scratch_669.wav,scratch,scratch
scratch_670.wav,scratch,scratch
scratch_671.wav,scratch,scratch
scratch_672.wav,scratch,scratch
scratch_673.wav,sniff,scratch
scratch_674.wav,scratch,scratch
scratch_675.wav,slap_smack,scratch
scratch_676.wav,scratch,scratch
scratch_677.wav,scratch,scratch
scratch_678.wav,scratch,scratch
scratch_679.wav,scratch,scratch
scratch_680.wav,scratch,scratch
scratch_681.wav,scratch,scratch
scratch_682.wav,scratch,scratch
scratch_683.wav,scratch,scratch
scratch_684.wav,scratch,scratch
scratch_685.wav,scratch,scratch
scratch_686.wav,scratch,scratch
scratch_687.wav,scratch,scratch
scratch_688.wav,scratch,scratch
scratch_689.wav,scratch,scratch
scratch_690.wav,scratch,scratch
scratch_691.wav,scratch,scratch
scratch_692.wav,scratch,scratch
scratch_693.wav,scratch,scratch
scratch_694.wav,scratch,scratch
scratch_695.wav,scratch,scratch
scratch_696.wav,scratch,scratch
scratch_697.wav,sniff,scratch
scratch_698.wav,scratch,scratch
scratch_699.wav,scratch,scratch
scratch_700.wav,scratch,scratch
scratch_701.wav,scratch,scratch
scratch_702.wav,scratch,scratch
scratch_703.wav,scratch,scratch
scratch_704.wav,scratch,scratch
scratch_705.wav,scratch,scratch
scratch_706.wav,scratch,scratch
scratch_707.wav,scratch,scratch
scratch_708.wav,scratch,scratch
scratch_709.wav,scratch,scratch
scratch_710.wav,scratch,scratch
scratch_711.wav,scratch,scratch
scratch_712.wav,scratch,scratch
scratch_713.wav,scratch,scratch
scratch_714.wav,whispering,scratch
scratch_715.wav,scratch,scratch
scratch_716.wav,scratch,scratch
scratch_717.wav,scratch,scratch
scratch_718.wav,scratch,scratch
scratch_719.wav,scratch,scratch
scratch_720.wav,scratch,scratch
scratch_721.wav,scratch,scratch
scratch_722.wav,scratch,scratch
scratch_723.wav,scratch,scratch
scratch_724.wav,scratch,scratch
scratch_725.wav,scratch,scratch
scratch_726.wav,scratch,scratch
scratch_727.wav,scratch,scratch
scratch_728.wav,scratch,scratch
scratch_729.wav,scratch,scratch
scratch_730.wav,scratch,scratch
scratch_731.wav,scratch,scratch
scratch_732.wav,scratch,scratch
scratch_733.wav,scratch,scratch
scratch_734.wav,slap_smack,scratch
scratch_735.wav,scratch,scratch
scratch_736.wav,scratch,scratch
scratch_737.wav,scratch,scratch
scratch_738.wav,scratch,scratch
scratch_739.wav,scratch,scratch
scratch_740.wav,scratch,scratch
scratch_741.wav,scratch,scratch
scratch_742.wav,rub,scratch
scratch_743.wav,scratch,scratch
scratch_744.wav,scratch,scratch
scratch_745.wav,scratch,scratch
scratch_746.wav,scratch,scratch
scratch_747.wav,scratch,scratch
scratch_748.wav,scratch,scratch
scratch_749.wav,scratch,scratch
scratch_750.wav,scratch,scratch
scratch_751.wav,scratch,scratch
scratch_752.wav,scratch,scratch
scratch_753.wav,scratch,scratch
scratch_754.wav,scratch,scratch
scratch_755.wav,scratch,scratch
scratch_756.wav,scratch,scratch
scratch_757.wav,scratch,scratch
scratch_758.wav,scratch,scratch
scratch_759.wav,scratch,scratch
scratch_760.wav,scratch,scratch
scratch_761.wav,scratch,scratch
scratch_762.wav,scratch,scratch
scratch_763.wav,scratch,scratch
scratch_764.wav,scratch,scratch
scratch_765.wav,scratch,scratch
scratch_766.wav,scratch,scratch
scratch_767.wav,scratch,scratch
scratch_768.wav,scratch,scratch
scratch_769.wav,scratch,scratch
scratch_770.wav,scratch,scratch
scratch_771.wav,scratch,scratch
scratch_772.wav,scratch,scratch
scratch_773.wav,scratch,scratch
scratch_774.wav,scratch,scratch
scratch_775.wav,scratch,scratch
scratch_776.wav,scratch,scratch
scratch_777.wav,scratch,scratch
scratch_778.wav,scratch,scratch
scratch_779.wav,scratch,scratch
scratch_780.wav,scratch,scratch
scratch_781.wav,scratch,scratch
scratch_782.wav,scratch,scratch
scratch_783.wav,scratch,scratch
scratch_784.wav,scratch,scratch
scratch_785.wav,scratch,scratch
scratch_786.wav,scratch,scratch
scratch_787.wav,scratch,scratch
scratch_788.wav,scratch,scratch
scratch_789.wav,scratch,scratch
scratch_790.wav,scratch,scratch
scratch_791.wav,scratch,scratch
scratch_792.wav,scratch,scratch
scratch_793.wav,scratch,scratch
scratch_794.wav,scratch,scratch
scratch_795.wav,scratch,scratch
scratch_796.wav,scratch,scratch
scratch_797.wav,slap_smack,scratch
scratch_798.wav,scratch,scratch
scratch_799.wav,scratch,scratch
scratch_800.wav,scratch,scratch
scratch_801.wav,scratch,scratch
scratch_802.wav,scratch,scratch
scratch_803.wav,scratch,scratch
scratch_804.wav,scratch,scratch
scratch_805.wav,scratch,scratch
scratch_806.wav,scratch,scratch
scratch_807.wav,scratch,scratch
scratch_808.wav,scratch,scratch
scratch_809.wav,scratch,scratch
scratch_810.wav,scratch,scratch
scratch_811.wav,scratch,scratch
scratch_812.wav,scratch,scratch
scratch_813.wav,scratch,scratch
scratch_814.wav,scratch,scratch
scratch_815.wav,scratch,scratch
scratch_816.wav,scratch,scratch
scratch_817.wav,scratch,scratch
scratch_818.wav,scratch,scratch
scratch_819.wav,scratch,scratch
scratch_820.wav,scratch,scratch
scratch_821.wav,scratch,scratch
scratch_822.wav,scratch,scratch
scratch_823.wav,scratch,scratch
scratch_824.wav,scratch,scratch
scratch_825.wav,scratch,scratch
scratch_826.wav,scratch,scratch
scratch_827.wav,scratch,scratch
scratch_828.wav,scratch,scratch
scratch_829.wav,scratch,scratch
scratch_830.wav,scratch,scratch
scratch_831.wav,scratch,scratch
scratch_832.wav,scratch,scratch
scratch_833.wav,scratch,scratch
scratch_834.wav,scratch,scratch
scratch_835.wav,scratch,scratch
scratch_836.wav,scratch,scratch
scratch_837.wav,scratch,scratch
scratch_838.wav,scratch,scratch
scratch_839.wav,scratch,scratch
scratch_840.wav,rub,scratch
scratch_841.wav,scratch,scratch
scratch_842.wav,scratch,scratch
scratch_843.wav,cough,scratch
scratch_844.wav,scratch,scratch
scratch_845.wav,scratch,scratch
scratch_846.wav,scratch,scratch
scratch_847.wav,scratch,scratch
scratch_848.wav,scratch,scratch
scratch_849.wav,scratch,scratch
scratch_850.wav,scratch,scratch
scratch_851.wav,scratch,scratch
scratch_852.wav,scratch,scratch
scratch_853.wav,scratch,scratch
scratch_854.wav,scratch,scratch
scratch_855.wav,scratch,scratch
scratch_856.wav,scratch,scratch
scratch_857.wav,scratch,scratch
scratch_858.wav,scratch,scratch
scratch_859.wav,scratch,scratch
scratch_860.wav,scratch,scratch
scratch_861.wav,scratch,scratch
scratch_862.wav,scratch,scratch
scratch_863.wav,scratch,scratch
scratch_864.wav,scratch,scratch
scratch_865.wav,scratch,scratch
scratch_866.wav,scratch,scratch
scratch_867.wav,scratch,scratch
scratch_868.wav,cough,scratch
scratch_869.wav,scratch,scratch
scratch_870.wav,scratch,scratch
scratch_871.wav,scratch,scratch
scratch_872.wav,scratch,scratch
scratch_873.wav,scratch,scratch
scratch_874.wav,scratch,scratch
scratch_875.wav,scratch,scratch
scratch_876.wav,scratch,scratch
scratch_877.wav,scratch,scratch
scratch_878.wav,scratch,scratch
scratch_879.wav,scratch,scratch
scratch_880.wav,scratch,scratch
scratch_881.wav,scratch,scratch
scratch_882.wav,scratch,scratch
scratch_883.wav,scratch,scratch
scratch_884.wav,scratch,scratch
scratch_885.wav,scratch,scratch
scratch_886.wav,scratch,scratch
scratch_887.wav,scratch,scratch
scratch_888.wav,scratch,scratch
scratch_889.wav,scratch,scratch
scratch_890.wav,scratch,scratch
scratch_891.wav,scratch,scratch
scratch_892.wav,scratch,scratch
scratch_893.wav,scratch,scratch
scratch_894.wav,scratch,scratch
scratch_895.wav,scratch,scratch
scratch_896.wav,scratch,scratch
scratch_897.wav,scratch,scratch
scratch_898.wav,scratch,scratch
scratch_899.wav,scratch,scratch
scratch_900.wav,rub,scratch
scratch_901.wav,scratch,scratch
scratch_902.wav,scratch,scratch
scratch_903.wav,scratch,scratch
scratch_904.wav,scratch,scratch
scratch_905.wav,scratch,scratch
scratch_906.wav,scratch,scratch
scratch_907.wav,rub,scratch
scratch_908.wav,scratch,scratch
scratch_909.wav,scratch,scratch
scratch_910.wav,scratch,scratch
scratch_911.wav,scratch,scratch
scratch_912.wav,scratch,scratch
scratch_913.wav,scratch,scratch
scratch_914.wav,scratch,scratch
scratch_915.wav,scratch,scratch
scratch_916.wav,scratch,scratch
scratch_917.wav,scratch,scratch
scratch_918.wav,scratch,scratch
scratch_919.wav,scratch,scratch
scratch_920.wav,scratch,scratch
scratch_921.wav,scratch,scratch
scratch_922.wav,scratch,scratch
scratch_923.wav,scratch,scratch
scratch_924.wav,scratch,scratch
scratch_925.wav,scratch,scratch
scratch_926.wav,scratch,scratch
scratch_927.wav,scratch,scratch
scratch_928.wav,scratch,scratch
scratch_929.wav,scratch,scratch
scratch_930.wav,scratch,scratch
scratch_931.wav,scratch,scratch
scratch_932.wav,scratch,scratch
scratch_933.wav,scratch,scratch
scratch_934.wav,scratch,scratch
scratch_935.wav,scratch,scratch
scratch_936.wav,scratch,scratch
scratch_937.wav,scratch,scratch
scratch_938.wav,scratch,scratch
scratch_939.wav,scratch,scratch
scratch_940.wav,scratch,scratch
scratch_941.wav,scratch,scratch
scratch_942.wav,scratch,scratch
scratch_943.wav,scratch,scratch
scratch_944.wav,scratch,scratch
scratch_945.wav,scratch,scratch
scratch_946.wav,scratch,scratch
scratch_947.wav,scratch,scratch
scratch_948.wav,scratch,scratch
scratch_949.wav,scratch,scratch
scratch_950.wav,scratch,scratch
scratch_951.wav,scratch,scratch
scratch_952.wav,scratch,scratch
scratch_953.wav,scratch,scratch
scratch_954.wav,scratch,scratch
scratch_955.wav,scratch,scratch
scratch_956.wav,scratch,scratch
scratch_957.wav,scratch,scratch
scratch_958.wav,scratch,scratch
scratch_959.wav,scratch,scratch
scratch_960.wav,scratch,scratch
scratch_961.wav,scratch,scratch
scratch_962.wav,scratch,scratch
scratch_963.wav,scratch,scratch
scratch_964.wav,scratch,scratch
scratch_965.wav,scratch,scratch
scratch_966.wav,scratch,scratch
scratch_967.wav,scratch,scratch
scratch_968.wav,scratch,scratch
scratch_969.wav,scratch,scratch
scratch_970.wav,scratch,scratch
scratch_971.wav,scratch,scratch
scratch_972.wav,scratch,scratch
scratch_973.wav,sniff,scratch
scratch_974.wav,scratch,scratch
scratch_975.wav,scratch,scratch
scratch_976.wav,scratch,scratch
scratch_977.wav,scratch,scratch
scratch_978.wav,scratch,scratch
scratch_979.wav,scratch,scratch
scratch_980.wav,scratch,scratch
scratch_981.wav,scratch,scratch
scratch_982.wav,scratch,scratch
scratch_983.wav,scratch,scratch
scratch_984.wav,scratch,scratch
scratch_985.wav,scratch,scratch
scratch_986.wav,scratch,scratch
scratch_987.wav,scratch,scratch
scratch_988.wav,scratch,scratch
scratch_989.wav,scratch,scratch
scratch_990.wav,scratch,scratch
scratch_991.wav,scratch,scratch
scratch_992.wav,scratch,scratch
scratch_993.wav,scratch,scratch
scratch_994.wav,scratch,scratch
scratch_995.wav,scratch,scratch
scratch_996.wav,scratch,scratch
scratch_997.wav,scratch,scratch
scratch_998.wav,scratch,scratch
scratch_999.wav,scratch,scratch
scratch_1000.wav,scratch,scratch
cough_1.wav,cough,cough
cough_2.wav,cough,cough
cough_3.wav,cough,cough
cough_4.wav,cough,cough
cough_5.wav,cough,cough
cough_6.wav,crying_sobbing_wail,cough
cough_7.wav,cough,cough
cough_8.wav,cough,cough
cough_9.wav,cough,cough
cough_10.wav,cough,cough
cough_11.wav,cough,cough
cough_12.wav,cough,cough
cough_13.wav,cough,cough
cough_14.wav,cough,cough
cough_15.wav,cough,cough
cough_16.wav,cough,cough
cough_17.wav,crying_sobbing_wail,cough
cough_18.wav,cough,cough
cough_19.wav,cough,cough
cough_20.wav,cough,cough
cough_21.wav,cough,cough
cough_22.wav,cough,cough
cough_23.wav,cough,cough
cough_24.wav,cough,cough
cough_25.wav,cough,cough
cough_26.wav,cough,cough
cough_27.wav,cough,cough
cough_28.wav,cough,cough
cough_29.wav,cough,cough
cough_30.wav,cough,cough
cough_31.wav,cough,cough
cough_32.wav,cough,cough
cough_33.wav,cough,cough
cough_34.wav,cough,cough
cough_35.wav,cough,cough
cough_36.wav,cough,cough
cough_37.wav,crying_sobbing_wail,cough
cough_38.wav,cough,cough
cough_39.wav,cough,cough
cough_40.wav,cough,cough
cough_41.wav,cough,cough
cough_42.wav,cough,cough
cough_43.wav,cough,cough
cough_44.wav,cough,cough
cough_45.wav,cough,cough
cough_46.wav,cough,cough
cough_47.wav,cough,cough
cough_48.wav,cough,cough
cough_49.wav,cough,cough
cough_50.wav,cough,cough
cough_51.wav,cough,cough
cough_52.wav,cough,cough
cough_53.wav,cough,cough
cough_54.wav,cough,cough
cough_55.wav,crying_sobbing_wail,cough
cough_56.wav,cough,cough
cough_57.wav,cough,cough
cough_58.wav,cough,cough
cough_59.wav,cough,cough
cough_60.wav,cough,cough
cough_61.wav,cough,cough
cough_62.wav,cough,cough
cough_63.wav,cough,cough
cough_64.wav,cough,cough
cough_65.wav,cough,cough
cough_66.wav,cough,cough
cough_67.wav,cough,cough
cough_68.wav,cough,cough
cough_69.wav,cough,cough
cough_70.wav,cough,cough
cough_71.wav,cough,cough
cough_72.wav,cough,cough
cough_73.wav,cough,cough
cough_74.wav,cough,cough
cough_75.wav,cough,cough
cough_76.wav,cough,cough
cough_77.wav,cough,cough
cough_78.wav,cough,cough
cough_79.wav,cough,cough
cough_80.wav,cough,cough
cough_81.wav,cough,cough
cough_82.wav,cough,cough
cough_83.wav,cough,cough
cough_84.wav,cough,cough
cough_85.wav,cough,cough
cough_86.wav,cough,cough
cough_87.wav,cough,cough
cough_88.wav,crying_sobbing_wail,cough
cough_89.wav,cough,cough
cough_90.wav,cough,cough
cough_91.wav,cough,cough
cough_92.wav,cough,cough
cough_93.wav,cough,cough
cough_94.wav,cough,cough
cough_95.wav,cough,cough
cough_96.wav,cough,cough
cough_97.wav,cough,cough
cough_98.wav,cough,cough
cough_99.wav,cough,cough
cough_100.wav,cough,cough
cough_101.wav,cough,cough
cough_102.wav,cough,cough
cough_103.wav,crying_sobbing_wail,cough
cough_104.wav,cough,cough
cough_105.wav,cough,cough
cough_106.wav,cough,cough
cough_107.wav,cough,cough
cough_108.wav,cough,cough
cough_109.wav,cough,cough
cough_110.wav,cough,cough
cough_111.wav,sneeze,cough
cough_112.wav,cough,cough
cough_113.wav,cough,cough
cough_114.wav,cough,cough
cough_115.wav,cough,cough
cough_116.wav,cough,cough
cough_117.wav,cough,cough
cough_118.wav,cough,cough
cough_119.wav,cough,cough
cough_120.wav,cough,cough
cough_121.wav,cough,cough
cough_122.wav,cough,cough
cough_123.wav,crying_sobbing_wail,cough
cough_124.wav,cough,cough
cough_125.wav,cough,cough
cough_126.wav,cough,cough
cough_127.wav,cough,cough
cough_128.wav,cough,cough
cough_129.wav,cough,cough
cough_130.wav,cough,cough
cough_131.wav,cough,cough
cough_132.wav,crying_sobbing_wail,cough
cough_133.wav,cough,cough
cough_134.wav,cough,cough
cough_135.wav,crying_sobbing_wail,cough
cough_136.wav,cough,cough
cough_137.wav,cough,cough
cough_138.wav,cough,cough
cough_139.wav,cough,cough
cough_140.wav,cough,cough
cough_141.wav,cough,cough
cough_142.wav,cough,cough
cough_143.wav,cough,cough
cough_144.wav,cough,cough
cough_145.wav,cough,cough
cough_146.wav,cough,cough
cough_147.wav,cough,cough
cough_148.wav,cough,cough
cough_149.wav,cough,cough
cough_150.wav,cough,cough
cough_151.wav,cough,cough
cough_152.wav,cough,cough
cough_153.wav,cough,cough
cough_154.wav,cough,cough
cough_155.wav,cough,cough
cough_156.wav,cough,cough
cough_157.wav,cough,cough
cough_158.wav,cough,cough
cough_159.wav,cough,cough
cough_160.wav,cough,cough
cough_161.wav,crying_sobbing_wail,cough
cough_162.wav,cough,cough
cough_163.wav,cough,cough
cough_164.wav,cough,cough
cough_165.wav,cough,cough
cough_166.wav,cough,cough
cough_167.wav,cough,cough
cough_168.wav,cough,cough
cough_169.wav,cough,cough
cough_170.wav,cough,cough
cough_171.wav,cough,cough
cough_172.wav,cough,cough
cough_173.wav,cough,cough
cough_174.wav,cough,cough
cough_175.wav,cough,cough
cough_176.wav,cough,cough
cough_177.wav,cough,cough
cough_178.wav,cough,cough
cough_179.wav,cough,cough
cough_180.wav,cough,cough
cough_181.wav,cough,cough
cough_182.wav,cough,cough
cough_183.wav,cough,cough
cough_184.wav,cough,cough
cough_185.wav,cough,cough
cough_186.wav,cough,cough
cough_187.wav,cough,cough
cough_188.wav,cough,cough
cough_189.wav,cough,cough
cough_190.wav,cough,cough
cough_191.wav,cough,cough
cough_192.wav,cough,cough
cough_193.wav,cough,cough
cough_194.wav,cough,cough
cough_195.wav,cough,cough
cough_196.wav,cough,cough
cough_197.wav,cough,cough
cough_198.wav,cough,cough
cough_199.wav,cough,cough
cough_200.wav,crying_sobbing_wail,cough
cough_201.wav,cough,cough
cough_202.wav,cough,cough
cough_203.wav,crying_sobbing_wail,cough
cough_204.wav,cough,cough
cough_205.wav,cough,cough
cough_206.wav,cough,cough
cough_207.wav,cough,cough
cough_208.wav,crying_sobbing_wail,cough
cough_209.wav,cough,cough
cough_210.wav,cough,cough
cough_211.wav,cough,cough
cough_212.wav,cough,cough
cough_213.wav,cough,cough
cough_214.wav,cough,cough
cough_215.wav,cough,cough
cough_216.wav,cough,cough
cough_217.wav,cough,cough
cough_218.wav,cough,cough
cough_219.wav,cough,cough
cough_220.wav,cough,cough
cough_221.wav,cough,cough
cough_222.wav,cough,cough
cough_223.wav,cough,cough
cough_224.wav,cough,cough
cough_225.wav,cough,cough
cough_226.wav,cough,cough
cough_227.wav,cough,cough
cough_228.wav,cough,cough
cough_229.wav,cough,cough
cough_230.wav,cough,cough
cough_231.wav,cough,cough
cough_232.wav,cough,cough
cough_233.wav,cough,cough
cough_234.wav,crying_sobbing_wail,cough
cough_235.wav,cough,cough
cough_236.wav,cough,cough
cough_237.wav,cough,cough
cough_238.wav,cough,cough
cough_239.wav,cough,cough
cough_240.wav,cough,cough
cough_241.wav,cough,cough
cough_242.wav,cough,cough
cough_243.wav,cough,cough
cough_244.wav,cough,cough
cough_245.wav,cough,cough
cough_246.wav,cough,cough
cough_247.wav,cough,cough
cough_248.wav,cough,cough
cough_249.wav,cough,cough
cough_250.wav,cough,cough
cough_251.wav,cough,cough
cough_252.wav,cough,cough
cough_253.wav,cough,cough
cough_254.wav,cough,cough
cough_255.wav,crying_sobbing_wail,cough
cough_256.wav,cough,cough
cough_257.wav,cough,cough
cough_258.wav,cough,cough
cough_259.wav,cough,cough
cough_260.wav,cough,cough
cough_261.wav,crying_sobbing_wail,cough
cough_262.wav,cough,cough
cough_263.wav,cough,cough
cough_264.wav,cough,cough
cough_265.wav,cough,cough
cough_266.wav,cough,cough
cough_267.wav,cough,cough
cough_268.wav,cough,cough
cough_269.wav,cough,cough
cough_270.wav,cough,cough
cough_271.wav,cough,cough
cough_272.wav,cough,cough
cough_273.wav,cough,cough
cough_274.wav,cough,cough
cough_275.wav,cough,cough
cough_276.wav,cough,cough
cough_277.wav,cough,cough
cough_278.wav,cough,cough
cough_279.wav,cough,cough
cough_280.wav,cough,cough
cough_281.wav,cough,cough
cough_282.wav,crying_sobbing_wail,cough
cough_283.wav,cough,cough
cough_284.wav,crying_sobbing_wail,cough
cough_285.wav,cough,cough
cough_286.wav,cough,cough
cough_287.wav,cough,cough
cough_288.wav,cough,cough
cough_289.wav,cough,cough
cough_290.wav,cough,cough
cough_291.wav,cough,cough
cough_292.wav,cough,cough
cough_293.wav,cough,cough
cough_294.wav,cough,cough
cough_295.wav,cough,cough
cough_296.wav,cough,cough
cough_297.wav,cough,cough
cough_298.wav,cough,cough
cough_299.wav,cough,cough
cough_300.wav,cough,cough
cough_301.wav,cough,cough
cough_302.wav,cough,cough
cough_303.wav,cough,cough
cough_304.wav,crying_sobbing_wail,cough
cough_305.wav,cough,cough
cough_306.wav,cough,cough
cough_307.wav,cough,cough
cough_308.wav,cough,cough
cough_309.wav,cough,cough
cough_310.wav,cough,cough
cough_311.wav,cough,cough
cough_312.wav,crying_sobbing_wail,cough
cough_313.wav,crying_sobbing_wail,cough
cough_314.wav,cough,cough
cough_315.wav,cough,cough
cough_316.wav,cough,cough
cough_317.wav,cough,cough
cough_318.wav,cough,cough
cough_319.wav,cough,cough
cough_320.wav,cough,cough
cough_321.wav,cough,cough
cough_322.wav,cough,cough
cough_323.wav,crying_sobbing_wail,cough
cough_324.wav,cough,cough
cough_325.wav,cough,cough
cough_326.wav,cough,cough
cough_327.wav,cough,cough
cough_328.wav,cough,cough
cough_329.wav,cough,cough
cough_330.wav,cough,cough
cough_331.wav,cough,cough
cough_332.wav,cough,cough
cough_333.wav,cough,cough
cough_334.wav,cough,cough
cough_335.wav,cough,cough
cough_336.wav,cough,cough
cough_337.wav,cough,cough
cough_338.wav,cough,cough
cough_339.wav,cough,cough
cough_340.wav,cough,cough
cough_341.wav,cough,cough
cough_342.wav,cough,cough
cough_343.wav,cough,cough
cough_344.wav,cough,cough
cough_345.wav,cough,cough
cough_346.wav,cough,cough
cough_347.wav,cough,cough
cough_348.wav,cough,cough
cough_349.wav,cough,cough
cough_350.wav,cough,cough
cough_351.wav,cough,cough
cough_352.wav,cough,cough
cough_353.wav,cough,cough
cough_354.wav,cough,cough
cough_355.wav,cough,cough
cough_356.wav,cough,cough
cough_357.wav,cough,cough
cough_358.wav,cough,cough
cough_359.wav,cough,cough
cough_360.wav,cough,cough
cough_361.wav,cough,cough
cough_362.wav,cough,cough
cough_363.wav,crying_sobbing_wail,cough
cough_364.wav,cough,cough
cough_365.wav,cough,cough
cough_366.wav,cough,cough
cough_367.wav,cough,cough
cough_368.wav,cough,cough
cough_369.wav,cough,cough
cough_370.wav,cough,cough
cough_371.wav,cough,cough
cough_372.wav,cough,cough
cough_373.wav,cough,cough
cough_374.wav,cough,cough
cough_375.wav,crying_sobbing_wail,cough
cough_376.wav,cough,cough
cough_377.wav,cough,cough
cough_378.wav,cough,cough
cough_379.wav,cough,cough
cough_380.wav,cough,cough
cough_381.wav,cough,cough
cough_382.wav,cough,cough
cough_383.wav,cough,cough
cough_384.wav,cough,cough
cough_385.wav,cough,cough
cough_386.wav,cough,cough
cough_387.wav,cough,cough
cough_388.wav,cough,cough
cough_389.wav,cough,cough
cough_390.wav,cough,cough
cough_391.wav,cough,cough
cough_392.wav,cough,cough
cough_393.wav,crying_sobbing_wail,cough
cough_394.wav,cough,cough
cough_395.wav,cough,cough
cough_396.wav,cough,cough
cough_397.wav,cough,cough
cough_398.wav,cough,cough
cough_399.wav,cough,cough
cough_400.wav,cough,cough
cough_401.wav,cough,cough
cough_402.wav,cough,cough
cough_403.wav,cough,cough
cough_404.wav,cough,cough
cough_405.wav,cough,cough
cough_406.wav,cough,cough
cough_407.wav,cough,cough
cough_408.wav,cough,cough
cough_409.wav,cough,cough
cough_410.wav,cough,cough
cough_411.wav,cough,cough
cough_412.wav,cough,cough
cough_413.wav,cough,cough
cough_414.wav,cough,cough
cough_415.wav,cough,cough
cough_416.wav,cough,cough
cough_417.wav,cough,cough
cough_418.wav,cough,cough
cough_419.wav,cough,cough
cough_420.wav,cough,cough
cough_421.wav,cough,cough
cough_422.wav,cough,cough
cough_423.wav,cough,cough
cough_424.wav,cough,cough
cough_425.wav,cough,cough
cough_426.wav,cough,cough
cough_427.wav,cough,cough
cough_428.wav,cough,cough
cough_429.wav,cough,cough
cough_430.wav,cough,cough
cough_431.wav,cough,cough
cough_432.wav,cough,cough
cough_433.wav,cough,cough
cough_434.wav,cough,cough
cough_435.wav,cough,cough
cough_436.wav,cough,cough
cough_437.wav,cough,cough
cough_438.wav,cough,cough
cough_439.wav,cough,cough
cough_440.wav,cough,cough
cough_441.wav,cough,cough
cough_442.wav,crying_sobbing_wail,cough
cough_443.wav,cough,cough
cough_444.wav,cough,cough
cough_445.wav,cough,cough
cough_446.wav,cough,cough
cough_447.wav,cough,cough
cough_448.wav,cough,cough
cough_449.wav,cough,cough
cough_450.wav,cough,cough
cough_451.wav,cough,cough
cough_452.wav,cough,cough
cough_453.wav,cough,cough
cough_454.wav,cough,cough
cough_455.wav,cough,cough
cough_456.wav,cough,cough
cough_457.wav,cough,cough
cough_458.wav,cough,cough
cough_459.wav,cough,cough
cough_460.wav,cough,cough
cough_461.wav,cough,cough
cough_462.wav,cough,cough
cough_463.wav,crying_sobbing_wail,cough
cough_464.wav,crying_sobbing_wail,cough
cough_465.wav,cough,cough
cough_466.wav,cough,cough
cough_467.wav,crying_sobbing_wail,cough
cough_468.wav,cough,cough
cough_469.wav,crying_sobbing_wail,cough
cough_470.wav,crying_sobbing_wail,cough
cough_471.wav,cough,cough
cough_472.wav,cough,cough
cough_473.wav,cough,cough
cough_474.wav,cough,cough
cough_475.wav,cough,cough
cough_476.wav,cough,cough
cough_477.wav,cough,cough
cough_478.wav,cough,cough
cough_479.wav,cough,cough
cough_480.wav,cough,cough
cough_481.wav,cough,cough
cough_482.wav,cough,cough
cough_483.wav,cough,cough
cough_484.wav,cough,cough
cough_485.wav,cough,cough
cough_486.wav,cough,cough
cough_487.wav,cough,cough
cough_488.wav,cough,cough
cough_489.wav,cough,cough
cough_490.wav,cough,cough
cough_491.wav,cough,cough
cough_492.wav,cough,cough
cough_493.wav,cough,cough
cough_494.wav,cough,cough
cough_495.wav,cough,cough
cough_496.wav,cough,cough
cough_497.wav,cough,cough
cough_498.wav,cough,cough
cough_499.wav,cough,cough
cough_500.wav,cough,cough
cough_501.wav,cough,cough
cough_502.wav,cough,cough
cough_503.wav,cough,cough
cough_504.wav,crying_sobbing_wail,cough
cough_505.wav,cough,cough
cough_506.wav,cough,cough
cough_507.wav,cough,cough
cough_508.wav,cough,cough
cough_509.wav,cough,cough
cough_510.wav,cough,cough
cough_511.wav,cough,cough
cough_512.wav,cough,cough
cough_513.wav,cough,cough
cough_514.wav,cough,cough
cough_515.wav,cough,cough
cough_516.wav,cough,cough
cough_517.wav,cough,cough
cough_518.wav,cough,cough
cough_519.wav,cough,cough
cough_520.wav,cough,cough
cough_521.wav,cough,cough
cough_522.wav,cough,cough
cough_523.wav,cough,cough
cough_524.wav,cough,cough
cough_525.wav,cough,cough
cough_526.wav,cough,cough
cough_527.wav,cough,cough
cough_528.wav,cough,cough
cough_529.wav,crying_sobbing_wail,cough
cough_530.wav,cough,cough
cough_531.wav,cough,cough
cough_532.wav,cough,cough
cough_533.wav,cough,cough
cough_534.wav,cough,cough
cough_535.wav,cough,cough
cough_536.wav,cough,cough
cough_537.wav,cough,cough
cough_538.wav,cough,cough
cough_539.wav,cough,cough
cough_540.wav,cough,cough
cough_541.wav,cough,cough
cough_542.wav,cough,cough
cough_543.wav,cough,cough
cough_544.wav,cough,cough
cough_545.wav,cough,cough
cough_546.wav,cough,cough
cough_547.wav,cough,cough
cough_548.wav,cough,cough
cough_549.wav,cough,cough
cough_550.wav,cough,cough
cough_551.wav,crying_sobbing_wail,cough
cough_552.wav,cough,cough
cough_553.wav,cough,cough
cough_554.wav,cough,cough
cough_555.wav,cough,cough
cough_556.wav,cough,cough
cough_557.wav,cough,cough
cough_558.wav,cough,cough
cough_559.wav,cough,cough
cough_560.wav,cough,cough
cough_561.wav,cough,cough
cough_562.wav,cough,cough
cough_563.wav,cough,cough
cough_564.wav,cough,cough
cough_565.wav,cough,cough
cough_566.wav,cough,cough
cough_567.wav,cough,cough
cough_568.wav,cough,cough
cough_569.wav,cough,cough
cough_570.wav,cough,cough
cough_571.wav,cough,cough
cough_572.wav,cough,cough
cough_573.wav,cough,cough
cough_574.wav,cough,cough
cough_575.wav,cough,cough
cough_576.wav,cough,cough
cough_577.wav,cough,cough
cough_578.wav,cough,cough
cough_579.wav,cough,cough
cough_580.wav,cough,cough
cough_581.wav,cough,cough
cough_582.wav,cough,cough
cough_583.wav,cough,cough
cough_584.wav,cough,cough
cough_585.wav,cough,cough
cough_586.wav,cough,cough
cough_587.wav,cough,cough
cough_588.wav,cough,cough
cough_589.wav,cough,cough
cough_590.wav,cough,cough
cough_591.wav,cough,cough
cough_592.wav,cough,cough
cough_593.wav,engine,cough
cough_594.wav,cough,cough
cough_595.wav,cough,cough
cough_596.wav,cough,cough
cough_597.wav,cough,cough
cough_598.wav,cough,cough
cough_599.wav,cough,cough
cough_600.wav,cough,cough
cough_601.wav,cough,cough
cough_602.wav,cough,cough
cough_603.wav,cough,cough
cough_604.wav,cough,cough
cough_605.wav,cough,cough
cough_606.wav,cough,cough
cough_607.wav,cough,cough
cough_608.wav,cough,cough
cough_609.wav,cough,cough
cough_610.wav,crying_sobbing_wail,cough
cough_611.wav,crying_sobbing_wail,cough
cough_612.wav,crying_sobbing_wail,cough
cough_613.wav,cough,cough
cough_614.wav,cough,cough
cough_615.wav,cough,cough
cough_616.wav,cough,cough
cough_617.wav,cough,cough
cough_618.wav,cough,cough
cough_619.wav,cough,cough
cough_620.wav,cough,cough
cough_621.wav,cough,cough
cough_622.wav,cough,cough
cough_623.wav,cough,cough
cough_624.wav,cough,cough
cough_625.wav,cough,cough
cough_626.wav,cough,cough
cough_627.wav,cough,cough
cough_628.wav,crying_sobbing_wail,cough
cough_629.wav,cough,cough
cough_630.wav,cough,cough
cough_631.wav,cough,cough
cough_632.wav,cough,cough
cough_633.wav,cough,cough
cough_634.wav,cough,cough
cough_635.wav,cough,cough
cough_636.wav,cough,cough
cough_637.wav,cough,cough
cough_638.wav,cough,cough
cough_639.wav,cough,cough
cough_640.wav,cough,cough
cough_641.wav,cough,cough
cough_642.wav,cough,cough
cough_643.wav,cough,cough
cough_644.wav,cough,cough
cough_645.wav,cough,cough
cough_646.wav,cough,cough
cough_647.wav,cough,cough
cough_648.wav,cough,cough
cough_649.wav,crying_sobbing_wail,cough
cough_650.wav,cough,cough
cough_651.wav,cough,cough
cough_652.wav,cough,cough
cough_653.wav,cough,cough
cough_654.wav,cough,cough
cough_655.wav,cough,cough
cough_656.wav,cough,cough
cough_657.wav,cough,cough
cough_658.wav,cough,cough
cough_659.wav,cough,cough
cough_660.wav,cough,cough
cough_661.wav,cough,cough
cough_662.wav,cough,cough
cough_663.wav,cough,cough
cough_664.wav,cough,cough
cough_665.wav,cough,cough
cough_666.wav,cough,cough
cough_667.wav,cough,cough
cough_668.wav,cough,cough
cough_669.wav,cough,cough
cough_670.wav,cough,cough
cough_671.wav,cough,cough
cough_672.wav,cough,cough
cough_673.wav,cough,cough
cough_674.wav,cough,cough
cough_675.wav,cough,cough
cough_676.wav,cough,cough
cough_677.wav,cough,cough
cough_678.wav,cough,cough
cough_679.wav,cough,cough
cough_680.wav,cough,cough
cough_681.wav,cough,cough
cough_682.wav,cough,cough
cough_683.wav,cough,cough
cough_684.wav,cough,cough
cough_685.wav,cough,cough
cough_686.wav,cough,cough
cough_687.wav,cough,cough
cough_688.wav,cough,cough
cough_689.wav,crying_sobbing_wail,cough
cough_690.wav,cough,cough
cough_691.wav,cough,cough
cough_692.wav,cough,cough
cough_693.wav,cough,cough
cough_694.wav,cough,cough
cough_695.wav,cough,cough
cough_696.wav,cough,cough
cough_697.wav,cough,cough
cough_698.wav,cough,cough
cough_699.wav,cough,cough
cough_700.wav,cough,cough
cough_701.wav,cough,cough
cough_702.wav,cough,cough
cough_703.wav,cough,cough
cough_704.wav,cough,cough
cough_705.wav,cough,cough
cough_706.wav,cough,cough
cough_707.wav,slap_smack,cough
cough_708.wav,cough,cough
cough_709.wav,cough,cough
cough_710.wav,cough,cough
cough_711.wav,cough,cough
cough_712.wav,cough,cough
cough_713.wav,cough,cough
cough_714.wav,cough,cough
cough_715.wav,cough,cough
cough_716.wav,cough,cough
cough_717.wav,cough,cough
cough_718.wav,cough,cough
cough_719.wav,cough,cough
cough_720.wav,cough,cough
cough_721.wav,cough,cough
cough_722.wav,cough,cough
cough_723.wav,cough,cough
cough_724.wav,cough,cough
cough_725.wav,cough,cough
cough_726.wav,cough,cough
cough_727.wav,cough,cough
cough_728.wav,cough,cough
cough_729.wav,cough,cough
cough_730.wav,cough,cough
cough_731.wav,cough,cough
cough_732.wav,cough,cough
cough_733.wav,cough,cough
cough_734.wav,cough,cough
cough_735.wav,cough,cough
cough_736.wav,cough,cough
cough_737.wav,cough,cough
cough_738.wav,cough,cough
cough_739.wav,cough,cough
cough_740.wav,cough,cough
cough_741.wav,crying_sobbing_wail,cough
cough_742.wav,cough,cough
cough_743.wav,cough,cough
cough_744.wav,cough,cough
cough_745.wav,cough,cough
cough_746.wav,cough,cough
cough_747.wav,cough,cough
cough_748.wav,cough,cough
cough_749.wav,cough,cough
cough_750.wav,cough,cough
cough_751.wav,cough,cough
cough_752.wav,cough,cough
cough_753.wav,crying_sobbing_wail,cough
cough_754.wav,cough,cough
cough_755.wav,cough,cough
cough_756.wav,cough,cough
cough_757.wav,cough,cough
cough_758.wav,cough,cough
cough_759.wav,cough,cough
cough_760.wav,cough,cough
cough_761.wav,cough,cough
cough_762.wav,cough,cough
cough_763.wav,cough,cough
cough_764.wav,cough,cough
cough_765.wav,cough,cough
cough_766.wav,crying_sobbing_wail,cough
cough_767.wav,cough,cough
cough_768.wav,cough,cough
cough_769.wav,cough,cough
cough_770.wav,cough,cough
cough_771.wav,cough,cough
cough_772.wav,cough,cough
cough_773.wav,cough,cough
cough_774.wav,cough,cough
cough_775.wav,cough,cough
cough_776.wav,cough,cough
cough_777.wav,cough,cough
cough_778.wav,cough,cough
cough_779.wav,cough,cough
cough_780.wav,cough,cough
cough_781.wav,cough,cough
cough_782.wav,cough,cough
cough_783.wav,cough,cough
cough_784.wav,cough,cough
cough_785.wav,cough,cough
cough_786.wav,cough,cough
cough_787.wav,cough,cough
cough_788.wav,cough,cough
cough_789.wav,cough,cough
cough_790.wav,cough,cough
cough_791.wav,cough,cough
cough_792.wav,cough,cough
cough_793.wav,cough,cough
cough_794.wav,cough,cough
cough_795.wav,cough,cough
cough_796.wav,cough,cough
cough_797.wav,cough,cough
cough_798.wav,cough,cough
cough_799.wav,cough,cough
cough_800.wav,cough,cough
cough_801.wav,cough,cough
cough_802.wav,cough,cough
cough_803.wav,cough,cough
cough_804.wav,cough,cough
cough_805.wav,cough,cough
cough_806.wav,crying_sobbing_wail,cough
cough_807.wav,cough,cough
cough_808.wav,cough,cough
cough_809.wav,cough,cough
cough_810.wav,cough,cough
cough_811.wav,cough,cough
cough_812.wav,cough,cough
cough_813.wav,cough,cough
cough_814.wav,cough,cough
cough_815.wav,cough,cough
cough_816.wav,cough,cough
cough_817.wav,cough,cough
cough_818.wav,crying_sobbing_wail,cough
cough_819.wav,cough,cough
cough_820.wav,cough,cough
cough_821.wav,cough,cough
cough_822.wav,cough,cough
cough_823.wav,cough,cough
cough_824.wav,cough,cough
cough_825.wav,cough,cough
cough_826.wav,cough,cough
cough_827.wav,cough,cough
cough_828.wav,cough,cough
cough_829.wav,cough,cough
cough_830.wav,cough,cough
cough_831.wav,cough,cough
cough_832.wav,cough,cough
cough_833.wav,cough,cough
cough_834.wav,cough,cough
cough_835.wav,cough,cough
cough_836.wav,cough,cough
cough_837.wav,cough,cough
cough_838.wav,cough,cough
cough_839.wav,cough,cough
cough_840.wav,cough,cough
cough_841.wav,cough,cough
cough_842.wav,cough,cough
cough_843.wav,sneeze,cough
cough_844.wav,cough,cough
cough_845.wav,cough,cough
cough_846.wav,cough,cough
cough_847.wav,cough,cough
cough_848.wav,cough,cough
cough_849.wav,cough,cough
cough_850.wav,cough,cough
cough_851.wav,cough,cough
cough_852.wav,cough,cough
cough_853.wav,cough,cough
cough_854.wav,cough,cough
cough_855.wav,cough,cough
cough_856.wav,cough,cough
cough_857.wav,cough,cough
cough_858.wav,cough,cough
cough_859.wav,cough,cough
cough_860.wav,cough,cough
cough_861.wav,cough,cough
cough_862.wav,cough,cough
cough_863.wav,cough,cough
cough_864.wav,cough,cough
cough_865.wav,cough,cough
cough_866.wav,cough,cough
cough_867.wav,cough,cough
cough_868.wav,cough,cough
cough_869.wav,cough,cough
cough_870.wav,cough,cough
cough_871.wav,cough,cough
cough_872.wav,cough,cough
cough_873.wav,cough,cough
cough_874.wav,crying_sobbing_wail,cough
cough_875.wav,cough,cough
cough_876.wav,cough,cough
cough_877.wav,cough,cough
cough_878.wav,cough,cough
cough_879.wav,cough,cough
cough_880.wav,cough,cough
cough_881.wav,cough,cough
cough_882.wav,cough,cough
cough_883.wav,cough,cough
cough_884.wav,cough,cough
cough_885.wav,cough,cough
cough_886.wav,cough,cough
cough_887.wav,cough,cough
cough_888.wav,cough,cough
cough_889.wav,cough,cough
cough_890.wav,cough,cough
cough_891.wav,cough,cough
cough_892.wav,cough,cough
cough_893.wav,crying_sobbing_wail,cough
cough_894.wav,cough,cough
cough_895.wav,cough,cough
cough_896.wav,cough,cough
cough_897.wav,cough,cough
cough_898.wav,cough,cough
cough_899.wav,cough,cough
cough_900.wav,cough,cough
cough_901.wav,cough,cough
cough_902.wav,cough,cough
cough_903.wav,cough,cough
cough_904.wav,cough,cough
cough_905.wav,cough,cough
cough_906.wav,cough,cough
cough_907.wav,cough,cough
cough_908.wav,cough,cough
cough_909.wav,cough,cough
cough_910.wav,cough,cough
cough_911.wav,cough,cough
cough_912.wav,cough,cough
cough_913.wav,cough,cough
cough_914.wav,cough,cough
cough_915.wav,cough,cough
cough_916.wav,cough,cough
cough_917.wav,cough,cough
cough_918.wav,cough,cough
cough_919.wav,cough,cough
cough_920.wav,cough,cough
cough_921.wav,cough,cough
cough_922.wav,cough,cough
cough_923.wav,cough,cough
cough_924.wav,cough,cough
cough_925.wav,cough,cough
cough_926.wav,cough,cough
cough_927.wav,cough,cough
cough_928.wav,cough,cough
cough_929.wav,cough,cough
cough_930.wav,cough,cough
cough_931.wav,crying_sobbing_wail,cough
cough_932.wav,cough,cough
cough_933.wav,cough,cough
cough_934.wav,cough,cough
cough_935.wav,cough,cough
cough_936.wav,cough,cough
cough_937.wav,crying_sobbing_wail,cough
cough_938.wav,cough,cough
cough_939.wav,cough,cough
cough_940.wav,cough,cough
cough_941.wav,cough,cough
cough_942.wav,cough,cough
cough_943.wav,cough,cough
cough_944.wav,cough,cough
cough_945.wav,cough,cough
cough_946.wav,cough,cough
cough_947.wav,cough,cough
cough_948.wav,cough,cough
cough_949.wav,cough,cough
cough_950.wav,cough,cough
cough_951.wav,cough,cough
cough_952.wav,crying_sobbing_wail,cough
cough_953.wav,cough,cough
cough_954.wav,cough,cough
cough_955.wav,crying_sobbing_wail,cough
cough_956.wav,crying_sobbing_wail,cough
cough_957.wav,cough,cough
cough_958.wav,cough,cough
cough_959.wav,cough,cough
cough_960.wav,cough,cough
cough_961.wav,cough,cough
cough_962.wav,cough,cough
cough_963.wav,cough,cough
cough_964.wav,cough,cough
cough_965.wav,cough,cough
cough_966.wav,crying_sobbing_wail,cough
cough_967.wav,crying_sobbing_wail,cough
cough_968.wav,cough,cough
cough_969.wav,crying_sobbing_wail,cough
cough_970.wav,cough,cough
cough_971.wav,cough,cough
cough_972.wav,crying_sobbing_wail,cough
cough_973.wav,cough,cough
cough_974.wav,crying_sobbing_wail,cough
cough_975.wav,cough,cough
cough_976.wav,cough,cough
cough_977.wav,cough,cough
cough_978.wav,sneeze,cough
cough_979.wav,cough,cough
cough_980.wav,cough,cough
cough_981.wav,cough,cough
cough_982.wav,cough,cough
cough_983.wav,cough,cough
cough_984.wav,cough,cough
cough_985.wav,cough,cough
cough_986.wav,cough,cough
cough_987.wav,cough,cough
cough_988.wav,cough,cough
cough_989.wav,cough,cough
cough_990.wav,cough,cough
cough_991.wav,cough,cough
cough_992.wav,cough,cough
cough_993.wav,cough,cough
cough_994.wav,cough,cough
cough_995.wav,cough,cough
cough_996.wav,cough,cough
cough_997.wav,cough,cough
cough_998.wav,cough,cough
cough_999.wav,cough,cough
cough_1000.wav,cough,cough
thunder_1.wav,thunder,thunder
thunder_2.wav,thunder,thunder
thunder_3.wav,thunder,thunder
thunder_4.wav,thunder,thunder
thunder_5.wav,thunder,thunder
thunder_6.wav,thunder,thunder
thunder_7.wav,thunder,thunder
thunder_8.wav,thunder,thunder
thunder_9.wav,thunder,thunder
thunder_10.wav,thunder,thunder
thunder_11.wav,thunder,thunder
thunder_12.wav,thunder,thunder
thunder_13.wav,thunder,thunder
thunder_14.wav,thunder,thunder
thunder_15.wav,thunder,thunder
thunder_16.wav,thunder,thunder
thunder_17.wav,thunder,thunder
thunder_18.wav,thunder,thunder
thunder_19.wav,thunder,thunder
thunder_20.wav,thunder,thunder
thunder_21.wav,thunder,thunder
thunder_22.wav,thunder,thunder
thunder_23.wav,thunder,thunder
thunder_24.wav,thunder,thunder
thunder_25.wav,thunder,thunder
thunder_26.wav,thunder,thunder
thunder_27.wav,thunder,thunder
thunder_28.wav,thunder,thunder
thunder_29.wav,thunder,thunder
thunder_30.wav,thunder,thunder
thunder_31.wav,thunder,thunder
thunder_32.wav,thunder,thunder
thunder_33.wav,thunder,thunder
thunder_34.wav,thunder,thunder
thunder_35.wav,thunder,thunder
thunder_36.wav,thunder,thunder
thunder_37.wav,thunder,thunder
thunder_38.wav,thunder,thunder
thunder_39.wav,thunder,thunder
thunder_40.wav,thunder,thunder
thunder_41.wav,thunder,thunder
thunder_42.wav,thunder,thunder
thunder_43.wav,thunder,thunder
thunder_44.wav,thunder,thunder
thunder_45.wav,thunder,thunder
thunder_46.wav,thunder,thunder
thunder_47.wav,thunder,thunder
thunder_48.wav,thunder,thunder
thunder_49.wav,thunder,thunder
thunder_50.wav,thunder,thunder
thunder_51.wav,dog,thunder
thunder_52.wav,thunder,thunder
thunder_53.wav,thunder,thunder
thunder_54.wav,thunder,thunder
thunder_55.wav,thunder,thunder
thunder_56.wav,thunder,thunder
thunder_57.wav,thunder,thunder
thunder_58.wav,thunder,thunder
thunder_59.wav,thunder,thunder
thunder_60.wav,thunder,thunder
thunder_61.wav,thunder,thunder
thunder_62.wav,thunder,thunder
thunder_63.wav,thunder,thunder
thunder_64.wav,thunder,thunder
thunder_65.wav,thunder,thunder
thunder_66.wav,thunder,thunder
thunder_67.wav,thunder,thunder
thunder_68.wav,thunder,thunder
thunder_69.wav,thunder,thunder
thunder_70.wav,thunder,thunder
thunder_71.wav,thunder,thunder
thunder_72.wav,thunder,thunder
thunder_73.wav,thunder,thunder
thunder_74.wav,thunder,thunder
thunder_75.wav,thunder,thunder
thunder_76.wav,thunder,thunder
thunder_77.wav,thunder,thunder
thunder_78.wav,thunder,thunder
thunder_79.wav,thunder,thunder
thunder_80.wav,thunder,thunder
thunder_81.wav,thunder,thunder
thunder_82.wav,thunder,thunder
thunder_83.wav,thunder,thunder
thunder_84.wav,thunder,thunder
thunder_85.wav,thunder,thunder
thunder_86.wav,thunder,thunder
thunder_87.wav,thunder,thunder
thunder_88.wav,thunder,thunder
thunder_89.wav,thunder,thunder
thunder_90.wav,thunder,thunder
thunder_91.wav,thunder,thunder
thunder_92.wav,thunder,thunder
thunder_93.wav,thunder,thunder
thunder_94.wav,thunder,thunder
thunder_95.wav,thunder,thunder
thunder_96.wav,thunder,thunder
thunder_97.wav,thunder,thunder
thunder_98.wav,thunder,thunder
thunder_99.wav,thunder,thunder
thunder_100.wav,thunder,thunder
thunder_101.wav,thunder,thunder
thunder_102.wav,thunder,thunder
thunder_103.wav,thunder,thunder
thunder_104.wav,thunder,thunder
thunder_105.wav,thunder,thunder
thunder_106.wav,thunder,thunder
thunder_107.wav,thunder,thunder
thunder_108.wav,thunder,thunder
thunder_109.wav,thunder,thunder
thunder_110.wav,thunder,thunder
thunder_111.wav,thunder,thunder
thunder_112.wav,thunder,thunder
thunder_113.wav,thunder,thunder
thunder_114.wav,thunder,thunder
thunder_115.wav,thunder,thunder
thunder_116.wav,thunder,thunder
thunder_117.wav,thunder,thunder
thunder_118.wav,thunder,thunder
thunder_119.wav,thunder,thunder
thunder_120.wav,thunder,thunder
thunder_121.wav,thunder,thunder
thunder_122.wav,thunder,thunder
thunder_123.wav,thunder,thunder
thunder_124.wav,thunder,thunder
thunder_125.wav,thunder,thunder
thunder_126.wav,water,thunder
thunder_127.wav,thunder,thunder
thunder_128.wav,thunder,thunder
thunder_129.wav,thunder,thunder
thunder_130.wav,thunder,thunder
thunder_131.wav,thunder,thunder
thunder_132.wav,thunder,thunder
thunder_133.wav,thunder,thunder
thunder_134.wav,thunder,thunder
thunder_135.wav,thunder,thunder
thunder_136.wav,thunder,thunder
thunder_137.wav,thunder,thunder
thunder_138.wav,thunder,thunder
thunder_139.wav,thunder,thunder
thunder_140.wav,thunder,thunder
thunder_141.wav,thunder,thunder
thunder_142.wav,thunder,thunder
thunder_143.wav,thunder,thunder
thunder_144.wav,thunder,thunder
thunder_145.wav,thunder,thunder
thunder_146.wav,thunder,thunder
thunder_147.wav,thunder,thunder
thunder_148.wav,thunder,thunder
thunder_149.wav,thunder,thunder
thunder_150.wav,thunder,thunder
thunder_151.wav,thunder,thunder
thunder_152.wav,thunder,thunder
thunder_153.wav,thunder,thunder
thunder_154.wav,thunder,thunder
thunder_155.wav,thunder,thunder
thunder_156.wav,thunder,thunder
thunder_157.wav,thunder,thunder
thunder_158.wav,thunder,thunder
thunder_159.wav,thunder,thunder
thunder_160.wav,thunder,thunder
thunder_161.wav,thunder,thunder
thunder_162.wav,thunder,thunder
thunder_163.wav,thunder,thunder
thunder_164.wav,thunder,thunder
thunder_165.wav,thunder,thunder
thunder_166.wav,thunder,thunder
thunder_167.wav,thunder,thunder
thunder_168.wav,thunder,thunder
thunder_169.wav,thunder,thunder
thunder_170.wav,thunder,thunder
thunder_171.wav,thunder,thunder
thunder_172.wav,thunder,thunder
thunder_173.wav,thunder,thunder
thunder_174.wav,thunder,thunder
thunder_175.wav,thunder,thunder
thunder_176.wav,thunder,thunder
thunder_177.wav,thunder,thunder
thunder_178.wav,thunder,thunder
thunder_179.wav,thunder,thunder
thunder_180.wav,thunder,thunder
thunder_181.wav,thunder,thunder
thunder_182.wav,thunder,thunder
thunder_183.wav,thunder,thunder
thunder_184.wav,thunder,thunder
thunder_185.wav,thunder,thunder
thunder_186.wav,thunder,thunder
thunder_187.wav,thunder,thunder
thunder_188.wav,thunder,thunder
thunder_189.wav,thunder,thunder
thunder_190.wav,thunder,thunder
thunder_191.wav,thunder,thunder
thunder_192.wav,thunder,thunder
thunder_193.wav,thunder,thunder
thunder_194.wav,thunder,thunder
thunder_195.wav,thunder,thunder
thunder_196.wav,thunder,thunder
thunder_197.wav,thunder,thunder
thunder_198.wav,thunder,thunder
thunder_199.wav,thunder,thunder
thunder_200.wav,thunder,thunder
thunder_201.wav,thunder,thunder
thunder_202.wav,thunder,thunder
thunder_203.wav,thunder,thunder
thunder_204.wav,thunder,thunder
thunder_205.wav,thunder,thunder
thunder_206.wav,thunder,thunder
thunder_207.wav,thunder,thunder
thunder_208.wav,thunder,thunder
thunder_209.wav,thunder,thunder
thunder_210.wav,thunder,thunder
thunder_211.wav,thunder,thunder
thunder_212.wav,thunder,thunder
thunder_213.wav,thunder,thunder
thunder_214.wav,thunder,thunder
thunder_215.wav,thunder,thunder
thunder_216.wav,thunder,thunder
thunder_217.wav,thunder,thunder
thunder_218.wav,thunder,thunder
thunder_219.wav,thunder,thunder
thunder_220.wav,thunder,thunder
thunder_221.wav,thunder,thunder
thunder_222.wav,thunder,thunder
thunder_223.wav,thunder,thunder
thunder_224.wav,thunder,thunder
thunder_225.wav,thunder,thunder
thunder_226.wav,thunder,thunder
thunder_227.wav,thunder,thunder
thunder_228.wav,thunder,thunder
thunder_229.wav,thunder,thunder
thunder_230.wav,thunder,thunder
thunder_231.wav,thunder,thunder
thunder_232.wav,thunder,thunder
thunder_233.wav,thunder,thunder
thunder_234.wav,thunder,thunder
thunder_235.wav,thunder,thunder
thunder_236.wav,thunder,thunder
thunder_237.wav,thunder,thunder
thunder_238.wav,thunder,thunder
thunder_239.wav,thunder,thunder
thunder_240.wav,thunder,thunder
thunder_241.wav,thunder,thunder
thunder_242.wav,thunder,thunder
thunder_243.wav,thunder,thunder
thunder_244.wav,thunder,thunder
thunder_245.wav,thunder,thunder
thunder_246.wav,thunder,thunder
thunder_247.wav,thunder,thunder
thunder_248.wav,thunder,thunder
thunder_249.wav,thunder,thunder
thunder_250.wav,thunder,thunder
thunder_251.wav,thunder,thunder
thunder_252.wav,thunder,thunder
thunder_253.wav,thunder,thunder
thunder_254.wav,thunder,thunder
thunder_255.wav,thunder,thunder
thunder_256.wav,thunder,thunder
thunder_257.wav,thunder,thunder
thunder_258.wav,thunder,thunder
thunder_259.wav,thunder,thunder
thunder_260.wav,thunder,thunder
thunder_261.wav,thunder,thunder
thunder_262.wav,thunder,thunder
thunder_263.wav,thunder,thunder
thunder_264.wav,thunder,thunder
thunder_265.wav,thunder,thunder
thunder_266.wav,thunder,thunder
thunder_267.wav,thunder,thunder
thunder_268.wav,thunder,thunder
thunder_269.wav,thunder,thunder
thunder_270.wav,thunder,thunder
thunder_271.wav,thunder,thunder
thunder_272.wav,thunder,thunder
thunder_273.wav,thunder,thunder
thunder_274.wav,thunder,thunder
thunder_275.wav,thunder,thunder
thunder_276.wav,thunder,thunder
thunder_277.wav,thunder,thunder
thunder_278.wav,thunder,thunder
thunder_279.wav,thunder,thunder
thunder_280.wav,thunder,thunder
thunder_281.wav,thunder,thunder
thunder_282.wav,thunder,thunder
thunder_283.wav,thunder,thunder
thunder_284.wav,thunder,thunder
thunder_285.wav,thunder,thunder
thunder_286.wav,thunder,thunder
thunder_287.wav,thunder,thunder
thunder_288.wav,thunder,thunder
thunder_289.wav,thunder,thunder
thunder_290.wav,thunder,thunder
thunder_291.wav,thunder,thunder
thunder_292.wav,thunder,thunder
thunder_293.wav,thunder,thunder
thunder_294.wav,thunder,thunder
thunder_295.wav,thunder,thunder
thunder_296.wav,thunder,thunder
thunder_297.wav,thunder,thunder
thunder_298.wav,thunder,thunder
thunder_299.wav,thunder,thunder
thunder_300.wav,thunder,thunder
thunder_301.wav,thunder,thunder
thunder_302.wav,thunder,thunder
thunder_303.wav,thunder,thunder
thunder_304.wav,thunder,thunder
thunder_305.wav,thunder,thunder
thunder_306.wav,thunder,thunder
thunder_307.wav,thunder,thunder
thunder_308.wav,thunder,thunder
thunder_309.wav,thunder,thunder
thunder_310.wav,thunder,thunder
thunder_311.wav,thunder,thunder
thunder_312.wav,thunder,thunder
thunder_313.wav,thunder,thunder
thunder_314.wav,thunder,thunder
thunder_315.wav,thunder,thunder
thunder_316.wav,thunder,thunder
thunder_317.wav,thunder,thunder
thunder_318.wav,thunder,thunder
thunder_319.wav,thunder,thunder
thunder_320.wav,thunder,thunder
thunder_321.wav,thunder,thunder
thunder_322.wav,thunder,thunder
thunder_323.wav,thunder,thunder
thunder_324.wav,thunder,thunder
thunder_325.wav,thunder,thunder
thunder_326.wav,thunder,thunder
thunder_327.wav,thunder,thunder
thunder_328.wav,thunder,thunder
thunder_329.wav,thunder,thunder
thunder_330.wav,thunder,thunder
thunder_331.wav,thunder,thunder
thunder_332.wav,thunder,thunder
thunder_333.wav,thunder,thunder
thunder_334.wav,thunder,thunder
thunder_335.wav,thunder,thunder
thunder_336.wav,thunder,thunder
thunder_337.wav,thunder,thunder
thunder_338.wav,thunder,thunder
thunder_339.wav,thunder,thunder
thunder_340.wav,thunder,thunder
thunder_341.wav,thunder,thunder
thunder_342.wav,thunder,thunder
thunder_343.wav,thunder,thunder
thunder_344.wav,thunder,thunder
thunder_345.wav,thunder,thunder
thunder_346.wav,thunder,thunder
thunder_347.wav,thunder,thunder
thunder_348.wav,thunder,thunder
thunder_349.wav,thunder,thunder
thunder_350.wav,thunder,thunder
thunder_351.wav,thunder,thunder
thunder_352.wav,thunder,thunder
thunder_353.wav,thunder,thunder
thunder_354.wav,thunder,thunder
thunder_355.wav,thunder,thunder
thunder_356.wav,thunder,thunder
thunder_357.wav,thunder,thunder
thunder_358.wav,thunder,thunder
thunder_359.wav,thunder,thunder
thunder_360.wav,thunder,thunder
thunder_361.wav,thunder,thunder
thunder_362.wav,thunder,thunder
thunder_363.wav,thunder,thunder
thunder_364.wav,thunder,thunder
thunder_365.wav,thunder,thunder
thunder_366.wav,thunder,thunder
thunder_367.wav,thunder,thunder
thunder_368.wav,thunder,thunder
thunder_369.wav,thunder,thunder
thunder_370.wav,thunder,thunder
thunder_371.wav,thunder,thunder
thunder_372.wav,thunder,thunder
thunder_373.wav,thunder,thunder
thunder_374.wav,thunder,thunder
thunder_375.wav,thunder,thunder
thunder_376.wav,thunder,thunder
thunder_377.wav,thunder,thunder
thunder_378.wav,thunder,thunder
thunder_379.wav,thunder,thunder
thunder_380.wav,thunder,thunder
thunder_381.wav,thunder,thunder
thunder_382.wav,thunder,thunder
thunder_383.wav,thunder,thunder
thunder_384.wav,thunder,thunder
thunder_385.wav,thunder,thunder
thunder_386.wav,thunder,thunder
thunder_387.wav,thunder,thunder
thunder_388.wav,thunder,thunder
thunder_389.wav,thunder,thunder
thunder_390.wav,thunder,thunder
thunder_391.wav,thunder,thunder
thunder_392.wav,thunder,thunder
thunder_393.wav,thunder,thunder
thunder_394.wav,thunder,thunder
thunder_395.wav,thunder,thunder
thunder_396.wav,thunder,thunder
thunder_397.wav,thunder,thunder
thunder_398.wav,thunder,thunder
thunder_399.wav,thunder,thunder
thunder_400.wav,thunder,thunder
thunder_401.wav,thunder,thunder
thunder_402.wav,thunder,thunder
thunder_403.wav,thunder,thunder
thunder_404.wav,thunder,thunder
thunder_405.wav,thunder,thunder
thunder_406.wav,thunder,thunder
thunder_407.wav,thunder,thunder
thunder_408.wav,thunder,thunder
thunder_409.wav,thunder,thunder
thunder_410.wav,thunder,thunder
thunder_411.wav,thunder,thunder
thunder_412.wav,thunder,thunder
thunder_413.wav,thunder,thunder
thunder_414.wav,thunder,thunder
thunder_415.wav,thunder,thunder
thunder_416.wav,thunder,thunder
thunder_417.wav,thunder,thunder
thunder_418.wav,thunder,thunder
thunder_419.wav,thunder,thunder
thunder_420.wav,thunder,thunder
thunder_421.wav,thunder,thunder
thunder_422.wav,thunder,thunder
thunder_423.wav,thunder,thunder
thunder_424.wav,thunder,thunder
thunder_425.wav,thunder,thunder
thunder_426.wav,thunder,thunder
thunder_427.wav,thunder,thunder
thunder_428.wav,thunder,thunder
thunder_429.wav,thunder,thunder
thunder_430.wav,thunder,thunder
thunder_431.wav,thunder,thunder
thunder_432.wav,thunder,thunder
thunder_433.wav,thunder,thunder
thunder_434.wav,thunder,thunder
thunder_435.wav,thunder,thunder
thunder_436.wav,thunder,thunder
thunder_437.wav,thunder,thunder
thunder_438.wav,thunder,thunder
thunder_439.wav,thunder,thunder
thunder_440.wav,thunder,thunder
thunder_441.wav,thunder,thunder
thunder_442.wav,thunder,thunder
thunder_443.wav,thunder,thunder
thunder_444.wav,thunder,thunder
thunder_445.wav,thunder,thunder
thunder_446.wav,thunder,thunder
thunder_447.wav,thunder,thunder
thunder_448.wav,thunder,thunder
thunder_449.wav,thunder,thunder
thunder_450.wav,thunder,thunder
thunder_451.wav,thunder,thunder
thunder_452.wav,thunder,thunder
thunder_453.wav,thunder,thunder
thunder_454.wav,thunder,thunder
thunder_455.wav,thunder,thunder
thunder_456.wav,thunder,thunder
thunder_457.wav,thunder,thunder
thunder_458.wav,thunder,thunder
thunder_459.wav,thunder,thunder
thunder_460.wav,thunder,thunder
thunder_461.wav,thunder,thunder
thunder_462.wav,thunder,thunder
thunder_463.wav,thunder,thunder
thunder_464.wav,thunder,thunder
thunder_465.wav,thunder,thunder
thunder_466.wav,thunder,thunder
thunder_467.wav,thunder,thunder
thunder_468.wav,thunder,thunder
thunder_469.wav,thunder,thunder
thunder_470.wav,thunder,thunder
thunder_471.wav,thunder,thunder
thunder_472.wav,thunder,thunder
thunder_473.wav,thunder,thunder
thunder_474.wav,thunder,thunder
thunder_475.wav,thunder,thunder
thunder_476.wav,thunder,thunder
thunder_477.wav,thunder,thunder
thunder_478.wav,thunder,thunder
thunder_479.wav,thunder,thunder
thunder_480.wav,thunder,thunder
thunder_481.wav,thunder,thunder
thunder_482.wav,thunder,thunder
thunder_483.wav,thunder,thunder
thunder_484.wav,thunder,thunder
thunder_485.wav,thunder,thunder
thunder_486.wav,thunder,thunder
thunder_487.wav,thunder,thunder
thunder_488.wav,thunder,thunder
thunder_489.wav,thunder,thunder
thunder_490.wav,thunder,thunder
thunder_491.wav,thunder,thunder
thunder_492.wav,thunder,thunder
thunder_493.wav,thunder,thunder
thunder_494.wav,thunder,thunder
thunder_495.wav,thunder,thunder
thunder_496.wav,thunder,thunder
thunder_497.wav,thunder,thunder
thunder_498.wav,thunder,thunder
thunder_499.wav,thunder,thunder
thunder_500.wav,thunder,thunder
thunder_501.wav,thunder,thunder
thunder_502.wav,thunder,thunder
thunder_503.wav,thunder,thunder
thunder_504.wav,thunder,thunder
thunder_505.wav,thunder,thunder
thunder_506.wav,thunder,thunder
thunder_507.wav,thunder,thunder
thunder_508.wav,thunder,thunder
thunder_509.wav,thunder,thunder
thunder_510.wav,thunder,thunder
thunder_511.wav,thunder,thunder
thunder_512.wav,thunder,thunder
thunder_513.wav,thunder,thunder
thunder_514.wav,thunder,thunder
thunder_515.wav,thunder,thunder
thunder_516.wav,thunder,thunder
thunder_517.wav,thunder,thunder
thunder_518.wav,thunder,thunder
thunder_519.wav,thunder,thunder
thunder_520.wav,thunder,thunder
thunder_521.wav,thunder,thunder
thunder_522.wav,thunder,thunder
thunder_523.wav,thunder,thunder
thunder_524.wav,thunder,thunder
thunder_525.wav,thunder,thunder
thunder_526.wav,thunder,thunder
thunder_527.wav,thunder,thunder
thunder_528.wav,thunder,thunder
thunder_529.wav,thunder,thunder
thunder_530.wav,thunder,thunder
thunder_531.wav,thunder,thunder
thunder_532.wav,thunder,thunder
thunder_533.wav,thunder,thunder
thunder_534.wav,thunder,thunder
thunder_535.wav,thunder,thunder
thunder_536.wav,thunder,thunder
thunder_537.wav,thunder,thunder
thunder_538.wav,thunder,thunder
thunder_539.wav,thunder,thunder
thunder_540.wav,thunder,thunder
thunder_541.wav,thunder,thunder
thunder_542.wav,thunder,thunder
thunder_543.wav,thunder,thunder
thunder_544.wav,thunder,thunder
thunder_545.wav,thunder,thunder
thunder_546.wav,thunder,thunder
thunder_547.wav,thunder,thunder
thunder_548.wav,thunder,thunder
thunder_549.wav,thunder,thunder
thunder_550.wav,thunder,thunder
thunder_551.wav,thunder,thunder
thunder_552.wav,thunder,thunder
thunder_553.wav,thunder,thunder
thunder_554.wav,thunder,thunder
thunder_555.wav,thunder,thunder
thunder_556.wav,thunder,thunder
thunder_557.wav,thunder,thunder
thunder_558.wav,thunder,thunder
thunder_559.wav,thunder,thunder
thunder_560.wav,thunder,thunder
thunder_561.wav,thunder,thunder
thunder_562.wav,thunder,thunder
thunder_563.wav,thunder,thunder
thunder_564.wav,thunder,thunder
thunder_565.wav,thunder,thunder
thunder_566.wav,thunder,thunder
thunder_567.wav,thunder,thunder
thunder_568.wav,thunder,thunder
thunder_569.wav,thunder,thunder
thunder_570.wav,thunder,thunder
thunder_571.wav,thunder,thunder
thunder_572.wav,thunder,thunder
thunder_573.wav,thunder,thunder
thunder_574.wav,thunder,thunder
thunder_575.wav,thunder,thunder
thunder_576.wav,thunder,thunder
thunder_577.wav,thunder,thunder
thunder_578.wav,thunder,thunder
thunder_579.wav,thunder,thunder
thunder_580.wav,thunder,thunder
thunder_581.wav,thunder,thunder
thunder_582.wav,thunder,thunder
thunder_583.wav,thunder,thunder
thunder_584.wav,thunder,thunder
thunder_585.wav,thunder,thunder
thunder_586.wav,thunder,thunder
thunder_587.wav,thunder,thunder
thunder_588.wav,thunder,thunder
thunder_589.wav,thunder,thunder
thunder_590.wav,thunder,thunder
thunder_591.wav,thunder,thunder
thunder_592.wav,thunder,thunder
thunder_593.wav,thunder,thunder
thunder_594.wav,thunder,thunder
thunder_595.wav,thunder,thunder
thunder_596.wav,thunder,thunder
thunder_597.wav,thunder,thunder
thunder_598.wav,thunder,thunder
thunder_599.wav,thunder,thunder
thunder_600.wav,thunder,thunder
thunder_601.wav,thunder,thunder
thunder_602.wav,thunder,thunder
thunder_603.wav,thunder,thunder
thunder_604.wav,thunder,thunder
thunder_605.wav,thunder,thunder
thunder_606.wav,thunder,thunder
thunder_607.wav,thunder,thunder
thunder_608.wav,thunder,thunder
thunder_609.wav,thunder,thunder
thunder_610.wav,thunder,thunder
thunder_611.wav,thunder,thunder
thunder_612.wav,thunder,thunder
thunder_613.wav,thunder,thunder
thunder_614.wav,thunder,thunder
thunder_615.wav,thunder,thunder
thunder_616.wav,thunder,thunder
thunder_617.wav,thunder,thunder
thunder_618.wav,thunder,thunder
thunder_619.wav,thunder,thunder
thunder_620.wav,thunder,thunder
thunder_621.wav,thunder,thunder
thunder_622.wav,thunder,thunder
thunder_623.wav,thunder,thunder
thunder_624.wav,thunder,thunder
thunder_625.wav,thunder,thunder
thunder_626.wav,thunder,thunder
thunder_627.wav,thunder,thunder
thunder_628.wav,thunder,thunder
thunder_629.wav,thunder,thunder
thunder_630.wav,thunder,thunder
thunder_631.wav,thunder,thunder
thunder_632.wav,thunder,thunder
thunder_633.wav,thunder,thunder
thunder_634.wav,thunder,thunder
thunder_635.wav,thunder,thunder
thunder_636.wav,thunder,thunder
thunder_637.wav,thunder,thunder
thunder_638.wav,thunder,thunder
thunder_639.wav,thunder,thunder
thunder_640.wav,thunder,thunder
thunder_641.wav,thunder,thunder
thunder_642.wav,thunder,thunder
thunder_643.wav,thunder,thunder
thunder_644.wav,thunder,thunder
thunder_645.wav,thunder,thunder
thunder_646.wav,thunder,thunder
thunder_647.wav,thunder,thunder
thunder_648.wav,thunder,thunder
thunder_649.wav,thunder,thunder
thunder_650.wav,thunder,thunder
thunder_651.wav,thunder,thunder
thunder_652.wav,thunder,thunder
thunder_653.wav,thunder,thunder
thunder_654.wav,thunder,thunder
thunder_655.wav,thunder,thunder
thunder_656.wav,thunder,thunder
thunder_657.wav,thunder,thunder
thunder_658.wav,thunder,thunder
thunder_659.wav,thunder,thunder
thunder_660.wav,thunder,thunder
thunder_661.wav,thunder,thunder
thunder_662.wav,thunder,thunder
thunder_663.wav,thunder,thunder
thunder_664.wav,thunder,thunder
thunder_665.wav,thunder,thunder
thunder_666.wav,thunder,thunder
thunder_667.wav,thunder,thunder
thunder_668.wav,thunder,thunder
thunder_669.wav,thunder,thunder
thunder_670.wav,thunder,thunder
thunder_671.wav,thunder,thunder
thunder_672.wav,thunder,thunder
thunder_673.wav,thunder,thunder
thunder_674.wav,thunder,thunder
thunder_675.wav,thunder,thunder
thunder_676.wav,thunder,thunder
thunder_677.wav,thunder,thunder
thunder_678.wav,thunder,thunder
thunder_679.wav,thunder,thunder
thunder_680.wav,thunder,thunder
thunder_681.wav,thunder,thunder
thunder_682.wav,thunder,thunder
thunder_683.wav,thunder,thunder
thunder_684.wav,thunder,thunder
thunder_685.wav,thunder,thunder
thunder_686.wav,thunder,thunder
thunder_687.wav,thunder,thunder
thunder_688.wav,thunder,thunder
thunder_689.wav,thunder,thunder
thunder_690.wav,thunder,thunder
thunder_691.wav,thunder,thunder
thunder_692.wav,thunder,thunder
thunder_693.wav,thunder,thunder
thunder_694.wav,thunder,thunder
thunder_695.wav,thunder,thunder
thunder_696.wav,thunder,thunder
thunder_697.wav,thunder,thunder
thunder_698.wav,thunder,thunder
thunder_699.wav,thunder,thunder
thunder_700.wav,thunder,thunder
thunder_701.wav,thunder,thunder
thunder_702.wav,thunder,thunder
thunder_703.wav,thunder,thunder
thunder_704.wav,thunder,thunder
thunder_705.wav,thunder,thunder
thunder_706.wav,thunder,thunder
thunder_707.wav,thunder,thunder
thunder_708.wav,thunder,thunder
thunder_709.wav,thunder,thunder
thunder_710.wav,thunder,thunder
thunder_711.wav,thunder,thunder
thunder_712.wav,thunder,thunder
thunder_713.wav,thunder,thunder
thunder_714.wav,thunder,thunder
thunder_715.wav,thunder,thunder
thunder_716.wav,thunder,thunder
thunder_717.wav,thunder,thunder
thunder_718.wav,thunder,thunder
thunder_719.wav,thunder,thunder
thunder_720.wav,thunder,thunder
thunder_721.wav,thunder,thunder
thunder_722.wav,thunder,thunder
thunder_723.wav,thunder,thunder
thunder_724.wav,thunder,thunder
thunder_725.wav,thunder,thunder
thunder_726.wav,thunder,thunder
thunder_727.wav,thunder,thunder
thunder_728.wav,thunder,thunder
thunder_729.wav,thunder,thunder
thunder_730.wav,thunder,thunder
thunder_731.wav,thunder,thunder
thunder_732.wav,thunder,thunder
thunder_733.wav,thunder,thunder
thunder_734.wav,thunder,thunder
thunder_735.wav,thunder,thunder
thunder_736.wav,thunder,thunder
thunder_737.wav,thunder,thunder
thunder_738.wav,thunder,thunder
thunder_739.wav,thunder,thunder
thunder_740.wav,thunder,thunder
thunder_741.wav,thunder,thunder
thunder_742.wav,thunder,thunder
thunder_743.wav,thunder,thunder
thunder_744.wav,thunder,thunder
thunder_745.wav,thunder,thunder
thunder_746.wav,thunder,thunder
thunder_747.wav,thunder,thunder
thunder_748.wav,thunder,thunder
thunder_749.wav,thunder,thunder
thunder_750.wav,thunder,thunder
thunder_751.wav,thunder,thunder
thunder_752.wav,thunder,thunder
thunder_753.wav,thunder,thunder
thunder_754.wav,thunder,thunder
thunder_755.wav,thunder,thunder
thunder_756.wav,thunder,thunder
thunder_757.wav,thunder,thunder
thunder_758.wav,thunder,thunder
thunder_759.wav,thunder,thunder
thunder_760.wav,thunder,thunder
thunder_761.wav,thunder,thunder
thunder_762.wav,thunder,thunder
thunder_763.wav,thunder,thunder
thunder_764.wav,thunder,thunder
thunder_765.wav,thunder,thunder
thunder_766.wav,thunder,thunder
thunder_767.wav,thunder,thunder
thunder_768.wav,thunder,thunder
thunder_769.wav,thunder,thunder
thunder_770.wav,thunder,thunder
thunder_771.wav,thunder,thunder
thunder_772.wav,thunder,thunder
thunder_773.wav,thunder,thunder
thunder_774.wav,thunder,thunder
thunder_775.wav,thunder,thunder
thunder_776.wav,thunder,thunder
thunder_777.wav,thunder,thunder
thunder_778.wav,thunder,thunder
thunder_779.wav,thunder,thunder
thunder_780.wav,thunder,thunder
thunder_781.wav,thunder,thunder
thunder_782.wav,thunder,thunder
thunder_783.wav,thunder,thunder
thunder_784.wav,thunder,thunder
thunder_785.wav,thunder,thunder
thunder_786.wav,thunder,thunder
thunder_787.wav,thunder,thunder
thunder_788.wav,thunder,thunder
thunder_789.wav,thunder,thunder
thunder_790.wav,thunder,thunder
thunder_791.wav,thunder,thunder
thunder_792.wav,thunder,thunder
thunder_793.wav,thunder,thunder
thunder_794.wav,thunder,thunder
thunder_795.wav,thunder,thunder
thunder_796.wav,thunder,thunder
thunder_797.wav,thunder,thunder
thunder_798.wav,thunder,thunder
thunder_799.wav,thunder,thunder
thunder_800.wav,thunder,thunder
thunder_801.wav,thunder,thunder
thunder_802.wav,thunder,thunder
thunder_803.wav,thunder,thunder
thunder_804.wav,thunder,thunder
thunder_805.wav,thunder,thunder
thunder_806.wav,thunder,thunder
thunder_807.wav,thunder,thunder
thunder_808.wav,thunder,thunder
thunder_809.wav,thunder,thunder
thunder_810.wav,thunder,thunder
thunder_811.wav,thunder,thunder
thunder_812.wav,thunder,thunder
thunder_813.wav,thunder,thunder
thunder_814.wav,thunder,thunder
thunder_815.wav,thunder,thunder
thunder_816.wav,thunder,thunder
thunder_817.wav,thunder,thunder
thunder_818.wav,thunder,thunder
thunder_819.wav,thunder,thunder
thunder_820.wav,thunder,thunder
thunder_821.wav,thunder,thunder
thunder_822.wav,thunder,thunder
thunder_823.wav,thunder,thunder
thunder_824.wav,thunder,thunder
thunder_825.wav,thunder,thunder
thunder_826.wav,thunder,thunder
thunder_827.wav,thunder,thunder
thunder_828.wav,thunder,thunder
thunder_829.wav,thunder,thunder
thunder_830.wav,thunder,thunder
thunder_831.wav,thunder,thunder
thunder_832.wav,thunder,thunder
thunder_833.wav,thunder,thunder
thunder_834.wav,thunder,thunder
thunder_835.wav,thunder,thunder
thunder_836.wav,thunder,thunder
thunder_837.wav,thunder,thunder
thunder_838.wav,thunder,thunder
thunder_839.wav,thunder,thunder
thunder_840.wav,thunder,thunder
thunder_841.wav,thunder,thunder
thunder_842.wav,thunder,thunder
thunder_843.wav,thunder,thunder
thunder_844.wav,thunder,thunder
thunder_845.wav,thunder,thunder
thunder_846.wav,thunder,thunder
thunder_847.wav,thunder,thunder
thunder_848.wav,thunder,thunder
thunder_849.wav,thunder,thunder
thunder_850.wav,thunder,thunder
thunder_851.wav,thunder,thunder
thunder_852.wav,thunder,thunder
thunder_853.wav,thunder,thunder
thunder_854.wav,thunder,thunder
thunder_855.wav,thunder,thunder
thunder_856.wav,thunder,thunder
thunder_857.wav,thunder,thunder
thunder_858.wav,thunder,thunder
thunder_859.wav,thunder,thunder
thunder_860.wav,thunder,thunder
thunder_861.wav,thunder,thunder
thunder_862.wav,thunder,thunder
thunder_863.wav,thunder,thunder
thunder_864.wav,thunder,thunder
thunder_865.wav,thunder,thunder
thunder_866.wav,thunder,thunder
thunder_867.wav,thunder,thunder
thunder_868.wav,thunder,thunder
thunder_869.wav,thunder,thunder
thunder_870.wav,thunder,thunder
thunder_871.wav,thunder,thunder
thunder_872.wav,thunder,thunder
thunder_873.wav,thunder,thunder
thunder_874.wav,thunder,thunder
thunder_875.wav,thunder,thunder
thunder_876.wav,thunder,thunder
thunder_877.wav,thunder,thunder
thunder_878.wav,thunder,thunder
thunder_879.wav,thunder,thunder
thunder_880.wav,thunder,thunder
thunder_881.wav,thunder,thunder
thunder_882.wav,thunder,thunder
thunder_883.wav,thunder,thunder
thunder_884.wav,thunder,thunder
thunder_885.wav,thunder,thunder
thunder_886.wav,thunder,thunder
thunder_887.wav,thunder,thunder
thunder_888.wav,thunder,thunder
thunder_889.wav,thunder,thunder
thunder_890.wav,thunder,thunder
thunder_891.wav,thunder,thunder
thunder_892.wav,thunder,thunder
thunder_893.wav,thunder,thunder
thunder_894.wav,thunder,thunder
thunder_895.wav,thunder,thunder
thunder_896.wav,thunder,thunder
thunder_897.wav,thunder,thunder
thunder_898.wav,thunder,thunder
thunder_899.wav,thunder,thunder
thunder_900.wav,thunder,thunder
thunder_901.wav,thunder,thunder
thunder_902.wav,thunder,thunder
thunder_903.wav,thunder,thunder
thunder_904.wav,thunder,thunder
thunder_905.wav,thunder,thunder
thunder_906.wav,thunder,thunder
thunder_907.wav,thunder,thunder
thunder_908.wav,thunder,thunder
thunder_909.wav,thunder,thunder
thunder_910.wav,thunder,thunder
thunder_911.wav,thunder,thunder
thunder_912.wav,thunder,thunder
thunder_913.wav,thunder,thunder
thunder_914.wav,thunder,thunder
thunder_915.wav,thunder,thunder
thunder_916.wav,thunder,thunder
thunder_917.wav,thunder,thunder
thunder_918.wav,thunder,thunder
thunder_919.wav,thunder,thunder
thunder_920.wav,thunder,thunder
thunder_921.wav,thunder,thunder
thunder_922.wav,thunder,thunder
thunder_923.wav,thunder,thunder
thunder_924.wav,thunder,thunder
thunder_925.wav,thunder,thunder
thunder_926.wav,thunder,thunder
thunder_927.wav,thunder,thunder
thunder_928.wav,thunder,thunder
thunder_929.wav,thunder,thunder
thunder_930.wav,thunder,thunder
thunder_931.wav,thunder,thunder
thunder_932.wav,thunder,thunder
thunder_933.wav,thunder,thunder
thunder_934.wav,thunder,thunder
thunder_935.wav,thunder,thunder
thunder_936.wav,thunder,thunder
thunder_937.wav,thunder,thunder
thunder_938.wav,thunder,thunder
thunder_939.wav,thunder,thunder
thunder_940.wav,thunder,thunder
thunder_941.wav,thunder,thunder
thunder_942.wav,thunder,thunder
thunder_943.wav,thunder,thunder
thunder_944.wav,thunder,thunder
thunder_945.wav,thunder,thunder
thunder_946.wav,thunder,thunder
thunder_947.wav,thunder,thunder
thunder_948.wav,thunder,thunder
thunder_949.wav,thunder,thunder
thunder_950.wav,thunder,thunder
thunder_951.wav,thunder,thunder
thunder_952.wav,thunder,thunder
thunder_953.wav,thunder,thunder
thunder_954.wav,thunder,thunder
thunder_955.wav,thunder,thunder
thunder_956.wav,thunder,thunder
thunder_957.wav,thunder,thunder
thunder_958.wav,thunder,thunder
thunder_959.wav,thunder,thunder
thunder_960.wav,thunder,thunder
thunder_961.wav,thunder,thunder
thunder_962.wav,thunder,thunder
thunder_963.wav,thunder,thunder
thunder_964.wav,thunder,thunder
thunder_965.wav,thunder,thunder
thunder_966.wav,thunder,thunder
thunder_967.wav,thunder,thunder
thunder_968.wav,thunder,thunder
thunder_969.wav,thunder,thunder
thunder_970.wav,thunder,thunder
thunder_971.wav,thunder,thunder
thunder_972.wav,thunder,thunder
thunder_973.wav,thunder,thunder
thunder_974.wav,thunder,thunder
thunder_975.wav,thunder,thunder
thunder_976.wav,thunder,thunder
thunder_977.wav,thunder,thunder
thunder_978.wav,thunder,thunder
thunder_979.wav,thunder,thunder
thunder_980.wav,thunder,thunder
thunder_981.wav,thunder,thunder
thunder_982.wav,thunder,thunder
thunder_983.wav,thunder,thunder
thunder_984.wav,thunder,thunder
thunder_985.wav,thunder,thunder
thunder_986.wav,thunder,thunder
thunder_987.wav,thunder,thunder
thunder_988.wav,thunder,thunder
thunder_989.wav,thunder,thunder
thunder_990.wav,thunder,thunder
thunder_991.wav,thunder,thunder
thunder_992.wav,thunder,thunder
thunder_993.wav,thunder,thunder
thunder_994.wav,thunder,thunder
thunder_995.wav,thunder,thunder
thunder_996.wav,thunder,thunder
thunder_997.wav,thunder,thunder
thunder_998.wav,thunder,thunder
thunder_999.wav,thunder,thunder
thunder_1000.wav,thunder,thunder
plastic_1.wav,plastic,plastic
plastic_2.wav,plastic,plastic
plastic_3.wav,plastic,plastic
plastic_4.wav,plastic,plastic
plastic_5.wav,plastic,plastic
plastic_6.wav,plastic,plastic
plastic_7.wav,plastic,plastic
plastic_8.wav,plastic,plastic
plastic_9.wav,plastic,plastic
plastic_10.wav,plastic,plastic
plastic_11.wav,plastic,plastic
plastic_12.wav,plastic,plastic
plastic_13.wav,metal,plastic
plastic_14.wav,plastic,plastic
plastic_15.wav,wood,plastic
plastic_16.wav,plastic,plastic
plastic_17.wav,plastic,plastic
plastic_18.wav,plastic,plastic
plastic_19.wav,plastic,plastic
plastic_20.wav,wood,plastic
plastic_21.wav,plastic,plastic
plastic_22.wav,plastic,plastic
plastic_23.wav,plastic,plastic
plastic_24.wav,plastic,plastic
plastic_25.wav,plastic,plastic
plastic_26.wav,plastic,plastic
plastic_27.wav,plastic,plastic
plastic_28.wav,wood,plastic
plastic_29.wav,plastic,plastic
plastic_30.wav,plastic,plastic
plastic_31.wav,plastic,plastic
plastic_32.wav,plastic,plastic
plastic_33.wav,plastic,plastic
plastic_34.wav,plastic,plastic
plastic_35.wav,plastic,plastic
plastic_36.wav,plastic,plastic
plastic_37.wav,plastic,plastic
plastic_38.wav,plastic,plastic
plastic_39.wav,plastic,plastic
plastic_40.wav,plastic,plastic
plastic_41.wav,metal,plastic
plastic_42.wav,plastic,plastic
plastic_43.wav,plastic,plastic
plastic_44.wav,plastic,plastic
plastic_45.wav,plastic,plastic
plastic_46.wav,plastic,plastic
plastic_47.wav,plastic,plastic
plastic_48.wav,plastic,plastic
plastic_49.wav,metal,plastic
plastic_50.wav,plastic,plastic
plastic_51.wav,plastic,plastic
plastic_52.wav,plastic,plastic
plastic_53.wav,plastic,plastic
plastic_54.wav,plastic,plastic
plastic_55.wav,plastic,plastic
plastic_56.wav,plastic,plastic
plastic_57.wav,plastic,plastic
plastic_58.wav,wood,plastic
plastic_59.wav,plastic,plastic
plastic_60.wav,plastic,plastic
plastic_61.wav,plastic,plastic
plastic_62.wav,plastic,plastic
plastic_63.wav,wood,plastic
plastic_64.wav,plastic,plastic
plastic_65.wav,plastic,plastic
plastic_66.wav,plastic,plastic
plastic_67.wav,plastic,plastic
plastic_68.wav,plastic,plastic
plastic_69.wav,plastic,plastic
plastic_70.wav,plastic,plastic
plastic_71.wav,plastic,plastic
plastic_72.wav,plastic,plastic
plastic_73.wav,plastic,plastic
plastic_74.wav,plastic,plastic
plastic_75.wav,plastic,plastic
plastic_76.wav,plastic,plastic
plastic_77.wav,plastic,plastic
plastic_78.wav,plastic,plastic
plastic_79.wav,plastic,plastic
plastic_80.wav,plastic,plastic
plastic_81.wav,plastic,plastic
plastic_82.wav,plastic,plastic
plastic_83.wav,plastic,plastic
plastic_84.wav,plastic,plastic
plastic_85.wav,plastic,plastic
plastic_86.wav,plastic,plastic
plastic_87.wav,plastic,plastic
plastic_88.wav,plastic,plastic
plastic_89.wav,plastic,plastic
plastic_90.wav,plastic,plastic
plastic_91.wav,wood,plastic
plastic_92.wav,plastic,plastic
plastic_93.wav,plastic,plastic
plastic_94.wav,plastic,plastic
plastic_95.wav,plastic,plastic
plastic_96.wav,plastic,plastic
plastic_97.wav,plastic,plastic
plastic_98.wav,plastic,plastic
plastic_99.wav,plastic,plastic
plastic_100.wav,plastic,plastic
plastic_101.wav,plastic,plastic
plastic_102.wav,plastic,plastic
plastic_103.wav,plastic,plastic
plastic_104.wav,plastic,plastic
plastic_105.wav,metal,plastic
plastic_106.wav,plastic,plastic
plastic_107.wav,plastic,plastic
plastic_108.wav,plastic,plastic
plastic_109.wav,plastic,plastic
plastic_110.wav,plastic,plastic
plastic_111.wav,plastic,plastic
plastic_112.wav,plastic,plastic
plastic_113.wav,wood,plastic
plastic_114.wav,plastic,plastic
plastic_115.wav,metal,plastic
plastic_116.wav,wood,plastic
plastic_117.wav,plastic,plastic
plastic_118.wav,plastic,plastic
plastic_119.wav,plastic,plastic
plastic_120.wav,plastic,plastic
plastic_121.wav,wood,plastic
plastic_122.wav,plastic,plastic
plastic_123.wav,plastic,plastic
plastic_124.wav,plastic,plastic
plastic_125.wav,plastic,plastic
plastic_126.wav,plastic,plastic
plastic_127.wav,plastic,plastic
plastic_128.wav,plastic,plastic
plastic_129.wav,plastic,plastic
plastic_130.wav,plastic,plastic
plastic_131.wav,plastic,plastic
plastic_132.wav,plastic,plastic
plastic_133.wav,plastic,plastic
plastic_134.wav,plastic,plastic
plastic_135.wav,plastic,plastic
plastic_136.wav,plastic,plastic
plastic_137.wav,plastic,plastic
plastic_138.wav,plastic,plastic
plastic_139.wav,plastic,plastic
plastic_140.wav,plastic,plastic
plastic_141.wav,plastic,plastic
plastic_142.wav,plastic,plastic
plastic_143.wav,plastic,plastic
plastic_144.wav,plastic,plastic
plastic_145.wav,plastic,plastic
plastic_146.wav,plastic,plastic
plastic_147.wav,plastic,plastic
plastic_148.wav,plastic,plastic
plastic_149.wav,plastic,plastic
plastic_150.wav,plastic,plastic
plastic_151.wav,plastic,plastic
plastic_152.wav,plastic,plastic
plastic_153.wav,plastic,plastic
plastic_154.wav,plastic,plastic
plastic_155.wav,plastic,plastic
plastic_156.wav,plastic,plastic
plastic_157.wav,plastic,plastic
plastic_158.wav,plastic,plastic
plastic_159.wav,plastic,plastic
plastic_160.wav,plastic,plastic
plastic_161.wav,plastic,plastic
plastic_162.wav,plastic,plastic
plastic_163.wav,plastic,plastic
plastic_164.wav,wood,plastic
plastic_165.wav,plastic,plastic
plastic_166.wav,plastic,plastic
plastic_167.wav,plastic,plastic
plastic_168.wav,plastic,plastic
plastic_169.wav,plastic,plastic
plastic_170.wav,plastic,plastic
plastic_171.wav,plastic,plastic
plastic_172.wav,plastic,plastic
plastic_173.wav,plastic,plastic
plastic_174.wav,plastic,plastic
plastic_175.wav,plastic,plastic
plastic_176.wav,plastic,plastic
plastic_177.wav,plastic,plastic
plastic_178.wav,plastic,plastic
plastic_179.wav,plastic,plastic
plastic_180.wav,plastic,plastic
plastic_181.wav,metal,plastic
plastic_182.wav,metal,plastic
plastic_183.wav,plastic,plastic
plastic_184.wav,plastic,plastic
plastic_185.wav,plastic,plastic
plastic_186.wav,plastic,plastic
plastic_187.wav,plastic,plastic
plastic_188.wav,plastic,plastic
plastic_189.wav,plastic,plastic
plastic_190.wav,plastic,plastic
plastic_191.wav,plastic,plastic
plastic_192.wav,plastic,plastic
plastic_193.wav,plastic,plastic
plastic_194.wav,plastic,plastic
plastic_195.wav,plastic,plastic
plastic_196.wav,plastic,plastic
plastic_197.wav,plastic,plastic
plastic_198.wav,plastic,plastic
plastic_199.wav,plastic,plastic
plastic_200.wav,plastic,plastic
plastic_201.wav,plastic,plastic
plastic_202.wav,plastic,plastic
plastic_203.wav,plastic,plastic
plastic_204.wav,plastic,plastic
plastic_205.wav,plastic,plastic
plastic_206.wav,plastic,plastic
plastic_207.wav,plastic,plastic
plastic_208.wav,plastic,plastic
plastic_209.wav,plastic,plastic
plastic_210.wav,plastic,plastic
plastic_211.wav,plastic,plastic
plastic_212.wav,plastic,plastic
plastic_213.wav,plastic,plastic
plastic_214.wav,plastic,plastic
plastic_215.wav,plastic,plastic
plastic_216.wav,plastic,plastic
plastic_217.wav,plastic,plastic
plastic_218.wav,plastic,plastic
plastic_219.wav,plastic,plastic
plastic_220.wav,plastic,plastic
plastic_221.wav,plastic,plastic
plastic_222.wav,plastic,plastic
plastic_223.wav,wood,plastic
plastic_224.wav,plastic,plastic
plastic_225.wav,plastic,plastic
plastic_226.wav,plastic,plastic
plastic_227.wav,plastic,plastic
plastic_228.wav,plastic,plastic
plastic_229.wav,plastic,plastic
plastic_230.wav,plastic,plastic
plastic_231.wav,plastic,plastic
plastic_232.wav,plastic,plastic
plastic_233.wav,plastic,plastic
plastic_234.wav,plastic,plastic
plastic_235.wav,plastic,plastic
plastic_236.wav,plastic,plastic
plastic_237.wav,plastic,plastic
plastic_238.wav,plastic,plastic
plastic_239.wav,plastic,plastic
plastic_240.wav,plastic,plastic
plastic_241.wav,plastic,plastic
plastic_242.wav,plastic,plastic
plastic_243.wav,plastic,plastic
plastic_244.wav,plastic,plastic
plastic_245.wav,plastic,plastic
plastic_246.wav,plastic,plastic
plastic_247.wav,plastic,plastic
plastic_248.wav,plastic,plastic
plastic_249.wav,wood,plastic
plastic_250.wav,plastic,plastic
plastic_251.wav,plastic,plastic
plastic_252.wav,plastic,plastic
plastic_253.wav,plastic,plastic
plastic_254.wav,plastic,plastic
plastic_255.wav,plastic,plastic
plastic_256.wav,plastic,plastic
plastic_257.wav,plastic,plastic
plastic_258.wav,plastic,plastic
plastic_259.wav,plastic,plastic
plastic_260.wav,plastic,plastic
plastic_261.wav,plastic,plastic
plastic_262.wav,plastic,plastic
plastic_263.wav,plastic,plastic
plastic_264.wav,plastic,plastic
plastic_265.wav,plastic,plastic
plastic_266.wav,plastic,plastic
plastic_267.wav,plastic,plastic
plastic_268.wav,plastic,plastic
plastic_269.wav,plastic,plastic
plastic_270.wav,plastic,plastic
plastic_271.wav,plastic,plastic
plastic_272.wav,plastic,plastic
plastic_273.wav,plastic,plastic
plastic_274.wav,plastic,plastic
plastic_275.wav,plastic,plastic
plastic_276.wav,wood,plastic
plastic_277.wav,plastic,plastic
plastic_278.wav,plastic,plastic
plastic_279.wav,plastic,plastic
plastic_280.wav,plastic,plastic
plastic_281.wav,plastic,plastic
plastic_282.wav,plastic,plastic
plastic_283.wav,plastic,plastic
plastic_284.wav,plastic,plastic
plastic_285.wav,plastic,plastic
plastic_286.wav,plastic,plastic
plastic_287.wav,plastic,plastic
plastic_288.wav,plastic,plastic
plastic_289.wav,plastic,plastic
plastic_290.wav,plastic,plastic
plastic_291.wav,plastic,plastic
plastic_292.wav,plastic,plastic
plastic_293.wav,plastic,plastic
plastic_294.wav,plastic,plastic
plastic_295.wav,plastic,plastic
plastic_296.wav,plastic,plastic
plastic_297.wav,plastic,plastic
plastic_298.wav,plastic,plastic
plastic_299.wav,plastic,plastic
plastic_300.wav,plastic,plastic
plastic_301.wav,plastic,plastic
plastic_302.wav,plastic,plastic
plastic_303.wav,plastic,plastic
plastic_304.wav,plastic,plastic
plastic_305.wav,plastic,plastic
plastic_306.wav,plastic,plastic
plastic_307.wav,plastic,plastic
plastic_308.wav,plastic,plastic
plastic_309.wav,plastic,plastic
plastic_310.wav,plastic,plastic
plastic_311.wav,plastic,plastic
plastic_312.wav,plastic,plastic
plastic_313.wav,plastic,plastic
plastic_314.wav,plastic,plastic
plastic_315.wav,plastic,plastic
plastic_316.wav,plastic,plastic
plastic_317.wav,plastic,plastic
plastic_318.wav,plastic,plastic
plastic_319.wav,plastic,plastic
plastic_320.wav,plastic,plastic
plastic_321.wav,metal,plastic
plastic_322.wav,plastic,plastic
plastic_323.wav,plastic,plastic
plastic_324.wav,plastic,plastic
plastic_325.wav,plastic,plastic
plastic_326.wav,metal,plastic
plastic_327.wav,plastic,plastic
plastic_328.wav,plastic,plastic
plastic_329.wav,plastic,plastic
plastic_330.wav,plastic,plastic
plastic_331.wav,plastic,plastic
plastic_332.wav,plastic,plastic
plastic_333.wav,plastic,plastic
plastic_334.wav,plastic,plastic
plastic_335.wav,plastic,plastic
plastic_336.wav,plastic,plastic
plastic_337.wav,plastic,plastic
plastic_338.wav,plastic,plastic
plastic_339.wav,plastic,plastic
plastic_340.wav,plastic,plastic
plastic_341.wav,plastic,plastic
plastic_342.wav,plastic,plastic
plastic_343.wav,plastic,plastic
plastic_344.wav,plastic,plastic
plastic_345.wav,plastic,plastic
plastic_346.wav,plastic,plastic
plastic_347.wav,plastic,plastic
plastic_348.wav,plastic,plastic
plastic_349.wav,metal,plastic
plastic_350.wav,plastic,plastic
plastic_351.wav,plastic,plastic
plastic_352.wav,plastic,plastic
plastic_353.wav,plastic,plastic
plastic_354.wav,plastic,plastic
plastic_355.wav,plastic,plastic
plastic_356.wav,plastic,plastic
plastic_357.wav,plastic,plastic
plastic_358.wav,plastic,plastic
plastic_359.wav,plastic,plastic
plastic_360.wav,plastic,plastic
plastic_361.wav,plastic,plastic
plastic_362.wav,plastic,plastic
plastic_363.wav,plastic,plastic
plastic_364.wav,plastic,plastic
plastic_365.wav,plastic,plastic
plastic_366.wav,plastic,plastic
plastic_367.wav,plastic,plastic
plastic_368.wav,plastic,plastic
plastic_369.wav,plastic,plastic
plastic_370.wav,plastic,plastic
plastic_371.wav,plastic,plastic
plastic_372.wav,plastic,plastic
plastic_373.wav,plastic,plastic
plastic_374.wav,plastic,plastic
plastic_375.wav,plastic,plastic
plastic_376.wav,plastic,plastic
plastic_377.wav,plastic,plastic
plastic_378.wav,plastic,plastic
plastic_379.wav,plastic,plastic
plastic_380.wav,plastic,plastic
plastic_381.wav,plastic,plastic
plastic_382.wav,plastic,plastic
plastic_383.wav,plastic,plastic
plastic_384.wav,plastic,plastic
plastic_385.wav,plastic,plastic
plastic_386.wav,plastic,plastic
plastic_387.wav,plastic,plastic
plastic_388.wav,plastic,plastic
plastic_389.wav,plastic,plastic
plastic_390.wav,wood,plastic
plastic_391.wav,plastic,plastic
plastic_392.wav,plastic,plastic
plastic_393.wav,plastic,plastic
plastic_394.wav,plastic,plastic
plastic_395.wav,plastic,plastic
plastic_396.wav,plastic,plastic
plastic_397.wav,plastic,plastic
plastic_398.wav,plastic,plastic
plastic_399.wav,plastic,plastic
plastic_400.wav,plastic,plastic
plastic_401.wav,plastic,plastic
plastic_402.wav,plastic,plastic
plastic_403.wav,metal,plastic
plastic_404.wav,plastic,plastic
plastic_405.wav,plastic,plastic
plastic_406.wav,plastic,plastic
plastic_407.wav,plastic,plastic
plastic_408.wav,plastic,plastic
plastic_409.wav,plastic,plastic
plastic_410.wav,plastic,plastic
plastic_411.wav,plastic,plastic
plastic_412.wav,plastic,plastic
plastic_413.wav,plastic,plastic
plastic_414.wav,plastic,plastic
plastic_415.wav,metal,plastic
plastic_416.wav,plastic,plastic
plastic_417.wav,plastic,plastic
plastic_418.wav,plastic,plastic
plastic_419.wav,plastic,plastic
plastic_420.wav,plastic,plastic
plastic_421.wav,plastic,plastic
plastic_422.wav,plastic,plastic
plastic_423.wav,plastic,plastic
plastic_424.wav,plastic,plastic
plastic_425.wav,plastic,plastic
plastic_426.wav,plastic,plastic
plastic_427.wav,plastic,plastic
plastic_428.wav,plastic,plastic
plastic_429.wav,plastic,plastic
plastic_430.wav,plastic,plastic
plastic_431.wav,plastic,plastic
plastic_432.wav,plastic,plastic
plastic_433.wav,plastic,plastic
plastic_434.wav,plastic,plastic
plastic_435.wav,plastic,plastic
plastic_436.wav,wood,plastic
plastic_437.wav,plastic,plastic
plastic_438.wav,plastic,plastic
plastic_439.wav,plastic,plastic
plastic_440.wav,plastic,plastic
plastic_441.wav,plastic,plastic
plastic_442.wav,wood,plastic
plastic_443.wav,plastic,plastic
plastic_444.wav,plastic,plastic
plastic_445.wav,plastic,plastic
plastic_446.wav,plastic,plastic
plastic_447.wav,plastic,plastic
plastic_448.wav,plastic,plastic
plastic_449.wav,plastic,plastic
plastic_450.wav,plastic,plastic
plastic_451.wav,plastic,plastic
plastic_452.wav,plastic,plastic
plastic_453.wav,plastic,plastic
plastic_454.wav,plastic,plastic
plastic_455.wav,plastic,plastic
plastic_456.wav,plastic,plastic
plastic_457.wav,plastic,plastic
plastic_458.wav,plastic,plastic
plastic_459.wav,plastic,plastic
plastic_460.wav,plastic,plastic
plastic_461.wav,plastic,plastic
plastic_462.wav,plastic,plastic
plastic_463.wav,plastic,plastic
plastic_464.wav,plastic,plastic
plastic_465.wav,plastic,plastic
plastic_466.wav,plastic,plastic
plastic_467.wav,plastic,plastic
plastic_468.wav,plastic,plastic
plastic_469.wav,plastic,plastic
plastic_470.wav,plastic,plastic
plastic_471.wav,plastic,plastic
plastic_472.wav,plastic,plastic
plastic_473.wav,plastic,plastic
plastic_474.wav,wood,plastic
plastic_475.wav,plastic,plastic
plastic_476.wav,plastic,plastic
plastic_477.wav,plastic,plastic
plastic_478.wav,plastic,plastic
plastic_479.wav,plastic,plastic
plastic_480.wav,plastic,plastic
plastic_481.wav,plastic,plastic
plastic_482.wav,plastic,plastic
plastic_483.wav,plastic,plastic
plastic_484.wav,plastic,plastic
plastic_485.wav,plastic,plastic
plastic_486.wav,plastic,plastic
plastic_487.wav,plastic,plastic
plastic_488.wav,plastic,plastic
plastic_489.wav,plastic,plastic
plastic_490.wav,plastic,plastic
plastic_491.wav,plastic,plastic
plastic_492.wav,plastic,plastic
plastic_493.wav,plastic,plastic
plastic_494.wav,plastic,plastic
plastic_495.wav,plastic,plastic
plastic_496.wav,plastic,plastic
plastic_497.wav,plastic,plastic
plastic_498.wav,plastic,plastic
plastic_499.wav,plastic,plastic
plastic_500.wav,plastic,plastic
plastic_501.wav,plastic,plastic
plastic_502.wav,plastic,plastic
plastic_503.wav,plastic,plastic
plastic_504.wav,plastic,plastic
plastic_505.wav,plastic,plastic
plastic_506.wav,plastic,plastic
plastic_507.wav,plastic,plastic
plastic_508.wav,plastic,plastic
plastic_509.wav,plastic,plastic
plastic_510.wav,plastic,plastic
plastic_511.wav,plastic,plastic
plastic_512.wav,plastic,plastic
plastic_513.wav,plastic,plastic
plastic_514.wav,plastic,plastic
plastic_515.wav,plastic,plastic
plastic_516.wav,plastic,plastic
plastic_517.wav,plastic,plastic
plastic_518.wav,plastic,plastic
plastic_519.wav,plastic,plastic
plastic_520.wav,plastic,plastic
plastic_521.wav,plastic,plastic
plastic_522.wav,plastic,plastic
plastic_523.wav,plastic,plastic
plastic_524.wav,plastic,plastic
plastic_525.wav,plastic,plastic
plastic_526.wav,plastic,plastic
plastic_527.wav,plastic,plastic
plastic_528.wav,plastic,plastic
plastic_529.wav,plastic,plastic
plastic_530.wav,plastic,plastic
plastic_531.wav,wood,plastic
plastic_532.wav,wood,plastic
plastic_533.wav,plastic,plastic
plastic_534.wav,plastic,plastic
plastic_535.wav,plastic,plastic
plastic_536.wav,plastic,plastic
plastic_537.wav,plastic,plastic
plastic_538.wav,plastic,plastic
plastic_539.wav,wood,plastic
plastic_540.wav,wood,plastic
plastic_541.wav,plastic,plastic
plastic_542.wav,plastic,plastic
plastic_543.wav,plastic,plastic
plastic_544.wav,wood,plastic
plastic_545.wav,plastic,plastic
plastic_546.wav,plastic,plastic
plastic_547.wav,plastic,plastic
plastic_548.wav,plastic,plastic
plastic_549.wav,plastic,plastic
plastic_550.wav,plastic,plastic
plastic_551.wav,plastic,plastic
plastic_552.wav,wood,plastic
plastic_553.wav,plastic,plastic
plastic_554.wav,wood,plastic
plastic_555.wav,plastic,plastic
plastic_556.wav,plastic,plastic
plastic_557.wav,plastic,plastic
plastic_558.wav,plastic,plastic
plastic_559.wav,plastic,plastic
plastic_560.wav,plastic,plastic
plastic_561.wav,plastic,plastic
plastic_562.wav,plastic,plastic
plastic_563.wav,plastic,plastic
plastic_564.wav,plastic,plastic
plastic_565.wav,plastic,plastic
plastic_566.wav,plastic,plastic
plastic_567.wav,plastic,plastic
plastic_568.wav,plastic,plastic
plastic_569.wav,plastic,plastic
plastic_570.wav,plastic,plastic
plastic_571.wav,plastic,plastic
plastic_572.wav,plastic,plastic
plastic_573.wav,plastic,plastic
plastic_574.wav,plastic,plastic
plastic_575.wav,plastic,plastic
plastic_576.wav,plastic,plastic
plastic_577.wav,plastic,plastic
plastic_578.wav,plastic,plastic
plastic_579.wav,plastic,plastic
plastic_580.wav,plastic,plastic
plastic_581.wav,plastic,plastic
plastic_582.wav,plastic,plastic
plastic_583.wav,plastic,plastic
plastic_584.wav,plastic,plastic
plastic_585.wav,plastic,plastic
plastic_586.wav,plastic,plastic
plastic_587.wav,plastic,plastic
plastic_588.wav,plastic,plastic
plastic_589.wav,plastic,plastic
plastic_590.wav,plastic,plastic
plastic_591.wav,plastic,plastic
plastic_592.wav,plastic,plastic
plastic_593.wav,plastic,plastic
plastic_594.wav,plastic,plastic
plastic_595.wav,plastic,plastic
plastic_596.wav,plastic,plastic
plastic_597.wav,plastic,plastic
plastic_598.wav,plastic,plastic
plastic_599.wav,plastic,plastic
plastic_600.wav,plastic,plastic
plastic_601.wav,plastic,plastic
plastic_602.wav,plastic,plastic
plastic_603.wav,plastic,plastic
plastic_604.wav,plastic,plastic
plastic_605.wav,plastic,plastic
plastic_606.wav,plastic,plastic
plastic_607.wav,plastic,plastic
plastic_608.wav,plastic,plastic
plastic_609.wav,plastic,plastic
plastic_610.wav,plastic,plastic
plastic_611.wav,plastic,plastic
plastic_612.wav,plastic,plastic
plastic_613.wav,plastic,plastic
plastic_614.wav,plastic,plastic
plastic_615.wav,plastic,plastic
plastic_616.wav,wood,plastic
plastic_617.wav,plastic,plastic
plastic_618.wav,plastic,plastic
plastic_619.wav,plastic,plastic
plastic_620.wav,plastic,plastic
plastic_621.wav,plastic,plastic
plastic_622.wav,plastic,plastic
plastic_623.wav,plastic,plastic
plastic_624.wav,plastic,plastic
plastic_625.wav,plastic,plastic
plastic_626.wav,plastic,plastic
plastic_627.wav,plastic,plastic
plastic_628.wav,plastic,plastic
plastic_629.wav,plastic,plastic
plastic_630.wav,plastic,plastic
plastic_631.wav,plastic,plastic
plastic_632.wav,plastic,plastic
plastic_633.wav,plastic,plastic
plastic_634.wav,plastic,plastic
plastic_635.wav,plastic,plastic
plastic_636.wav,plastic,plastic
plastic_637.wav,plastic,plastic
plastic_638.wav,plastic,plastic
plastic_639.wav,plastic,plastic
plastic_640.wav,plastic,plastic
plastic_641.wav,plastic,plastic
plastic_642.wav,plastic,plastic
plastic_643.wav,plastic,plastic
plastic_644.wav,plastic,plastic
plastic_645.wav,plastic,plastic
plastic_646.wav,plastic,plastic
plastic_647.wav,plastic,plastic
plastic_648.wav,plastic,plastic
plastic_649.wav,plastic,plastic
plastic_650.wav,plastic,plastic
plastic_651.wav,plastic,plastic
plastic_652.wav,plastic,plastic
plastic_653.wav,plastic,plastic
plastic_654.wav,plastic,plastic
plastic_655.wav,plastic,plastic
plastic_656.wav,plastic,plastic
plastic_657.wav,plastic,plastic
plastic_658.wav,plastic,plastic
plastic_659.wav,plastic,plastic
plastic_660.wav,plastic,plastic
plastic_661.wav,plastic,plastic
plastic_662.wav,plastic,plastic
plastic_663.wav,plastic,plastic
plastic_664.wav,plastic,plastic
plastic_665.wav,plastic,plastic
plastic_666.wav,plastic,plastic
plastic_667.wav,plastic,plastic
plastic_668.wav,plastic,plastic
plastic_669.wav,plastic,plastic
plastic_670.wav,plastic,plastic
plastic_671.wav,plastic,plastic
plastic_672.wav,plastic,plastic
plastic_673.wav,plastic,plastic
plastic_674.wav,plastic,plastic
plastic_675.wav,plastic,plastic
plastic_676.wav,plastic,plastic
plastic_677.wav,plastic,plastic
plastic_678.wav,plastic,plastic
plastic_679.wav,plastic,plastic
plastic_680.wav,plastic,plastic
plastic_681.wav,plastic,plastic
plastic_682.wav,plastic,plastic
plastic_683.wav,plastic,plastic
plastic_684.wav,plastic,plastic
plastic_685.wav,plastic,plastic
plastic_686.wav,plastic,plastic
plastic_687.wav,plastic,plastic
plastic_688.wav,plastic,plastic
plastic_689.wav,plastic,plastic
plastic_690.wav,plastic,plastic
plastic_691.wav,plastic,plastic
plastic_692.wav,plastic,plastic
plastic_693.wav,plastic,plastic
plastic_694.wav,plastic,plastic
plastic_695.wav,plastic,plastic
plastic_696.wav,plastic,plastic
plastic_697.wav,plastic,plastic
plastic_698.wav,plastic,plastic
plastic_699.wav,plastic,plastic
plastic_700.wav,plastic,plastic
plastic_701.wav,plastic,plastic
plastic_702.wav,plastic,plastic
plastic_703.wav,plastic,plastic
plastic_704.wav,plastic,plastic
plastic_705.wav,plastic,plastic
plastic_706.wav,plastic,plastic
plastic_707.wav,plastic,plastic
plastic_708.wav,plastic,plastic
plastic_709.wav,plastic,plastic
plastic_710.wav,plastic,plastic
plastic_711.wav,plastic,plastic
plastic_712.wav,plastic,plastic
plastic_713.wav,plastic,plastic
plastic_714.wav,plastic,plastic
plastic_715.wav,metal,plastic
plastic_716.wav,plastic,plastic
plastic_717.wav,plastic,plastic
plastic_718.wav,plastic,plastic
plastic_719.wav,plastic,plastic
plastic_720.wav,plastic,plastic
plastic_721.wav,plastic,plastic
plastic_722.wav,plastic,plastic
plastic_723.wav,plastic,plastic
plastic_724.wav,plastic,plastic
plastic_725.wav,plastic,plastic
plastic_726.wav,plastic,plastic
plastic_727.wav,plastic,plastic
plastic_728.wav,plastic,plastic
plastic_729.wav,plastic,plastic
plastic_730.wav,plastic,plastic
plastic_731.wav,plastic,plastic
plastic_732.wav,plastic,plastic
plastic_733.wav,plastic,plastic
plastic_734.wav,plastic,plastic
plastic_735.wav,plastic,plastic
plastic_736.wav,plastic,plastic
plastic_737.wav,plastic,plastic
plastic_738.wav,plastic,plastic
plastic_739.wav,plastic,plastic
plastic_740.wav,plastic,plastic
plastic_741.wav,plastic,plastic
plastic_742.wav,plastic,plastic
plastic_743.wav,metal,plastic
plastic_744.wav,plastic,plastic
plastic_745.wav,plastic,plastic
plastic_746.wav,plastic,plastic
plastic_747.wav,plastic,plastic
plastic_748.wav,plastic,plastic
plastic_749.wav,plastic,plastic
plastic_750.wav,plastic,plastic
plastic_751.wav,plastic,plastic
plastic_752.wav,plastic,plastic
plastic_753.wav,plastic,plastic
plastic_754.wav,plastic,plastic
plastic_755.wav,plastic,plastic
plastic_756.wav,plastic,plastic
plastic_757.wav,plastic,plastic
plastic_758.wav,plastic,plastic
plastic_759.wav,plastic,plastic
plastic_760.wav,plastic,plastic
plastic_761.wav,wood,plastic
plastic_762.wav,plastic,plastic
plastic_763.wav,plastic,plastic
plastic_764.wav,plastic,plastic
plastic_765.wav,plastic,plastic
plastic_766.wav,plastic,plastic
plastic_767.wav,plastic,plastic
plastic_768.wav,plastic,plastic
plastic_769.wav,plastic,plastic
plastic_770.wav,plastic,plastic
plastic_771.wav,plastic,plastic
plastic_772.wav,plastic,plastic
plastic_773.wav,plastic,plastic
plastic_774.wav,plastic,plastic
plastic_775.wav,plastic,plastic
plastic_776.wav,plastic,plastic
plastic_777.wav,plastic,plastic
plastic_778.wav,plastic,plastic
plastic_779.wav,plastic,plastic
plastic_780.wav,plastic,plastic
plastic_781.wav,plastic,plastic
plastic_782.wav,plastic,plastic
plastic_783.wav,plastic,plastic
plastic_784.wav,plastic,plastic
plastic_785.wav,plastic,plastic
plastic_786.wav,plastic,plastic
plastic_787.wav,plastic,plastic
plastic_788.wav,plastic,plastic
plastic_789.wav,plastic,plastic
plastic_790.wav,plastic,plastic
plastic_791.wav,plastic,plastic
plastic_792.wav,plastic,plastic
plastic_793.wav,plastic,plastic
plastic_794.wav,plastic,plastic
plastic_795.wav,plastic,plastic
plastic_796.wav,plastic,plastic
plastic_797.wav,heavy_equipment,plastic
plastic_798.wav,plastic,plastic
plastic_799.wav,plastic,plastic
plastic_800.wav,plastic,plastic
plastic_801.wav,plastic,plastic
plastic_802.wav,plastic,plastic
plastic_803.wav,plastic,plastic
plastic_804.wav,plastic,plastic
plastic_805.wav,plastic,plastic
plastic_806.wav,plastic,plastic
plastic_807.wav,plastic,plastic
plastic_808.wav,plastic,plastic
plastic_809.wav,plastic,plastic
plastic_810.wav,plastic,plastic
plastic_811.wav,plastic,plastic
plastic_812.wav,plastic,plastic
plastic_813.wav,plastic,plastic
plastic_814.wav,plastic,plastic
plastic_815.wav,plastic,plastic
plastic_816.wav,plastic,plastic
plastic_817.wav,plastic,plastic
plastic_818.wav,plastic,plastic
plastic_819.wav,plastic,plastic
plastic_820.wav,plastic,plastic
plastic_821.wav,plastic,plastic
plastic_822.wav,plastic,plastic
plastic_823.wav,plastic,plastic
plastic_824.wav,plastic,plastic
plastic_825.wav,plastic,plastic
plastic_826.wav,plastic,plastic
plastic_827.wav,plastic,plastic
plastic_828.wav,plastic,plastic
plastic_829.wav,plastic,plastic
plastic_830.wav,plastic,plastic
plastic_831.wav,plastic,plastic
plastic_832.wav,plastic,plastic
plastic_833.wav,plastic,plastic
plastic_834.wav,plastic,plastic
plastic_835.wav,plastic,plastic
plastic_836.wav,plastic,plastic
plastic_837.wav,plastic,plastic
plastic_838.wav,plastic,plastic
plastic_839.wav,plastic,plastic
plastic_840.wav,wood,plastic
plastic_841.wav,plastic,plastic
plastic_842.wav,metal,plastic
plastic_843.wav,plastic,plastic
plastic_844.wav,plastic,plastic
plastic_845.wav,plastic,plastic
plastic_846.wav,plastic,plastic
plastic_847.wav,plastic,plastic
plastic_848.wav,plastic,plastic
plastic_849.wav,plastic,plastic
plastic_850.wav,plastic,plastic
plastic_851.wav,plastic,plastic
plastic_852.wav,plastic,plastic
plastic_853.wav,plastic,plastic
plastic_854.wav,plastic,plastic
plastic_855.wav,plastic,plastic
plastic_856.wav,plastic,plastic
plastic_857.wav,plastic,plastic
plastic_858.wav,plastic,plastic
plastic_859.wav,plastic,plastic
plastic_860.wav,plastic,plastic
plastic_861.wav,plastic,plastic
plastic_862.wav,plastic,plastic
plastic_863.wav,plastic,plastic
plastic_864.wav,wood,plastic
plastic_865.wav,plastic,plastic
plastic_866.wav,plastic,plastic
plastic_867.wav,plastic,plastic
plastic_868.wav,plastic,plastic
plastic_869.wav,plastic,plastic
plastic_870.wav,plastic,plastic
plastic_871.wav,plastic,plastic
plastic_872.wav,plastic,plastic
plastic_873.wav,plastic,plastic
plastic_874.wav,plastic,plastic
plastic_875.wav,wood,plastic
plastic_876.wav,plastic,plastic
plastic_877.wav,plastic,plastic
plastic_878.wav,plastic,plastic
plastic_879.wav,plastic,plastic
plastic_880.wav,plastic,plastic
plastic_881.wav,plastic,plastic
plastic_882.wav,plastic,plastic
plastic_883.wav,plastic,plastic
plastic_884.wav,plastic,plastic
plastic_885.wav,plastic,plastic
plastic_886.wav,plastic,plastic
plastic_887.wav,plastic,plastic
plastic_888.wav,plastic,plastic
plastic_889.wav,plastic,plastic
plastic_890.wav,plastic,plastic
plastic_891.wav,plastic,plastic
plastic_892.wav,plastic,plastic
plastic_893.wav,plastic,plastic
plastic_894.wav,plastic,plastic
plastic_895.wav,plastic,plastic
plastic_896.wav,plastic,plastic
plastic_897.wav,plastic,plastic
plastic_898.wav,plastic,plastic
plastic_899.wav,plastic,plastic
plastic_900.wav,plastic,plastic
plastic_901.wav,plastic,plastic
plastic_902.wav,plastic,plastic
plastic_903.wav,plastic,plastic
plastic_904.wav,plastic,plastic
plastic_905.wav,plastic,plastic
plastic_906.wav,plastic,plastic
plastic_907.wav,plastic,plastic
plastic_908.wav,plastic,plastic
plastic_909.wav,plastic,plastic
plastic_910.wav,plastic,plastic
plastic_911.wav,plastic,plastic
plastic_912.wav,plastic,plastic
plastic_913.wav,plastic,plastic
plastic_914.wav,plastic,plastic
plastic_915.wav,plastic,plastic
plastic_916.wav,plastic,plastic
plastic_917.wav,plastic,plastic
plastic_918.wav,plastic,plastic
plastic_919.wav,plastic,plastic
plastic_920.wav,plastic,plastic
plastic_921.wav,plastic,plastic
plastic_922.wav,plastic,plastic
plastic_923.wav,plastic,plastic
plastic_924.wav,plastic,plastic
plastic_925.wav,plastic,plastic
plastic_926.wav,plastic,plastic
plastic_927.wav,plastic,plastic
plastic_928.wav,plastic,plastic
plastic_929.wav,plastic,plastic
plastic_930.wav,plastic,plastic
plastic_931.wav,metal,plastic
plastic_932.wav,plastic,plastic
plastic_933.wav,plastic,plastic
plastic_934.wav,plastic,plastic
plastic_935.wav,plastic,plastic
plastic_936.wav,plastic,plastic
plastic_937.wav,wood,plastic
plastic_938.wav,plastic,plastic
plastic_939.wav,plastic,plastic
plastic_940.wav,plastic,plastic
plastic_941.wav,plastic,plastic
plastic_942.wav,plastic,plastic
plastic_943.wav,plastic,plastic
plastic_944.wav,plastic,plastic
plastic_945.wav,plastic,plastic
plastic_946.wav,plastic,plastic
plastic_947.wav,plastic,plastic
plastic_948.wav,plastic,plastic
plastic_949.wav,plastic,plastic
plastic_950.wav,plastic,plastic
plastic_951.wav,plastic,plastic
plastic_952.wav,plastic,plastic
plastic_953.wav,plastic,plastic
plastic_954.wav,plastic,plastic
plastic_955.wav,plastic,plastic
plastic_956.wav,plastic,plastic
plastic_957.wav,plastic,plastic
plastic_958.wav,plastic,plastic
plastic_959.wav,wood,plastic
plastic_960.wav,plastic,plastic
plastic_961.wav,plastic,plastic
plastic_962.wav,plastic,plastic
plastic_963.wav,plastic,plastic
plastic_964.wav,plastic,plastic
plastic_965.wav,plastic,plastic
plastic_966.wav,plastic,plastic
plastic_967.wav,plastic,plastic
plastic_968.wav,plastic,plastic
plastic_969.wav,wood,plastic
plastic_970.wav,plastic,plastic
plastic_971.wav,plastic,plastic
plastic_972.wav,plastic,plastic
plastic_973.wav,metal,plastic
plastic_974.wav,plastic,plastic
plastic_975.wav,plastic,plastic
plastic_976.wav,plastic,plastic
plastic_977.wav,plastic,plastic
plastic_978.wav,plastic,plastic
plastic_979.wav,plastic,plastic
plastic_980.wav,plastic,plastic
plastic_981.wav,metal,plastic
plastic_982.wav,plastic,plastic
plastic_983.wav,plastic,plastic
plastic_984.wav,plastic,plastic
plastic_985.wav,plastic,plastic
plastic_986.wav,plastic,plastic
plastic_987.wav,plastic,plastic
plastic_988.wav,plastic,plastic
plastic_989.wav,plastic,plastic
plastic_990.wav,plastic,plastic
plastic_991.wav,plastic,plastic
plastic_992.wav,plastic,plastic
plastic_993.wav,plastic,plastic
plastic_994.wav,plastic,plastic
plastic_995.wav,plastic,plastic
plastic_996.wav,plastic,plastic
plastic_997.wav,plastic,plastic
plastic_998.wav,plastic,plastic
plastic_999.wav,plastic,plastic
plastic_1000.wav,plastic,plastic
rain_1.wav,rain,rain
rain_2.wav,rain,rain
rain_3.wav,rain,rain
rain_4.wav,rain,rain
rain_5.wav,water,rain
rain_6.wav,rain,rain
rain_7.wav,rain,rain
rain_8.wav,rain,rain
rain_9.wav,rain,rain
rain_10.wav,rain,rain
rain_11.wav,rain,rain
rain_12.wav,rain,rain
rain_13.wav,rain,rain
rain_14.wav,rain,rain
rain_15.wav,rain,rain
rain_16.wav,rain,rain
rain_17.wav,rain,rain
rain_18.wav,engine,rain
rain_19.wav,rain,rain
rain_20.wav,rain,rain
rain_21.wav,rain,rain
rain_22.wav,rain,rain
rain_23.wav,rain,rain
rain_24.wav,rain,rain
rain_25.wav,rain,rain
rain_26.wav,rain,rain
rain_27.wav,rain,rain
rain_28.wav,rain,rain
rain_29.wav,rain,rain
rain_30.wav,rain,rain
rain_31.wav,rain,rain
rain_32.wav,rain,rain
rain_33.wav,rain,rain
rain_34.wav,rain,rain
rain_35.wav,rain,rain
rain_36.wav,rain,rain
rain_37.wav,rain,rain
rain_38.wav,rain,rain
rain_39.wav,rain,rain
rain_40.wav,rain,rain
rain_41.wav,rain,rain
rain_42.wav,rain,rain
rain_43.wav,rain,rain
rain_44.wav,rain,rain
rain_45.wav,rain,rain
rain_46.wav,water,rain
rain_47.wav,rain,rain
rain_48.wav,rain,rain
rain_49.wav,rain,rain
rain_50.wav,rain,rain
rain_51.wav,water,rain
rain_52.wav,rain,rain
rain_53.wav,rain,rain
rain_54.wav,rain,rain
rain_55.wav,rain,rain
rain_56.wav,rain,rain
rain_57.wav,rain,rain
rain_58.wav,rain,rain
rain_59.wav,engine,rain
rain_60.wav,rain,rain
rain_61.wav,rain,rain
rain_62.wav,rain,rain
rain_63.wav,rain,rain
rain_64.wav,rain,rain
rain_65.wav,rain,rain
rain_66.wav,rain,rain
rain_67.wav,rain,rain
rain_68.wav,rain,rain
rain_69.wav,rain,rain
rain_70.wav,rain,rain
rain_71.wav,rain,rain
rain_72.wav,rain,rain
rain_73.wav,rain,rain
rain_74.wav,rain,rain
rain_75.wav,rain,rain
rain_76.wav,rain,rain
rain_77.wav,rain,rain
rain_78.wav,rain,rain
rain_79.wav,rain,rain
rain_80.wav,rain,rain
rain_81.wav,water,rain
rain_82.wav,rain,rain
rain_83.wav,rain,rain
rain_84.wav,rain,rain
rain_85.wav,rain,rain
rain_86.wav,rain,rain
rain_87.wav,engine,rain
rain_88.wav,rain,rain
rain_89.wav,rain,rain
rain_90.wav,rain,rain
rain_91.wav,rain,rain
rain_92.wav,rain,rain
rain_93.wav,rain,rain
rain_94.wav,rain,rain
rain_95.wav,rain,rain
rain_96.wav,rain,rain
rain_97.wav,rain,rain
rain_98.wav,rain,rain
rain_99.wav,water,rain
rain_100.wav,rain,rain
rain_101.wav,rain,rain
rain_102.wav,rain,rain
rain_103.wav,rain,rain
rain_104.wav,rain,rain
rain_105.wav,rain,rain
rain_106.wav,rain,rain
rain_107.wav,rain,rain
rain_108.wav,rain,rain
rain_109.wav,rain,rain
rain_110.wav,rain,rain
rain_111.wav,rain,rain
rain_112.wav,rain,rain
rain_113.wav,rain,rain
rain_114.wav,rain,rain
rain_115.wav,rain,rain
rain_116.wav,rain,rain
rain_117.wav,rain,rain
rain_118.wav,rain,rain
rain_119.wav,rain,rain
rain_120.wav,rain,rain
rain_121.wav,rain,rain
rain_122.wav,rain,rain
rain_123.wav,rain,rain
rain_124.wav,rain,rain
rain_125.wav,rain,rain
rain_126.wav,rain,rain
rain_127.wav,rain,rain
rain_128.wav,rain,rain
rain_129.wav,rain,rain
rain_130.wav,rain,rain
rain_131.wav,rain,rain
rain_132.wav,rain,rain
rain_133.wav,rain,rain
rain_134.wav,rain,rain
rain_135.wav,rain,rain
rain_136.wav,rain,rain
rain_137.wav,rain,rain
rain_138.wav,rain,rain
rain_139.wav,rain,rain
rain_140.wav,rain,rain
rain_141.wav,rain,rain
rain_142.wav,rain,rain
rain_143.wav,rain,rain
rain_144.wav,rain,rain
rain_145.wav,rain,rain
rain_146.wav,rain,rain
rain_147.wav,rain,rain
rain_148.wav,rain,rain
rain_149.wav,rain,rain
rain_150.wav,rain,rain
rain_151.wav,rain,rain
rain_152.wav,rain,rain
rain_153.wav,rain,rain
rain_154.wav,rain,rain
rain_155.wav,rain,rain
rain_156.wav,rain,rain
rain_157.wav,rain,rain
rain_158.wav,rain,rain
rain_159.wav,rain,rain
rain_160.wav,rain,rain
rain_161.wav,rain,rain
rain_162.wav,rain,rain
rain_163.wav,rain,rain
rain_164.wav,rain,rain
rain_165.wav,rain,rain
rain_166.wav,rain,rain
rain_167.wav,rain,rain
rain_168.wav,water,rain
rain_169.wav,rain,rain
rain_170.wav,rain,rain
rain_171.wav,rain,rain
rain_172.wav,rain,rain
rain_173.wav,rain,rain
rain_174.wav,rain,rain
rain_175.wav,rain,rain
rain_176.wav,engine,rain
rain_177.wav,rain,rain
rain_178.wav,rain,rain
rain_179.wav,rain,rain
rain_180.wav,rain,rain
rain_181.wav,rain,rain
rain_182.wav,rain,rain
rain_183.wav,rain,rain
rain_184.wav,rain,rain
rain_185.wav,rain,rain
rain_186.wav,rain,rain
rain_187.wav,rain,rain
rain_188.wav,rain,rain
rain_189.wav,rain,rain
rain_190.wav,rain,rain
rain_191.wav,rain,rain
rain_192.wav,rain,rain
rain_193.wav,rain,rain
rain_194.wav,rain,rain
rain_195.wav,rain,rain
rain_196.wav,rain,rain
rain_197.wav,rain,rain
rain_198.wav,rain,rain
rain_199.wav,rain,rain
rain_200.wav,rain,rain
rain_201.wav,rain,rain
rain_202.wav,rain,rain
rain_203.wav,rain,rain
rain_204.wav,rain,rain
rain_205.wav,rain,rain
rain_206.wav,rain,rain
rain_207.wav,rain,rain
rain_208.wav,rain,rain
rain_209.wav,rain,rain
rain_210.wav,rain,rain
rain_211.wav,rain,rain
rain_212.wav,rain,rain
rain_213.wav,rain,rain
rain_214.wav,rain,rain
rain_215.wav,rain,rain
rain_216.wav,rain,rain
rain_217.wav,rain,rain
rain_218.wav,rain,rain
rain_219.wav,rain,rain
rain_220.wav,rain,rain
rain_221.wav,rain,rain
rain_222.wav,rain,rain
rain_223.wav,rain,rain
rain_224.wav,engine,rain
rain_225.wav,rain,rain
rain_226.wav,rain,rain
rain_227.wav,rain,rain
rain_228.wav,rain,rain
rain_229.wav,rain,rain
rain_230.wav,rain,rain
rain_231.wav,rain,rain
rain_232.wav,rain,rain
rain_233.wav,rain,rain
rain_234.wav,rain,rain
rain_235.wav,rain,rain
rain_236.wav,rain,rain
rain_237.wav,rain,rain
rain_238.wav,rain,rain
rain_239.wav,rain,rain
rain_240.wav,rain,rain
rain_241.wav,rain,rain
rain_242.wav,rain,rain
rain_243.wav,rain,rain
rain_244.wav,rain,rain
rain_245.wav,rain,rain
rain_246.wav,rain,rain
rain_247.wav,rain,rain
rain_248.wav,rain,rain
rain_249.wav,rain,rain
rain_250.wav,rain,rain
rain_251.wav,rain,rain
rain_252.wav,rain,rain
rain_253.wav,rain,rain
rain_254.wav,rain,rain
rain_255.wav,rain,rain
rain_256.wav,rain,rain
rain_257.wav,rain,rain
rain_258.wav,rain,rain
rain_259.wav,rain,rain
rain_260.wav,rain,rain
rain_261.wav,rain,rain
rain_262.wav,rain,rain
rain_263.wav,rain,rain
rain_264.wav,rain,rain
rain_265.wav,rain,rain
rain_266.wav,rain,rain
rain_267.wav,rain,rain
rain_268.wav,rain,rain
rain_269.wav,rain,rain
rain_270.wav,rain,rain
rain_271.wav,rain,rain
rain_272.wav,rain,rain
rain_273.wav,rain,rain
rain_274.wav,rain,rain
rain_275.wav,rain,rain
rain_276.wav,rain,rain
rain_277.wav,rain,rain
rain_278.wav,rain,rain
rain_279.wav,rain,rain
rain_280.wav,rain,rain
rain_281.wav,rain,rain
rain_282.wav,rain,rain
rain_283.wav,rain,rain
rain_284.wav,rain,rain
rain_285.wav,rain,rain
rain_286.wav,rain,rain
rain_287.wav,rain,rain
rain_288.wav,rain,rain
rain_289.wav,engine,rain
rain_290.wav,rain,rain
rain_291.wav,rain,rain
rain_292.wav,rain,rain
rain_293.wav,rain,rain
rain_294.wav,rain,rain
rain_295.wav,rain,rain
rain_296.wav,rain,rain
rain_297.wav,rain,rain
rain_298.wav,rain,rain
rain_299.wav,rain,rain
rain_300.wav,rain,rain
rain_301.wav,rain,rain
rain_302.wav,rain,rain
rain_303.wav,rain,rain
rain_304.wav,rain,rain
rain_305.wav,rain,rain
rain_306.wav,rain,rain
rain_307.wav,rain,rain
rain_308.wav,rain,rain
rain_309.wav,rain,rain
rain_310.wav,rain,rain
rain_311.wav,rain,rain
rain_312.wav,rain,rain
rain_313.wav,rain,rain
rain_314.wav,rain,rain
rain_315.wav,rain,rain
rain_316.wav,rain,rain
rain_317.wav,rain,rain
rain_318.wav,rain,rain
rain_319.wav,rain,rain
rain_320.wav,rain,rain
rain_321.wav,rain,rain
rain_322.wav,rain,rain
rain_323.wav,rain,rain
rain_324.wav,rain,rain
rain_325.wav,rain,rain
rain_326.wav,rain,rain
rain_327.wav,rain,rain
rain_328.wav,rain,rain
rain_329.wav,rain,rain
rain_330.wav,rain,rain
rain_331.wav,rain,rain
rain_332.wav,rain,rain
rain_333.wav,rain,rain
rain_334.wav,rain,rain
rain_335.wav,rain,rain
rain_336.wav,water,rain
rain_337.wav,engine,rain
rain_338.wav,rain,rain
rain_339.wav,rain,rain
rain_340.wav,rain,rain
rain_341.wav,rain,rain
rain_342.wav,rain,rain
rain_343.wav,rain,rain
rain_344.wav,rain,rain
rain_345.wav,rain,rain
rain_346.wav,rain,rain
rain_347.wav,rain,rain
rain_348.wav,rain,rain
rain_349.wav,rain,rain
rain_350.wav,rain,rain
rain_351.wav,rain,rain
rain_352.wav,rain,rain
rain_353.wav,rain,rain
rain_354.wav,rain,rain
rain_355.wav,rain,rain
rain_356.wav,rain,rain
rain_357.wav,rain,rain
rain_358.wav,rain,rain
rain_359.wav,rain,rain
rain_360.wav,engine,rain
rain_361.wav,rain,rain
rain_362.wav,engine,rain
rain_363.wav,rain,rain
rain_364.wav,rain,rain
rain_365.wav,rain,rain
rain_366.wav,rain,rain
rain_367.wav,rain,rain
rain_368.wav,rain,rain
rain_369.wav,rain,rain
rain_370.wav,rain,rain
rain_371.wav,rain,rain
rain_372.wav,rain,rain
rain_373.wav,rain,rain
rain_374.wav,rain,rain
rain_375.wav,water,rain
rain_376.wav,rain,rain
rain_377.wav,rain,rain
rain_378.wav,rain,rain
rain_379.wav,rain,rain
rain_380.wav,rain,rain
rain_381.wav,rain,rain
rain_382.wav,rain,rain
rain_383.wav,rain,rain
rain_384.wav,rain,rain
rain_385.wav,rain,rain
rain_386.wav,rain,rain
rain_387.wav,rain,rain
rain_388.wav,rain,rain
rain_389.wav,rain,rain
rain_390.wav,rain,rain
rain_391.wav,engine,rain
rain_392.wav,rain,rain
rain_393.wav,rain,rain
rain_394.wav,rain,rain
rain_395.wav,rain,rain
rain_396.wav,rain,rain
rain_397.wav,rain,rain
rain_398.wav,rain,rain
rain_399.wav,rain,rain
rain_400.wav,rain,rain
rain_401.wav,rain,rain
rain_402.wav,rain,rain
rain_403.wav,rain,rain
rain_404.wav,rain,rain
rain_405.wav,rain,rain
rain_406.wav,rain,rain
rain_407.wav,rain,rain
rain_408.wav,rain,rain
rain_409.wav,rain,rain
rain_410.wav,rain,rain
rain_411.wav,rain,rain
rain_412.wav,rain,rain
rain_413.wav,rain,rain
rain_414.wav,rain,rain
rain_415.wav,rain,rain
rain_416.wav,rain,rain
rain_417.wav,rain,rain
rain_418.wav,rain,rain
rain_419.wav,rain,rain
rain_420.wav,rain,rain
rain_421.wav,rain,rain
rain_422.wav,rain,rain
rain_423.wav,rain,rain
rain_424.wav,rain,rain
rain_425.wav,rain,rain
rain_426.wav,rain,rain
rain_427.wav,rain,rain
rain_428.wav,rain,rain
rain_429.wav,rain,rain
rain_430.wav,rain,rain
rain_431.wav,rain,rain
rain_432.wav,rain,rain
rain_433.wav,rain,rain
rain_434.wav,rain,rain
rain_435.wav,rain,rain
rain_436.wav,rain,rain
rain_437.wav,rain,rain
rain_438.wav,rain,rain
rain_439.wav,rain,rain
rain_440.wav,rain,rain
rain_441.wav,rain,rain
rain_442.wav,rain,rain
rain_443.wav,rain,rain
rain_444.wav,rain,rain
rain_445.wav,rain,rain
rain_446.wav,engine,rain
rain_447.wav,rain,rain
rain_448.wav,rain,rain
rain_449.wav,rain,rain
rain_450.wav,rain,rain
rain_451.wav,rain,rain
rain_452.wav,rain,rain
rain_453.wav,rain,rain
rain_454.wav,rain,rain
rain_455.wav,rain,rain
rain_456.wav,rain,rain
rain_457.wav,rain,rain
rain_458.wav,rain,rain
rain_459.wav,rain,rain
rain_460.wav,rain,rain
rain_461.wav,rain,rain
rain_462.wav,rain,rain
rain_463.wav,rain,rain
rain_464.wav,rain,rain
rain_465.wav,rain,rain
rain_466.wav,rain,rain
rain_467.wav,rain,rain
rain_468.wav,rain,rain
rain_469.wav,rain,rain
rain_470.wav,rain,rain
rain_471.wav,rain,rain
rain_472.wav,rain,rain
rain_473.wav,rain,rain
rain_474.wav,rain,rain
rain_475.wav,rain,rain
rain_476.wav,engine,rain
rain_477.wav,rain,rain
rain_478.wav,rain,rain
rain_479.wav,rain,rain
rain_480.wav,rain,rain
rain_481.wav,rain,rain
rain_482.wav,rain,rain
rain_483.wav,rain,rain
rain_484.wav,rain,rain
rain_485.wav,rain,rain
rain_486.wav,rain,rain
rain_487.wav,rain,rain
rain_488.wav,rain,rain
rain_489.wav,rain,rain
rain_490.wav,rain,rain
rain_491.wav,rain,rain
rain_492.wav,rain,rain
rain_493.wav,rain,rain
rain_494.wav,rain,rain
rain_495.wav,rain,rain
rain_496.wav,rain,rain
rain_497.wav,rain,rain
rain_498.wav,rain,rain
rain_499.wav,rain,rain
rain_500.wav,rain,rain
rain_501.wav,rain,rain
rain_502.wav,rain,rain
rain_503.wav,rain,rain
rain_504.wav,rain,rain
rain_505.wav,rain,rain
rain_506.wav,rain,rain
rain_507.wav,rain,rain
rain_508.wav,rain,rain
rain_509.wav,rain,rain
rain_510.wav,rain,rain
rain_511.wav,rain,rain
rain_512.wav,rain,rain
rain_513.wav,rain,rain
rain_514.wav,rain,rain
rain_515.wav,rain,rain
rain_516.wav,rain,rain
rain_517.wav,rain,rain
rain_518.wav,rain,rain
rain_519.wav,rain,rain
rain_520.wav,rain,rain
rain_521.wav,rain,rain
rain_522.wav,rain,rain
rain_523.wav,rain,rain
rain_524.wav,rain,rain
rain_525.wav,rain,rain
rain_526.wav,rain,rain
rain_527.wav,rain,rain
rain_528.wav,rain,rain
rain_529.wav,rain,rain
rain_530.wav,rain,rain
rain_531.wav,rain,rain
rain_532.wav,rain,rain
rain_533.wav,rain,rain
rain_534.wav,rain,rain
rain_535.wav,rain,rain
rain_536.wav,rain,rain
rain_537.wav,rain,rain
rain_538.wav,engine,rain
rain_539.wav,rain,rain
rain_540.wav,rain,rain
rain_541.wav,rain,rain
rain_542.wav,rain,rain
rain_543.wav,rain,rain
rain_544.wav,rain,rain
rain_545.wav,rain,rain
rain_546.wav,rain,rain
rain_547.wav,rain,rain
rain_548.wav,rain,rain
rain_549.wav,rain,rain
rain_550.wav,rain,rain
rain_551.wav,rain,rain
rain_552.wav,rain,rain
rain_553.wav,water,rain
rain_554.wav,rain,rain
rain_555.wav,rain,rain
rain_556.wav,rain,rain
rain_557.wav,rain,rain
rain_558.wav,rain,rain
rain_559.wav,rain,rain
rain_560.wav,rain,rain
rain_561.wav,rain,rain
rain_562.wav,rain,rain
rain_563.wav,rain,rain
rain_564.wav,rain,rain
rain_565.wav,rain,rain
rain_566.wav,rain,rain
rain_567.wav,rain,rain
rain_568.wav,rain,rain
rain_569.wav,rain,rain
rain_570.wav,rain,rain
rain_571.wav,rain,rain
rain_572.wav,rain,rain
rain_573.wav,rain,rain
rain_574.wav,rain,rain
rain_575.wav,rain,rain
rain_576.wav,rain,rain
rain_577.wav,rain,rain
rain_578.wav,rain,rain
rain_579.wav,rain,rain
rain_580.wav,rain,rain
rain_581.wav,rain,rain
rain_582.wav,rain,rain
rain_583.wav,rain,rain
rain_584.wav,rain,rain
rain_585.wav,rain,rain
rain_586.wav,rain,rain
rain_587.wav,rain,rain
rain_588.wav,rain,rain
rain_589.wav,rain,rain
rain_590.wav,rain,rain
rain_591.wav,water,rain
rain_592.wav,rain,rain
rain_593.wav,rain,rain
rain_594.wav,rain,rain
rain_595.wav,rain,rain
rain_596.wav,rain,rain
rain_597.wav,rain,rain
rain_598.wav,rain,rain
rain_599.wav,rain,rain
rain_600.wav,rain,rain
rain_601.wav,rain,rain
rain_602.wav,rain,rain
rain_603.wav,rain,rain
rain_604.wav,rain,rain
rain_605.wav,rain,rain
rain_606.wav,rain,rain
rain_607.wav,rain,rain
rain_608.wav,rain,rain
rain_609.wav,rain,rain
rain_610.wav,rain,rain
rain_611.wav,rain,rain
rain_612.wav,water,rain
rain_613.wav,rain,rain
rain_614.wav,rain,rain
rain_615.wav,rain,rain
rain_616.wav,rain,rain
rain_617.wav,rain,rain
rain_618.wav,rain,rain
rain_619.wav,rain,rain
rain_620.wav,rain,rain
rain_621.wav,rain,rain
rain_622.wav,rain,rain
rain_623.wav,rain,rain
rain_624.wav,rain,rain
rain_625.wav,rain,rain
rain_626.wav,rain,rain
rain_627.wav,rain,rain
rain_628.wav,rain,rain
rain_629.wav,rain,rain
rain_630.wav,rain,rain
rain_631.wav,rain,rain
rain_632.wav,rain,rain
rain_633.wav,rain,rain
rain_634.wav,rain,rain
rain_635.wav,rain,rain
rain_636.wav,water,rain
rain_637.wav,rain,rain
rain_638.wav,rain,rain
rain_639.wav,rain,rain
rain_640.wav,rain,rain
rain_641.wav,rain,rain
rain_642.wav,rain,rain
rain_643.wav,rain,rain
rain_644.wav,rain,rain
rain_645.wav,rub,rain
rain_646.wav,rain,rain
rain_647.wav,rain,rain
rain_648.wav,rain,rain
rain_649.wav,rain,rain
rain_650.wav,rain,rain
rain_651.wav,rain,rain
rain_652.wav,rain,rain
rain_653.wav,rain,rain
rain_654.wav,rain,rain
rain_655.wav,rain,rain
rain_656.wav,rain,rain
rain_657.wav,rain,rain
rain_658.wav,rain,rain
rain_659.wav,rain,rain
rain_660.wav,rain,rain
rain_661.wav,rain,rain
rain_662.wav,rain,rain
rain_663.wav,rain,rain
rain_664.wav,rain,rain
rain_665.wav,rain,rain
rain_666.wav,rain,rain
rain_667.wav,rain,rain
rain_668.wav,rain,rain
rain_669.wav,rain,rain
rain_670.wav,rain,rain
rain_671.wav,rain,rain
rain_672.wav,rain,rain
rain_673.wav,rain,rain
rain_674.wav,rain,rain
rain_675.wav,rain,rain
rain_676.wav,rain,rain
rain_677.wav,water,rain
rain_678.wav,rain,rain
rain_679.wav,rain,rain
rain_680.wav,rain,rain
rain_681.wav,rain,rain
rain_682.wav,rain,rain
rain_683.wav,rain,rain
rain_684.wav,rain,rain
rain_685.wav,rain,rain
rain_686.wav,rain,rain
rain_687.wav,rain,rain
rain_688.wav,rain,rain
rain_689.wav,rain,rain
rain_690.wav,rain,rain
rain_691.wav,rain,rain
rain_692.wav,rain,rain
rain_693.wav,rain,rain
rain_694.wav,rain,rain
rain_695.wav,rain,rain
rain_696.wav,rain,rain
rain_697.wav,rain,rain
rain_698.wav,rain,rain
rain_699.wav,rain,rain
rain_700.wav,rain,rain
rain_701.wav,rain,rain
rain_702.wav,rain,rain
rain_703.wav,rain,rain
rain_704.wav,rain,rain
rain_705.wav,rain,rain
rain_706.wav,rain,rain
rain_707.wav,rain,rain
rain_708.wav,rain,rain
rain_709.wav,rain,rain
rain_710.wav,rain,rain
rain_711.wav,rain,rain
rain_712.wav,rain,rain
rain_713.wav,rain,rain
rain_714.wav,rain,rain
rain_715.wav,rain,rain
rain_716.wav,rain,rain
rain_717.wav,rain,rain
rain_718.wav,rain,rain
rain_719.wav,rain,rain
rain_720.wav,rain,rain
rain_721.wav,rain,rain
rain_722.wav,rain,rain
rain_723.wav,engine,rain
rain_724.wav,rain,rain
rain_725.wav,rain,rain
rain_726.wav,rain,rain
rain_727.wav,rain,rain
rain_728.wav,rain,rain
rain_729.wav,rain,rain
rain_730.wav,rain,rain
rain_731.wav,rain,rain
rain_732.wav,rain,rain
rain_733.wav,rain,rain
rain_734.wav,rain,rain
rain_735.wav,rain,rain
rain_736.wav,rain,rain
rain_737.wav,rain,rain
rain_738.wav,rain,rain
rain_739.wav,rain,rain
rain_740.wav,rain,rain
rain_741.wav,rain,rain
rain_742.wav,rain,rain
rain_743.wav,rain,rain
rain_744.wav,rain,rain
rain_745.wav,rain,rain
rain_746.wav,rain,rain
rain_747.wav,rain,rain
rain_748.wav,rain,rain
rain_749.wav,rain,rain
rain_750.wav,rain,rain
rain_751.wav,rain,rain
rain_752.wav,rain,rain
rain_753.wav,water,rain
rain_754.wav,rain,rain
rain_755.wav,rain,rain
rain_756.wav,rain,rain
rain_757.wav,rain,rain
rain_758.wav,rain,rain
rain_759.wav,rain,rain
rain_760.wav,rain,rain
rain_761.wav,rain,rain
rain_762.wav,rain,rain
rain_763.wav,rain,rain
rain_764.wav,rain,rain
rain_765.wav,rain,rain
rain_766.wav,rain,rain
rain_767.wav,rain,rain
rain_768.wav,rain,rain
rain_769.wav,rain,rain
rain_770.wav,rain,rain
rain_771.wav,rain,rain
rain_772.wav,rain,rain
rain_773.wav,rain,rain
rain_774.wav,rain,rain
rain_775.wav,rain,rain
rain_776.wav,rain,rain
rain_777.wav,rain,rain
rain_778.wav,rain,rain
rain_779.wav,rain,rain
rain_780.wav,rain,rain
rain_781.wav,rain,rain
rain_782.wav,rain,rain
rain_783.wav,rain,rain
rain_784.wav,rain,rain
rain_785.wav,rain,rain
rain_786.wav,rain,rain
rain_787.wav,rain,rain
rain_788.wav,rain,rain
rain_789.wav,rain,rain
rain_790.wav,rain,rain
rain_791.wav,rain,rain
rain_792.wav,rain,rain
rain_793.wav,rain,rain
rain_794.wav,rain,rain
rain_795.wav,rain,rain
rain_796.wav,rain,rain
rain_797.wav,rain,rain
rain_798.wav,rain,rain
rain_799.wav,rain,rain
rain_800.wav,rain,rain
rain_801.wav,rain,rain
rain_802.wav,rain,rain
rain_803.wav,rain,rain
rain_804.wav,rain,rain
rain_805.wav,rain,rain
rain_806.wav,rain,rain
rain_807.wav,rain,rain
rain_808.wav,rain,rain
rain_809.wav,rain,rain
rain_810.wav,rain,rain
rain_811.wav,rain,rain
rain_812.wav,rain,rain
rain_813.wav,rain,rain
rain_814.wav,rain,rain
rain_815.wav,rain,rain
rain_816.wav,rain,rain
rain_817.wav,rain,rain
rain_818.wav,rain,rain
rain_819.wav,rain,rain
rain_820.wav,rain,rain
rain_821.wav,rain,rain
rain_822.wav,rain,rain
rain_823.wav,rain,rain
rain_824.wav,rain,rain
rain_825.wav,rain,rain
rain_826.wav,rain,rain
rain_827.wav,rain,rain
rain_828.wav,rain,rain
rain_829.wav,rain,rain
rain_830.wav,rain,rain
rain_831.wav,rain,rain
rain_832.wav,rain,rain
rain_833.wav,rain,rain
rain_834.wav,rain,rain
rain_835.wav,rain,rain
rain_836.wav,rain,rain
rain_837.wav,rain,rain
rain_838.wav,rain,rain
rain_839.wav,rain,rain
rain_840.wav,rain,rain
rain_841.wav,rain,rain
rain_842.wav,rain,rain
rain_843.wav,rain,rain
rain_844.wav,rain,rain
rain_845.wav,rain,rain
rain_846.wav,water,rain
rain_847.wav,rain,rain
rain_848.wav,rain,rain
rain_849.wav,rain,rain
rain_850.wav,rain,rain
rain_851.wav,rain,rain
rain_852.wav,rain,rain
rain_853.wav,rain,rain
rain_854.wav,rain,rain
rain_855.wav,rain,rain
rain_856.wav,rain,rain
rain_857.wav,rain,rain
rain_858.wav,rain,rain
rain_859.wav,rain,rain
rain_860.wav,rain,rain
rain_861.wav,rain,rain
rain_862.wav,rain,rain
rain_863.wav,rain,rain
rain_864.wav,rain,rain
rain_865.wav,rain,rain
rain_866.wav,rain,rain
rain_867.wav,rain,rain
rain_868.wav,rain,rain
rain_869.wav,rain,rain
rain_870.wav,rain,rain
rain_871.wav,rain,rain
rain_872.wav,rain,rain
rain_873.wav,rain,rain
rain_874.wav,rain,rain
rain_875.wav,rain,rain
rain_876.wav,rain,rain
rain_877.wav,rain,rain
rain_878.wav,rain,rain
rain_879.wav,rain,rain
rain_880.wav,rain,rain
rain_881.wav,rain,rain
rain_882.wav,rain,rain
rain_883.wav,rain,rain
rain_884.wav,rain,rain
rain_885.wav,rain,rain
rain_886.wav,water,rain
rain_887.wav,rain,rain
rain_888.wav,rain,rain
rain_889.wav,rain,rain
rain_890.wav,rain,rain
rain_891.wav,rain,rain
rain_892.wav,rain,rain
rain_893.wav,rain,rain
rain_894.wav,rain,rain
rain_895.wav,rain,rain
rain_896.wav,rain,rain
rain_897.wav,rain,rain
rain_898.wav,rain,rain
rain_899.wav,rain,rain
rain_900.wav,rain,rain
rain_901.wav,rain,rain
rain_902.wav,rain,rain
rain_903.wav,rain,rain
rain_904.wav,rain,rain
rain_905.wav,rain,rain
rain_906.wav,rain,rain
rain_907.wav,rain,rain
rain_908.wav,rain,rain
rain_909.wav,rain,rain
rain_910.wav,rain,rain
rain_911.wav,rain,rain
rain_912.wav,rain,rain
rain_913.wav,rain,rain
rain_914.wav,rain,rain
rain_915.wav,rain,rain
rain_916.wav,rain,rain
rain_917.wav,rain,rain
rain_918.wav,rain,rain
rain_919.wav,rain,rain
rain_920.wav,rain,rain
rain_921.wav,rain,rain
rain_922.wav,rain,rain
rain_923.wav,rain,rain
rain_924.wav,rain,rain
rain_925.wav,engine,rain
rain_926.wav,rain,rain
rain_927.wav,rain,rain
rain_928.wav,rain,rain
rain_929.wav,rain,rain
rain_930.wav,rain,rain
rain_931.wav,rain,rain
rain_932.wav,rain,rain
rain_933.wav,rain,rain
rain_934.wav,rain,rain
rain_935.wav,rain,rain
rain_936.wav,rain,rain
rain_937.wav,rain,rain
rain_938.wav,rain,rain
rain_939.wav,rain,rain
rain_940.wav,rain,rain
rain_941.wav,rain,rain
rain_942.wav,rain,rain
rain_943.wav,rain,rain
rain_944.wav,rain,rain
rain_945.wav,rain,rain
rain_946.wav,rain,rain
rain_947.wav,rain,rain
rain_948.wav,rain,rain
rain_949.wav,rain,rain
rain_950.wav,rain,rain
rain_951.wav,rain,rain
rain_952.wav,rain,rain
rain_953.wav,rain,rain
rain_954.wav,rain,rain
rain_955.wav,rain,rain
rain_956.wav,rain,rain
rain_957.wav,rain,rain
rain_958.wav,rain,rain
rain_959.wav,rain,rain
rain_960.wav,rain,rain
rain_961.wav,rain,rain
rain_962.wav,rain,rain
rain_963.wav,rain,rain
rain_964.wav,rain,rain
rain_965.wav,rain,rain
rain_966.wav,rain,rain
rain_967.wav,rain,rain
rain_968.wav,rain,rain
rain_969.wav,rain,rain
rain_970.wav,rain,rain
rain_971.wav,rain,rain
rain_972.wav,rain,rain
rain_973.wav,rain,rain
rain_974.wav,rain,rain
rain_975.wav,rain,rain
rain_976.wav,rain,rain
rain_977.wav,rain,rain
rain_978.wav,rain,rain
rain_979.wav,rain,rain
rain_980.wav,rain,rain
rain_981.wav,water,rain
rain_982.wav,rain,rain
rain_983.wav,rain,rain
rain_984.wav,rain,rain
rain_985.wav,rain,rain
rain_986.wav,rain,rain
rain_987.wav,rain,rain
rain_988.wav,rain,rain
rain_989.wav,rain,rain
rain_990.wav,rain,rain
rain_991.wav,rain,rain
rain_992.wav,rain,rain
rain_993.wav,rain,rain
rain_994.wav,rain,rain
rain_995.wav,rain,rain
rain_996.wav,rain,rain
rain_997.wav,rain,rain
rain_998.wav,rain,rain
rain_999.wav,rain,rain
rain_1000.wav,rain,rain
wood_1.wav,wood,wood
wood_2.wav,wood,wood
wood_3.wav,wood,wood
wood_4.wav,wood,wood
wood_5.wav,wood,wood
wood_6.wav,wood,wood
wood_7.wav,wood,wood
wood_8.wav,wood,wood
wood_9.wav,wood,wood
wood_10.wav,wood,wood
wood_11.wav,wood,wood
wood_12.wav,wood,wood
wood_13.wav,wood,wood
wood_14.wav,wood,wood
wood_15.wav,wood,wood
wood_16.wav,wood,wood
wood_17.wav,wood,wood
wood_18.wav,wood,wood
wood_19.wav,wood,wood
wood_20.wav,wood,wood
wood_21.wav,wood,wood
wood_22.wav,wood,wood
wood_23.wav,wood,wood
wood_24.wav,wood,wood
wood_25.wav,wood,wood
wood_26.wav,wood,wood
wood_27.wav,wood,wood
wood_28.wav,wood,wood
wood_29.wav,wood,wood
wood_30.wav,wood,wood
wood_31.wav,wood,wood
wood_32.wav,wood,wood
wood_33.wav,wood,wood
wood_34.wav,wood,wood
wood_35.wav,wood,wood
wood_36.wav,wood,wood
wood_37.wav,wood,wood
wood_38.wav,wood,wood
wood_39.wav,wood,wood
wood_40.wav,wood,wood
wood_41.wav,wood,wood
wood_42.wav,wood,wood
wood_43.wav,wood,wood
wood_44.wav,wood,wood
wood_45.wav,wood,wood
wood_46.wav,wood,wood
wood_47.wav,wood,wood
wood_48.wav,wood,wood
wood_49.wav,wood,wood
wood_50.wav,wood,wood
wood_51.wav,wood,wood
wood_52.wav,wood,wood
wood_53.wav,wood,wood
wood_54.wav,wood,wood
wood_55.wav,wood,wood
wood_56.wav,wood,wood
wood_57.wav,wood,wood
wood_58.wav,wood,wood
wood_59.wav,wood,wood
wood_60.wav,wood,wood
wood_61.wav,wood,wood
wood_62.wav,wood,wood
wood_63.wav,wood,wood
wood_64.wav,wood,wood
wood_65.wav,wood,wood
wood_66.wav,wood,wood
wood_67.wav,wood,wood
wood_68.wav,wood,wood
wood_69.wav,wood,wood
wood_70.wav,wood,wood
wood_71.wav,wood,wood
wood_72.wav,wood,wood
wood_73.wav,wood,wood
wood_74.wav,wood,wood
wood_75.wav,wood,wood
wood_76.wav,wood,wood
wood_77.wav,wood,wood
wood_78.wav,wood,wood
wood_79.wav,wood,wood
wood_80.wav,wood,wood
wood_81.wav,wood,wood
wood_82.wav,wood,wood
wood_83.wav,wood,wood
wood_84.wav,wood,wood
wood_85.wav,wood,wood
wood_86.wav,wood,wood
wood_87.wav,wood,wood
wood_88.wav,wood,wood
wood_89.wav,wood,wood
wood_90.wav,wood,wood
wood_91.wav,wood,wood
wood_92.wav,wood,wood
wood_93.wav,wood,wood
wood_94.wav,wood,wood
wood_95.wav,wood,wood
wood_96.wav,wood,wood
wood_97.wav,wood,wood
wood_98.wav,wood,wood
wood_99.wav,wood,wood
wood_100.wav,wood,wood
wood_101.wav,wood,wood
wood_102.wav,wood,wood
wood_103.wav,wood,wood
wood_104.wav,wood,wood
wood_105.wav,wood,wood
wood_106.wav,wood,wood
wood_107.wav,wood,wood
wood_108.wav,wood,wood
wood_109.wav,wood,wood
wood_110.wav,wood,wood
wood_111.wav,wood,wood
wood_112.wav,wood,wood
wood_113.wav,wood,wood
wood_114.wav,wood,wood
wood_115.wav,wood,wood
wood_116.wav,telephone_bell,wood
wood_117.wav,wood,wood
wood_118.wav,wood,wood
wood_119.wav,wood,wood
wood_120.wav,wood,wood
wood_121.wav,wood,wood
wood_122.wav,wood,wood
wood_123.wav,wood,wood
wood_124.wav,wood,wood
wood_125.wav,wood,wood
wood_126.wav,wood,wood
wood_127.wav,wood,wood
wood_128.wav,wood,wood
wood_129.wav,wood,wood
wood_130.wav,wood,wood
wood_131.wav,wood,wood
wood_132.wav,wood,wood
wood_133.wav,wood,wood
wood_134.wav,wood,wood
wood_135.wav,wood,wood
wood_136.wav,wood,wood
wood_137.wav,wood,wood
wood_138.wav,wood,wood
wood_139.wav,wood,wood
wood_140.wav,wood,wood
wood_141.wav,wood,wood
wood_142.wav,wood,wood
wood_143.wav,wood,wood
wood_144.wav,wood,wood
wood_145.wav,wood,wood
wood_146.wav,wood,wood
wood_147.wav,wood,wood
wood_148.wav,wood,wood
wood_149.wav,wood,wood
wood_150.wav,wood,wood
wood_151.wav,wood,wood
wood_152.wav,wood,wood
wood_153.wav,wood,wood
wood_154.wav,wood,wood
wood_155.wav,wood,wood
wood_156.wav,wood,wood
wood_157.wav,wood,wood
wood_158.wav,wood,wood
wood_159.wav,wood,wood
wood_160.wav,wood,wood
wood_161.wav,wood,wood
wood_162.wav,wood,wood
wood_163.wav,wood,wood
wood_164.wav,wood,wood
wood_165.wav,wood,wood
wood_166.wav,wood,wood
wood_167.wav,wood,wood
wood_168.wav,wood,wood
wood_169.wav,wood,wood
wood_170.wav,wood,wood
wood_171.wav,wood,wood
wood_172.wav,wood,wood
wood_173.wav,wood,wood
wood_174.wav,wood,wood
wood_175.wav,wood,wood
wood_176.wav,wood,wood
wood_177.wav,wood,wood
wood_178.wav,wood,wood
wood_179.wav,wood,wood
wood_180.wav,wood,wood
wood_181.wav,wood,wood
wood_182.wav,wood,wood
wood_183.wav,wood,wood
wood_184.wav,wood,wood
wood_185.wav,wood,wood
wood_186.wav,wood,wood
wood_187.wav,wood,wood
wood_188.wav,wood,wood
wood_189.wav,wood,wood
wood_190.wav,wood,wood
wood_191.wav,wood,wood
wood_192.wav,wood,wood
wood_193.wav,wood,wood
wood_194.wav,wood,wood
wood_195.wav,wood,wood
wood_196.wav,wood,wood
wood_197.wav,wood,wood
wood_198.wav,wood,wood
wood_199.wav,wood,wood
wood_200.wav,wood,wood
wood_201.wav,wood,wood
wood_202.wav,wood,wood
wood_203.wav,wood,wood
wood_204.wav,wood,wood
wood_205.wav,wood,wood
wood_206.wav,wood,wood
wood_207.wav,wood,wood
wood_208.wav,wood,wood
wood_209.wav,wood,wood
wood_210.wav,wood,wood
wood_211.wav,wood,wood
wood_212.wav,wood,wood
wood_213.wav,wood,wood
wood_214.wav,wood,wood
wood_215.wav,wood,wood
wood_216.wav,wood,wood
wood_217.wav,wood,wood
wood_218.wav,wood,wood
wood_219.wav,wood,wood
wood_220.wav,wood,wood
wood_221.wav,wood,wood
wood_222.wav,wood,wood
wood_223.wav,wood,wood
wood_224.wav,wood,wood
wood_225.wav,wood,wood
wood_226.wav,wood,wood
wood_227.wav,wood,wood
wood_228.wav,wood,wood
wood_229.wav,wood,wood
wood_230.wav,wood,wood
wood_231.wav,wood,wood
wood_232.wav,wood,wood
wood_233.wav,wood,wood
wood_234.wav,wood,wood
wood_235.wav,wood,wood
wood_236.wav,wood,wood
wood_237.wav,wood,wood
wood_238.wav,wood,wood
wood_239.wav,wood,wood
wood_240.wav,wood,wood
wood_241.wav,wood,wood
wood_242.wav,wood,wood
wood_243.wav,wood,wood
wood_244.wav,wood,wood
wood_245.wav,wood,wood
wood_246.wav,wood,wood
wood_247.wav,wood,wood
wood_248.wav,wood,wood
wood_249.wav,wood,wood
wood_250.wav,wood,wood
wood_251.wav,wood,wood
wood_252.wav,wood,wood
wood_253.wav,wood,wood
wood_254.wav,wood,wood
wood_255.wav,wood,wood
wood_256.wav,wood,wood
wood_257.wav,wood,wood
wood_258.wav,wood,wood
wood_259.wav,wood,wood
wood_260.wav,wood,wood
wood_261.wav,wood,wood
wood_262.wav,wood,wood
wood_263.wav,wood,wood
wood_264.wav,wood,wood
wood_265.wav,wood,wood
wood_266.wav,wood,wood
wood_267.wav,wood,wood
wood_268.wav,wood,wood
wood_269.wav,wood,wood
wood_270.wav,wood,wood
wood_271.wav,wood,wood
wood_272.wav,wood,wood
wood_273.wav,wood,wood
wood_274.wav,wood,wood
wood_275.wav,wood,wood
wood_276.wav,wood,wood
wood_277.wav,wood,wood
wood_278.wav,wood,wood
wood_279.wav,wood,wood
wood_280.wav,wood,wood
wood_281.wav,wood,wood
wood_282.wav,wood,wood
wood_283.wav,wood,wood
wood_284.wav,wood,wood
wood_285.wav,wood,wood
wood_286.wav,wood,wood
wood_287.wav,wood,wood
wood_288.wav,wood,wood
wood_289.wav,wood,wood
wood_290.wav,wood,wood
wood_291.wav,wood,wood
wood_292.wav,wood,wood
wood_293.wav,wood,wood
wood_294.wav,wood,wood
wood_295.wav,wood,wood
wood_296.wav,wood,wood
wood_297.wav,wood,wood
wood_298.wav,wood,wood
wood_299.wav,wood,wood
wood_300.wav,wood,wood
wood_301.wav,wood,wood
wood_302.wav,wood,wood
wood_303.wav,wood,wood
wood_304.wav,wood,wood
wood_305.wav,wood,wood
wood_306.wav,wood,wood
wood_307.wav,wood,wood
wood_308.wav,wood,wood
wood_309.wav,wood,wood
wood_310.wav,wood,wood
wood_311.wav,wood,wood
wood_312.wav,wood,wood
wood_313.wav,wood,wood
wood_314.wav,wood,wood
wood_315.wav,wood,wood
wood_316.wav,wood,wood
wood_317.wav,wood,wood
wood_318.wav,wood,wood
wood_319.wav,wood,wood
wood_320.wav,wood,wood
wood_321.wav,wood,wood
wood_322.wav,wood,wood
wood_323.wav,wood,wood
wood_324.wav,wood,wood
wood_325.wav,wood,wood
wood_326.wav,wood,wood
wood_327.wav,wood,wood
wood_328.wav,wood,wood
wood_329.wav,wood,wood
wood_330.wav,wood,wood
wood_331.wav,wood,wood
wood_332.wav,wood,wood
wood_333.wav,wood,wood
wood_334.wav,wood,wood
wood_335.wav,wood,wood
wood_336.wav,wood,wood
wood_337.wav,wood,wood
wood_338.wav,wood,wood
wood_339.wav,wood,wood
wood_340.wav,wood,wood
wood_341.wav,wood,wood
wood_342.wav,wood,wood
wood_343.wav,wood,wood
wood_344.wav,wood,wood
wood_345.wav,wood,wood
wood_346.wav,wood,wood
wood_347.wav,wood,wood
wood_348.wav,wood,wood
wood_349.wav,wood,wood
wood_350.wav,wood,wood
wood_351.wav,wood,wood
wood_352.wav,wood,wood
wood_353.wav,wood,wood
wood_354.wav,wood,wood
wood_355.wav,wood,wood
wood_356.wav,wood,wood
wood_357.wav,wood,wood
wood_358.wav,wood,wood
wood_359.wav,wood,wood
wood_360.wav,wood,wood
wood_361.wav,wood,wood
wood_362.wav,wood,wood
wood_363.wav,wood,wood
wood_364.wav,wood,wood
wood_365.wav,wood,wood
wood_366.wav,wood,wood
wood_367.wav,wood,wood
wood_368.wav,wood,wood
wood_369.wav,wood,wood
wood_370.wav,wood,wood
wood_371.wav,wood,wood
wood_372.wav,wood,wood
wood_373.wav,wood,wood
wood_374.wav,wood,wood
wood_375.wav,dog,wood
wood_376.wav,wood,wood
wood_377.wav,wood,wood
wood_378.wav,wood,wood
wood_379.wav,wood,wood
wood_380.wav,wood,wood
wood_381.wav,wood,wood
wood_382.wav,wood,wood
wood_383.wav,wood,wood
wood_384.wav,wood,wood
wood_385.wav,wood,wood
wood_386.wav,wood,wood
wood_387.wav,wood,wood
wood_388.wav,wood,wood
wood_389.wav,wood,wood
wood_390.wav,wood,wood
wood_391.wav,wood,wood
wood_392.wav,wood,wood
wood_393.wav,wood,wood
wood_394.wav,wood,wood
wood_395.wav,wood,wood
wood_396.wav,wood,wood
wood_397.wav,wood,wood
wood_398.wav,wood,wood
wood_399.wav,wood,wood
wood_400.wav,wood,wood
wood_401.wav,wood,wood
wood_402.wav,wood,wood
wood_403.wav,wood,wood
wood_404.wav,wood,wood
wood_405.wav,wood,wood
wood_406.wav,wood,wood
wood_407.wav,wood,wood
wood_408.wav,wood,wood
wood_409.wav,wood,wood
wood_410.wav,wood,wood
wood_411.wav,wood,wood
wood_412.wav,wood,wood
wood_413.wav,wood,wood
wood_414.wav,wood,wood
wood_415.wav,wood,wood
wood_416.wav,wood,wood
wood_417.wav,wood,wood
wood_418.wav,wood,wood
wood_419.wav,wood,wood
wood_420.wav,wood,wood
wood_421.wav,wood,wood
wood_422.wav,wood,wood
wood_423.wav,wood,wood
wood_424.wav,wood,wood
wood_425.wav,wood,wood
wood_426.wav,wood,wood
wood_427.wav,plastic,wood
wood_428.wav,wood,wood
wood_429.wav,wood,wood
wood_430.wav,wood,wood
wood_431.wav,wood,wood
wood_432.wav,wood,wood
wood_433.wav,wood,wood
wood_434.wav,wood,wood
wood_435.wav,wood,wood
wood_436.wav,wood,wood
wood_437.wav,wood,wood
wood_438.wav,wood,wood
wood_439.wav,wood,wood
wood_440.wav,wood,wood
wood_441.wav,wood,wood
wood_442.wav,wood,wood
wood_443.wav,wood,wood
wood_444.wav,wood,wood
wood_445.wav,wood,wood
wood_446.wav,wood,wood
wood_447.wav,wood,wood
wood_448.wav,wood,wood
wood_449.wav,wood,wood
wood_450.wav,wood,wood
wood_451.wav,wood,wood
wood_452.wav,wood,wood
wood_453.wav,wood,wood
wood_454.wav,wood,wood
wood_455.wav,wood,wood
wood_456.wav,wood,wood
wood_457.wav,wood,wood
wood_458.wav,wood,wood
wood_459.wav,wood,wood
wood_460.wav,wood,wood
wood_461.wav,wood,wood
wood_462.wav,wood,wood
wood_463.wav,wood,wood
wood_464.wav,wood,wood
wood_465.wav,wood,wood
wood_466.wav,wood,wood
wood_467.wav,wood,wood
wood_468.wav,wood,wood
wood_469.wav,wood,wood
wood_470.wav,wood,wood
wood_471.wav,wood,wood
wood_472.wav,wood,wood
wood_473.wav,wood,wood
wood_474.wav,wood,wood
wood_475.wav,wood,wood
wood_476.wav,wood,wood
wood_477.wav,wood,wood
wood_478.wav,wood,wood
wood_479.wav,wood,wood
wood_480.wav,wood,wood
wood_481.wav,wood,wood
wood_482.wav,wood,wood
wood_483.wav,wood,wood
wood_484.wav,wood,wood
wood_485.wav,wood,wood
wood_486.wav,wood,wood
wood_487.wav,wood,wood
wood_488.wav,wood,wood
wood_489.wav,wood,wood
wood_490.wav,wood,wood
wood_491.wav,wood,wood
wood_492.wav,wood,wood
wood_493.wav,wood,wood
wood_494.wav,wood,wood
wood_495.wav,wood,wood
wood_496.wav,wood,wood
wood_497.wav,wood,wood
wood_498.wav,wood,wood
wood_499.wav,wood,wood
wood_500.wav,wood,wood
wood_501.wav,wood,wood
wood_502.wav,wood,wood
wood_503.wav,wood,wood
wood_504.wav,wood,wood
wood_505.wav,wood,wood
wood_506.wav,wood,wood
wood_507.wav,wood,wood
wood_508.wav,wood,wood
wood_509.wav,wood,wood
wood_510.wav,wood,wood
wood_511.wav,wood,wood
wood_512.wav,wood,wood
wood_513.wav,wood,wood
wood_514.wav,wood,wood
wood_515.wav,wood,wood
wood_516.wav,wood,wood
wood_517.wav,wood,wood
wood_518.wav,wood,wood
wood_519.wav,wood,wood
wood_520.wav,wood,wood
wood_521.wav,wood,wood
wood_522.wav,wood,wood
wood_523.wav,wood,wood
wood_524.wav,wood,wood
wood_525.wav,wood,wood
wood_526.wav,wood,wood
wood_527.wav,wood,wood
wood_528.wav,wood,wood
wood_529.wav,wood,wood
wood_530.wav,wood,wood
wood_531.wav,wood,wood
wood_532.wav,wood,wood
wood_533.wav,wood,wood
wood_534.wav,wood,wood
wood_535.wav,wood,wood
wood_536.wav,wood,wood
wood_537.wav,wood,wood
wood_538.wav,wood,wood
wood_539.wav,wood,wood
wood_540.wav,wood,wood
wood_541.wav,wood,wood
wood_542.wav,wood,wood
wood_543.wav,wood,wood
wood_544.wav,wood,wood
wood_545.wav,wood,wood
wood_546.wav,wood,wood
wood_547.wav,wood,wood
wood_548.wav,wood,wood
wood_549.wav,wood,wood
wood_550.wav,wood,wood
wood_551.wav,wood,wood
wood_552.wav,wood,wood
wood_553.wav,wood,wood
wood_554.wav,wood,wood
wood_555.wav,wood,wood
wood_556.wav,wood,wood
wood_557.wav,wood,wood
wood_558.wav,wood,wood
wood_559.wav,wood,wood
wood_560.wav,wood,wood
wood_561.wav,wood,wood
wood_562.wav,wood,wood
wood_563.wav,wood,wood
wood_564.wav,wood,wood
wood_565.wav,wood,wood
wood_566.wav,wood,wood
wood_567.wav,wood,wood
wood_568.wav,wood,wood
wood_569.wav,wood,wood
wood_570.wav,wood,wood
wood_571.wav,wood,wood
wood_572.wav,wood,wood
wood_573.wav,wood,wood
wood_574.wav,wood,wood
wood_575.wav,wood,wood
wood_576.wav,wood,wood
wood_577.wav,wood,wood
wood_578.wav,wood,wood
wood_579.wav,wood,wood
wood_580.wav,wood,wood
wood_581.wav,wood,wood
wood_582.wav,wood,wood
wood_583.wav,wood,wood
wood_584.wav,wood,wood
wood_585.wav,wood,wood
wood_586.wav,wood,wood
wood_587.wav,wood,wood
wood_588.wav,wood,wood
wood_589.wav,wood,wood
wood_590.wav,wood,wood
wood_591.wav,wood,wood
wood_592.wav,wood,wood
wood_593.wav,wood,wood
wood_594.wav,wood,wood
wood_595.wav,wood,wood
wood_596.wav,wood,wood
wood_597.wav,wood,wood
wood_598.wav,wood,wood
wood_599.wav,wood,wood
wood_600.wav,wood,wood
wood_601.wav,wood,wood
wood_602.wav,wood,wood
wood_603.wav,wood,wood
wood_604.wav,wood,wood
wood_605.wav,wood,wood
wood_606.wav,wood,wood
wood_607.wav,wood,wood
wood_608.wav,wood,wood
wood_609.wav,wood,wood
wood_610.wav,wood,wood
wood_611.wav,wood,wood
wood_612.wav,wood,wood
wood_613.wav,wood,wood
wood_614.wav,wood,wood
wood_615.wav,wood,wood
wood_616.wav,wood,wood
wood_617.wav,wood,wood
wood_618.wav,wood,wood
wood_619.wav,wood,wood
wood_620.wav,wood,wood
wood_621.wav,wood,wood
wood_622.wav,wood,wood
wood_623.wav,wood,wood
wood_624.wav,wood,wood
wood_625.wav,wood,wood
wood_626.wav,wood,wood
wood_627.wav,wood,wood
wood_628.wav,wood,wood
wood_629.wav,wood,wood
wood_630.wav,wood,wood
wood_631.wav,wood,wood
wood_632.wav,wood,wood
wood_633.wav,wood,wood
wood_634.wav,wood,wood
wood_635.wav,wood,wood
wood_636.wav,wood,wood
wood_637.wav,wood,wood
wood_638.wav,wood,wood
wood_639.wav,wood,wood
wood_640.wav,wood,wood
wood_641.wav,wood,wood
wood_642.wav,wood,wood
wood_643.wav,wood,wood
wood_644.wav,wood,wood
wood_645.wav,wood,wood
wood_646.wav,wood,wood
wood_647.wav,wood,wood
wood_648.wav,wood,wood
wood_649.wav,wood,wood
wood_650.wav,wood,wood
wood_651.wav,wood,wood
wood_652.wav,wood,wood
wood_653.wav,wood,wood
wood_654.wav,wood,wood
wood_655.wav,wood,wood
wood_656.wav,wood,wood
wood_657.wav,wood,wood
wood_658.wav,wood,wood
wood_659.wav,wood,wood
wood_660.wav,wood,wood
wood_661.wav,wood,wood
wood_662.wav,wood,wood
wood_663.wav,wood,wood
wood_664.wav,wood,wood
wood_665.wav,wood,wood
wood_666.wav,wood,wood
wood_667.wav,wood,wood
wood_668.wav,wood,wood
wood_669.wav,wood,wood
wood_670.wav,wood,wood
wood_671.wav,wood,wood
wood_672.wav,wood,wood
wood_673.wav,wood,wood
wood_674.wav,wood,wood
wood_675.wav,wood,wood
wood_676.wav,wood,wood
wood_677.wav,wood,wood
wood_678.wav,wood,wood
wood_679.wav,wood,wood
wood_680.wav,wood,wood
wood_681.wav,wood,wood
wood_682.wav,wood,wood
wood_683.wav,wood,wood
wood_684.wav,wood,wood
wood_685.wav,wood,wood
wood_686.wav,wood,wood
wood_687.wav,wood,wood
wood_688.wav,wood,wood
wood_689.wav,wood,wood
wood_690.wav,wood,wood
wood_691.wav,wood,wood
wood_692.wav,wood,wood
wood_693.wav,wood,wood
wood_694.wav,wood,wood
wood_695.wav,wood,wood
wood_696.wav,wood,wood
wood_697.wav,wood,wood
wood_698.wav,wood,wood
wood_699.wav,wood,wood
wood_700.wav,wood,wood
wood_701.wav,wood,wood
wood_702.wav,wood,wood
wood_703.wav,wood,wood
wood_704.wav,wood,wood
wood_705.wav,wood,wood
wood_706.wav,wood,wood
wood_707.wav,wood,wood
wood_708.wav,wood,wood
wood_709.wav,wood,wood
wood_710.wav,wood,wood
wood_711.wav,wood,wood
wood_712.wav,wood,wood
wood_713.wav,wood,wood
wood_714.wav,wood,wood
wood_715.wav,wood,wood
wood_716.wav,wood,wood
wood_717.wav,wood,wood
wood_718.wav,wood,wood
wood_719.wav,wood,wood
wood_720.wav,wood,wood
wood_721.wav,wood,wood
wood_722.wav,wood,wood
wood_723.wav,wood,wood
wood_724.wav,wood,wood
wood_725.wav,wood,wood
wood_726.wav,wood,wood
wood_727.wav,wood,wood
wood_728.wav,wood,wood
wood_729.wav,wood,wood
wood_730.wav,wood,wood
wood_731.wav,wood,wood
wood_732.wav,wood,wood
wood_733.wav,wood,wood
wood_734.wav,wood,wood
wood_735.wav,wood,wood
wood_736.wav,wood,wood
wood_737.wav,wood,wood
wood_738.wav,wood,wood
wood_739.wav,wood,wood
wood_740.wav,wood,wood
wood_741.wav,wood,wood
wood_742.wav,wood,wood
wood_743.wav,wood,wood
wood_744.wav,wood,wood
wood_745.wav,wood,wood
wood_746.wav,wood,wood
wood_747.wav,wood,wood
wood_748.wav,wood,wood
wood_749.wav,wood,wood
wood_750.wav,wood,wood
wood_751.wav,wood,wood
wood_752.wav,wood,wood
wood_753.wav,wood,wood
wood_754.wav,wood,wood
wood_755.wav,wood,wood
wood_756.wav,wood,wood
wood_757.wav,wood,wood
wood_758.wav,wood,wood
wood_759.wav,wood,wood
wood_760.wav,wood,wood
wood_761.wav,wood,wood
wood_762.wav,wood,wood
wood_763.wav,wood,wood
wood_764.wav,wood,wood
wood_765.wav,wood,wood
wood_766.wav,wood,wood
wood_767.wav,wood,wood
wood_768.wav,wood,wood
wood_769.wav,wood,wood
wood_770.wav,wood,wood
wood_771.wav,wood,wood
wood_772.wav,wood,wood
wood_773.wav,wood,wood
wood_774.wav,wood,wood
wood_775.wav,wood,wood
wood_776.wav,wood,wood
wood_777.wav,wood,wood
wood_778.wav,wood,wood
wood_779.wav,wood,wood
wood_780.wav,wood,wood
wood_781.wav,wood,wood
wood_782.wav,wood,wood
wood_783.wav,wood,wood
wood_784.wav,wood,wood
wood_785.wav,wood,wood
wood_786.wav,wood,wood
wood_787.wav,wood,wood
wood_788.wav,wood,wood
wood_789.wav,wood,wood
wood_790.wav,wood,wood
wood_791.wav,wood,wood
wood_792.wav,wood,wood
wood_793.wav,wood,wood
wood_794.wav,wood,wood
wood_795.wav,wood,wood
wood_796.wav,wood,wood
wood_797.wav,wood,wood
wood_798.wav,wood,wood
wood_799.wav,wood,wood
wood_800.wav,wood,wood
wood_801.wav,wood,wood
wood_802.wav,wood,wood
wood_803.wav,wood,wood
wood_804.wav,wood,wood
wood_805.wav,wood,wood
wood_806.wav,wood,wood
wood_807.wav,wood,wood
wood_808.wav,wood,wood
wood_809.wav,wood,wood
wood_810.wav,wood,wood
wood_811.wav,wood,wood
wood_812.wav,wood,wood
wood_813.wav,wood,wood
wood_814.wav,wood,wood
wood_815.wav,wood,wood
wood_816.wav,wood,wood
wood_817.wav,wood,wood
wood_818.wav,wood,wood
wood_819.wav,wood,wood
wood_820.wav,wood,wood
wood_821.wav,wood,wood
wood_822.wav,wood,wood
wood_823.wav,wood,wood
wood_824.wav,wood,wood
wood_825.wav,wood,wood
wood_826.wav,wood,wood
wood_827.wav,wood,wood
wood_828.wav,wood,wood
wood_829.wav,wood,wood
wood_830.wav,wood,wood
wood_831.wav,wood,wood
wood_832.wav,wood,wood
wood_833.wav,wood,wood
wood_834.wav,wood,wood
wood_835.wav,wood,wood
wood_836.wav,wood,wood
wood_837.wav,wood,wood
wood_838.wav,wood,wood
wood_839.wav,wood,wood
wood_840.wav,wood,wood
wood_841.wav,wood,wood
wood_842.wav,wood,wood
wood_843.wav,wood,wood
wood_844.wav,wood,wood
wood_845.wav,wood,wood
wood_846.wav,wood,wood
wood_847.wav,wood,wood
wood_848.wav,wood,wood
wood_849.wav,wood,wood
wood_850.wav,wood,wood
wood_851.wav,wood,wood
wood_852.wav,wood,wood
wood_853.wav,wood,wood
wood_854.wav,wood,wood
wood_855.wav,wood,wood
wood_856.wav,wood,wood
wood_857.wav,wood,wood
wood_858.wav,wood,wood
wood_859.wav,wood,wood
wood_860.wav,wood,wood
wood_861.wav,wood,wood
wood_862.wav,wood,wood
wood_863.wav,wood,wood
wood_864.wav,wood,wood
wood_865.wav,wood,wood
wood_866.wav,wood,wood
wood_867.wav,wood,wood
wood_868.wav,wood,wood
wood_869.wav,wood,wood
wood_870.wav,wood,wood
wood_871.wav,wood,wood
wood_872.wav,wood,wood
wood_873.wav,wood,wood
wood_874.wav,wood,wood
wood_875.wav,wood,wood
wood_876.wav,wood,wood
wood_877.wav,wood,wood
wood_878.wav,wood,wood
wood_879.wav,wood,wood
wood_880.wav,wood,wood
wood_881.wav,wood,wood
wood_882.wav,wood,wood
wood_883.wav,wood,wood
wood_884.wav,wood,wood
wood_885.wav,wood,wood
wood_886.wav,wood,wood
wood_887.wav,wood,wood
wood_888.wav,wood,wood
wood_889.wav,wood,wood
wood_890.wav,wood,wood
wood_891.wav,wood,wood
wood_892.wav,wood,wood
wood_893.wav,wood,wood
wood_894.wav,wood,wood
wood_895.wav,wood,wood
wood_896.wav,wood,wood
wood_897.wav,wood,wood
wood_898.wav,wood,wood
wood_899.wav,wood,wood
wood_900.wav,wood,wood
wood_901.wav,wood,wood
wood_902.wav,wood,wood
wood_903.wav,wood,wood
wood_904.wav,wood,wood
wood_905.wav,wood,wood
wood_906.wav,wood,wood
wood_907.wav,wood,wood
wood_908.wav,wood,wood
wood_909.wav,wood,wood
wood_910.wav,wood,wood
wood_911.wav,wood,wood
wood_912.wav,wood,wood
wood_913.wav,wood,wood
wood_914.wav,wood,wood
wood_915.wav,wood,wood
wood_916.wav,wood,wood
wood_917.wav,wood,wood
wood_918.wav,wood,wood
wood_919.wav,wood,wood
wood_920.wav,wood,wood
wood_921.wav,wood,wood
wood_922.wav,wood,wood
wood_923.wav,wood,wood
wood_924.wav,wood,wood
wood_925.wav,wood,wood
wood_926.wav,wood,wood
wood_927.wav,wood,wood
wood_928.wav,wood,wood
wood_929.wav,wood,wood
wood_930.wav,wood,wood
wood_931.wav,wood,wood
wood_932.wav,wood,wood
wood_933.wav,wood,wood
wood_934.wav,wood,wood
wood_935.wav,wood,wood
wood_936.wav,wood,wood
wood_937.wav,wood,wood
wood_938.wav,wood,wood
wood_939.wav,wood,wood
wood_940.wav,wood,wood
wood_941.wav,wood,wood
wood_942.wav,wood,wood
wood_943.wav,wood,wood
wood_944.wav,wood,wood
wood_945.wav,wood,wood
wood_946.wav,wood,wood
wood_947.wav,wood,wood
wood_948.wav,wood,wood
wood_949.wav,wood,wood
wood_950.wav,wood,wood
wood_951.wav,wood,wood
wood_952.wav,wood,wood
wood_953.wav,wood,wood
wood_954.wav,wood,wood
wood_955.wav,wood,wood
wood_956.wav,wood,wood
wood_957.wav,wood,wood
wood_958.wav,wood,wood
wood_959.wav,wood,wood
wood_960.wav,wood,wood
wood_961.wav,wood,wood
wood_962.wav,wood,wood
wood_963.wav,wood,wood
wood_964.wav,wood,wood
wood_965.wav,wood,wood
wood_966.wav,wood,wood
wood_967.wav,wood,wood
wood_968.wav,wood,wood
wood_969.wav,wood,wood
wood_970.wav,wood,wood
wood_971.wav,wood,wood
wood_972.wav,wood,wood
wood_973.wav,wood,wood
wood_974.wav,wood,wood
wood_975.wav,wood,wood
wood_976.wav,wood,wood
wood_977.wav,wood,wood
wood_978.wav,wood,wood
wood_979.wav,wood,wood
wood_980.wav,wood,wood
wood_981.wav,wood,wood
wood_982.wav,wood,wood
wood_983.wav,wood,wood
wood_984.wav,wood,wood
wood_985.wav,wood,wood
wood_986.wav,wood,wood
wood_987.wav,wood,wood
wood_988.wav,wood,wood
wood_989.wav,wood,wood
wood_990.wav,wood,wood
wood_991.wav,wood,wood
wood_992.wav,wood,wood
wood_993.wav,wood,wood
wood_994.wav,wood,wood
wood_995.wav,wood,wood
wood_996.wav,wood,wood
wood_997.wav,wood,wood
wood_998.wav,wood,wood
wood_999.wav,wood,wood
wood_1000.wav,wood,wood
heavy_equipment_1.wav,heavy_equipment,heavy_equipment
heavy_equipment_2.wav,heavy_equipment,heavy_equipment
heavy_equipment_3.wav,heavy_equipment,heavy_equipment
heavy_equipment_4.wav,water,heavy_equipment
heavy_equipment_5.wav,heavy_equipment,heavy_equipment
heavy_equipment_6.wav,heavy_equipment,heavy_equipment
heavy_equipment_7.wav,heavy_equipment,heavy_equipment
heavy_equipment_8.wav,heavy_equipment,heavy_equipment
heavy_equipment_9.wav,heavy_equipment,heavy_equipment
heavy_equipment_10.wav,heavy_equipment,heavy_equipment
heavy_equipment_11.wav,heavy_equipment,heavy_equipment
heavy_equipment_12.wav,heavy_equipment,heavy_equipment
heavy_equipment_13.wav,heavy_equipment,heavy_equipment
heavy_equipment_14.wav,heavy_equipment,heavy_equipment
heavy_equipment_15.wav,heavy_equipment,heavy_equipment
heavy_equipment_16.wav,heavy_equipment,heavy_equipment
heavy_equipment_17.wav,heavy_equipment,heavy_equipment
heavy_equipment_18.wav,heavy_equipment,heavy_equipment
heavy_equipment_19.wav,heavy_equipment,heavy_equipment
heavy_equipment_20.wav,heavy_equipment,heavy_equipment
heavy_equipment_21.wav,heavy_equipment,heavy_equipment
heavy_equipment_22.wav,heavy_equipment,heavy_equipment
heavy_equipment_23.wav,heavy_equipment,heavy_equipment
heavy_equipment_24.wav,heavy_equipment,heavy_equipment
heavy_equipment_25.wav,heavy_equipment,heavy_equipment
heavy_equipment_26.wav,heavy_equipment,heavy_equipment
heavy_equipment_27.wav,heavy_equipment,heavy_equipment
heavy_equipment_28.wav,heavy_equipment,heavy_equipment
heavy_equipment_29.wav,heavy_equipment,heavy_equipment
heavy_equipment_30.wav,heavy_equipment,heavy_equipment
heavy_equipment_31.wav,heavy_equipment,heavy_equipment
heavy_equipment_32.wav,heavy_equipment,heavy_equipment
heavy_equipment_33.wav,heavy_equipment,heavy_equipment
heavy_equipment_34.wav,heavy_equipment,heavy_equipment
heavy_equipment_35.wav,heavy_equipment,heavy_equipment
heavy_equipment_36.wav,heavy_equipment,heavy_equipment
heavy_equipment_37.wav,heavy_equipment,heavy_equipment
heavy_equipment_38.wav,heavy_equipment,heavy_equipment
heavy_equipment_39.wav,heavy_equipment,heavy_equipment
heavy_equipment_40.wav,heavy_equipment,heavy_equipment
heavy_equipment_41.wav,heavy_equipment,heavy_equipment
heavy_equipment_42.wav,heavy_equipment,heavy_equipment
heavy_equipment_43.wav,heavy_equipment,heavy_equipment
heavy_equipment_44.wav,heavy_equipment,heavy_equipment
heavy_equipment_45.wav,heavy_equipment,heavy_equipment
heavy_equipment_46.wav,heavy_equipment,heavy_equipment
heavy_equipment_47.wav,heavy_equipment,heavy_equipment
heavy_equipment_48.wav,heavy_equipment,heavy_equipment
heavy_equipment_49.wav,heavy_equipment,heavy_equipment
heavy_equipment_50.wav,heavy_equipment,heavy_equipment
heavy_equipment_51.wav,heavy_equipment,heavy_equipment
heavy_equipment_52.wav,heavy_equipment,heavy_equipment
heavy_equipment_53.wav,heavy_equipment,heavy_equipment
heavy_equipment_54.wav,heavy_equipment,heavy_equipment
heavy_equipment_55.wav,heavy_equipment,heavy_equipment
heavy_equipment_56.wav,heavy_equipment,heavy_equipment
heavy_equipment_57.wav,heavy_equipment,heavy_equipment
heavy_equipment_58.wav,heavy_equipment,heavy_equipment
heavy_equipment_59.wav,heavy_equipment,heavy_equipment
heavy_equipment_60.wav,heavy_equipment,heavy_equipment
heavy_equipment_61.wav,heavy_equipment,heavy_equipment
heavy_equipment_62.wav,heavy_equipment,heavy_equipment
heavy_equipment_63.wav,heavy_equipment,heavy_equipment
heavy_equipment_64.wav,heavy_equipment,heavy_equipment
heavy_equipment_65.wav,heavy_equipment,heavy_equipment
heavy_equipment_66.wav,heavy_equipment,heavy_equipment
heavy_equipment_67.wav,heavy_equipment,heavy_equipment
heavy_equipment_68.wav,heavy_equipment,heavy_equipment
heavy_equipment_69.wav,heavy_equipment,heavy_equipment
heavy_equipment_70.wav,heavy_equipment,heavy_equipment
heavy_equipment_71.wav,heavy_equipment,heavy_equipment
heavy_equipment_72.wav,heavy_equipment,heavy_equipment
heavy_equipment_73.wav,heavy_equipment,heavy_equipment
heavy_equipment_74.wav,heavy_equipment,heavy_equipment
heavy_equipment_75.wav,heavy_equipment,heavy_equipment
heavy_equipment_76.wav,heavy_equipment,heavy_equipment
heavy_equipment_77.wav,heavy_equipment,heavy_equipment
heavy_equipment_78.wav,heavy_equipment,heavy_equipment
heavy_equipment_79.wav,heavy_equipment,heavy_equipment
heavy_equipment_80.wav,heavy_equipment,heavy_equipment
heavy_equipment_81.wav,heavy_equipment,heavy_equipment
heavy_equipment_82.wav,heavy_equipment,heavy_equipment
heavy_equipment_83.wav,heavy_equipment,heavy_equipment
heavy_equipment_84.wav,heavy_equipment,heavy_equipment
heavy_equipment_85.wav,heavy_equipment,heavy_equipment
heavy_equipment_86.wav,heavy_equipment,heavy_equipment
heavy_equipment_87.wav,heavy_equipment,heavy_equipment
heavy_equipment_88.wav,heavy_equipment,heavy_equipment
heavy_equipment_89.wav,heavy_equipment,heavy_equipment
heavy_equipment_90.wav,heavy_equipment,heavy_equipment
heavy_equipment_91.wav,heavy_equipment,heavy_equipment
heavy_equipment_92.wav,heavy_equipment,heavy_equipment
heavy_equipment_93.wav,heavy_equipment,heavy_equipment
heavy_equipment_94.wav,heavy_equipment,heavy_equipment
heavy_equipment_95.wav,heavy_equipment,heavy_equipment
heavy_equipment_96.wav,heavy_equipment,heavy_equipment
heavy_equipment_97.wav,heavy_equipment,heavy_equipment
heavy_equipment_98.wav,heavy_equipment,heavy_equipment
heavy_equipment_99.wav,heavy_equipment,heavy_equipment
heavy_equipment_100.wav,heavy_equipment,heavy_equipment
heavy_equipment_101.wav,heavy_equipment,heavy_equipment
heavy_equipment_102.wav,heavy_equipment,heavy_equipment
heavy_equipment_103.wav,heavy_equipment,heavy_equipment
heavy_equipment_104.wav,heavy_equipment,heavy_equipment
heavy_equipment_105.wav,heavy_equipment,heavy_equipment
heavy_equipment_106.wav,heavy_equipment,heavy_equipment
heavy_equipment_107.wav,heavy_equipment,heavy_equipment
heavy_equipment_108.wav,heavy_equipment,heavy_equipment
heavy_equipment_109.wav,heavy_equipment,heavy_equipment
heavy_equipment_110.wav,heavy_equipment,heavy_equipment
heavy_equipment_111.wav,heavy_equipment,heavy_equipment
heavy_equipment_112.wav,heavy_equipment,heavy_equipment
heavy_equipment_113.wav,heavy_equipment,heavy_equipment
heavy_equipment_114.wav,heavy_equipment,heavy_equipment
heavy_equipment_115.wav,heavy_equipment,heavy_equipment
heavy_equipment_116.wav,heavy_equipment,heavy_equipment
heavy_equipment_117.wav,heavy_equipment,heavy_equipment
heavy_equipment_118.wav,heavy_equipment,heavy_equipment
heavy_equipment_119.wav,heavy_equipment,heavy_equipment
heavy_equipment_120.wav,heavy_equipment,heavy_equipment
heavy_equipment_121.wav,heavy_equipment,heavy_equipment
heavy_equipment_122.wav,heavy_equipment,heavy_equipment
heavy_equipment_123.wav,heavy_equipment,heavy_equipment
heavy_equipment_124.wav,heavy_equipment,heavy_equipment
heavy_equipment_125.wav,heavy_equipment,heavy_equipment
heavy_equipment_126.wav,heavy_equipment,heavy_equipment
heavy_equipment_127.wav,heavy_equipment,heavy_equipment
heavy_equipment_128.wav,heavy_equipment,heavy_equipment
heavy_equipment_129.wav,heavy_equipment,heavy_equipment
heavy_equipment_130.wav,heavy_equipment,heavy_equipment
heavy_equipment_131.wav,heavy_equipment,heavy_equipment
heavy_equipment_132.wav,heavy_equipment,heavy_equipment
heavy_equipment_133.wav,heavy_equipment,heavy_equipment
heavy_equipment_134.wav,heavy_equipment,heavy_equipment
heavy_equipment_135.wav,heavy_equipment,heavy_equipment
heavy_equipment_136.wav,heavy_equipment,heavy_equipment
heavy_equipment_137.wav,heavy_equipment,heavy_equipment
heavy_equipment_138.wav,heavy_equipment,heavy_equipment
heavy_equipment_139.wav,heavy_equipment,heavy_equipment
heavy_equipment_140.wav,heavy_equipment,heavy_equipment
heavy_equipment_141.wav,heavy_equipment,heavy_equipment
heavy_equipment_142.wav,heavy_equipment,heavy_equipment
heavy_equipment_143.wav,heavy_equipment,heavy_equipment
heavy_equipment_144.wav,heavy_equipment,heavy_equipment
heavy_equipment_145.wav,heavy_equipment,heavy_equipment
heavy_equipment_146.wav,heavy_equipment,heavy_equipment
heavy_equipment_147.wav,heavy_equipment,heavy_equipment
heavy_equipment_148.wav,heavy_equipment,heavy_equipment
heavy_equipment_149.wav,heavy_equipment,heavy_equipment
heavy_equipment_150.wav,heavy_equipment,heavy_equipment
heavy_equipment_151.wav,heavy_equipment,heavy_equipment
heavy_equipment_152.wav,heavy_equipment,heavy_equipment
heavy_equipment_153.wav,heavy_equipment,heavy_equipment
heavy_equipment_154.wav,heavy_equipment,heavy_equipment
heavy_equipment_155.wav,heavy_equipment,heavy_equipment
heavy_equipment_156.wav,heavy_equipment,heavy_equipment
heavy_equipment_157.wav,heavy_equipment,heavy_equipment
heavy_equipment_158.wav,heavy_equipment,heavy_equipment
heavy_equipment_159.wav,heavy_equipment,heavy_equipment
heavy_equipment_160.wav,heavy_equipment,heavy_equipment
heavy_equipment_161.wav,heavy_equipment,heavy_equipment
heavy_equipment_162.wav,heavy_equipment,heavy_equipment
heavy_equipment_163.wav,heavy_equipment,heavy_equipment
heavy_equipment_164.wav,heavy_equipment,heavy_equipment
heavy_equipment_165.wav,heavy_equipment,heavy_equipment
heavy_equipment_166.wav,heavy_equipment,heavy_equipment
heavy_equipment_167.wav,heavy_equipment,heavy_equipment
heavy_equipment_168.wav,heavy_equipment,heavy_equipment
heavy_equipment_169.wav,heavy_equipment,heavy_equipment
heavy_equipment_170.wav,heavy_equipment,heavy_equipment
heavy_equipment_171.wav,heavy_equipment,heavy_equipment
heavy_equipment_172.wav,heavy_equipment,heavy_equipment
heavy_equipment_173.wav,heavy_equipment,heavy_equipment
heavy_equipment_174.wav,heavy_equipment,heavy_equipment
heavy_equipment_175.wav,safety_alarm,heavy_equipment
heavy_equipment_176.wav,heavy_equipment,heavy_equipment
heavy_equipment_177.wav,heavy_equipment,heavy_equipment
heavy_equipment_178.wav,heavy_equipment,heavy_equipment
heavy_equipment_179.wav,heavy_equipment,heavy_equipment
heavy_equipment_180.wav,heavy_equipment,heavy_equipment
heavy_equipment_181.wav,heavy_equipment,heavy_equipment
heavy_equipment_182.wav,heavy_equipment,heavy_equipment
heavy_equipment_183.wav,heavy_equipment,heavy_equipment
heavy_equipment_184.wav,heavy_equipment,heavy_equipment
heavy_equipment_185.wav,heavy_equipment,heavy_equipment
heavy_equipment_186.wav,heavy_equipment,heavy_equipment
heavy_equipment_187.wav,heavy_equipment,heavy_equipment
heavy_equipment_188.wav,heavy_equipment,heavy_equipment
heavy_equipment_189.wav,heavy_equipment,heavy_equipment
heavy_equipment_190.wav,heavy_equipment,heavy_equipment
heavy_equipment_191.wav,heavy_equipment,heavy_equipment
heavy_equipment_192.wav,heavy_equipment,heavy_equipment
heavy_equipment_193.wav,heavy_equipment,heavy_equipment
heavy_equipment_194.wav,heavy_equipment,heavy_equipment
heavy_equipment_195.wav,heavy_equipment,heavy_equipment
heavy_equipment_196.wav,heavy_equipment,heavy_equipment
heavy_equipment_197.wav,heavy_equipment,heavy_equipment
heavy_equipment_198.wav,heavy_equipment,heavy_equipment
heavy_equipment_199.wav,heavy_equipment,heavy_equipment
heavy_equipment_200.wav,heavy_equipment,heavy_equipment
heavy_equipment_201.wav,heavy_equipment,heavy_equipment
heavy_equipment_202.wav,heavy_equipment,heavy_equipment
heavy_equipment_203.wav,heavy_equipment,heavy_equipment
heavy_equipment_204.wav,heavy_equipment,heavy_equipment
heavy_equipment_205.wav,heavy_equipment,heavy_equipment
heavy_equipment_206.wav,heavy_equipment,heavy_equipment
heavy_equipment_207.wav,heavy_equipment,heavy_equipment
heavy_equipment_208.wav,heavy_equipment,heavy_equipment
heavy_equipment_209.wav,heavy_equipment,heavy_equipment
heavy_equipment_210.wav,heavy_equipment,heavy_equipment
heavy_equipment_211.wav,heavy_equipment,heavy_equipment
heavy_equipment_212.wav,heavy_equipment,heavy_equipment
heavy_equipment_213.wav,heavy_equipment,heavy_equipment
heavy_equipment_214.wav,heavy_equipment,heavy_equipment
heavy_equipment_215.wav,heavy_equipment,heavy_equipment
heavy_equipment_216.wav,heavy_equipment,heavy_equipment
heavy_equipment_217.wav,heavy_equipment,heavy_equipment
heavy_equipment_218.wav,heavy_equipment,heavy_equipment
heavy_equipment_219.wav,heavy_equipment,heavy_equipment
heavy_equipment_220.wav,heavy_equipment,heavy_equipment
heavy_equipment_221.wav,heavy_equipment,heavy_equipment
heavy_equipment_222.wav,heavy_equipment,heavy_equipment
heavy_equipment_223.wav,heavy_equipment,heavy_equipment
heavy_equipment_224.wav,heavy_equipment,heavy_equipment
heavy_equipment_225.wav,heavy_equipment,heavy_equipment
heavy_equipment_226.wav,heavy_equipment,heavy_equipment
heavy_equipment_227.wav,heavy_equipment,heavy_equipment
heavy_equipment_228.wav,heavy_equipment,heavy_equipment
heavy_equipment_229.wav,heavy_equipment,heavy_equipment
heavy_equipment_230.wav,heavy_equipment,heavy_equipment
heavy_equipment_231.wav,heavy_equipment,heavy_equipment
heavy_equipment_232.wav,heavy_equipment,heavy_equipment
heavy_equipment_233.wav,heavy_equipment,heavy_equipment
heavy_equipment_234.wav,heavy_equipment,heavy_equipment
heavy_equipment_235.wav,heavy_equipment,heavy_equipment
heavy_equipment_236.wav,heavy_equipment,heavy_equipment
heavy_equipment_237.wav,heavy_equipment,heavy_equipment
heavy_equipment_238.wav,heavy_equipment,heavy_equipment
heavy_equipment_239.wav,heavy_equipment,heavy_equipment
heavy_equipment_240.wav,heavy_equipment,heavy_equipment
heavy_equipment_241.wav,heavy_equipment,heavy_equipment
heavy_equipment_242.wav,heavy_equipment,heavy_equipment
heavy_equipment_243.wav,heavy_equipment,heavy_equipment
heavy_equipment_244.wav,heavy_equipment,heavy_equipment
heavy_equipment_245.wav,heavy_equipment,heavy_equipment
heavy_equipment_246.wav,heavy_equipment,heavy_equipment
heavy_equipment_247.wav,heavy_equipment,heavy_equipment
heavy_equipment_248.wav,heavy_equipment,heavy_equipment
heavy_equipment_249.wav,heavy_equipment,heavy_equipment
heavy_equipment_250.wav,heavy_equipment,heavy_equipment
heavy_equipment_251.wav,heavy_equipment,heavy_equipment
heavy_equipment_252.wav,heavy_equipment,heavy_equipment
heavy_equipment_253.wav,heavy_equipment,heavy_equipment
heavy_equipment_254.wav,heavy_equipment,heavy_equipment
heavy_equipment_255.wav,heavy_equipment,heavy_equipment
heavy_equipment_256.wav,heavy_equipment,heavy_equipment
heavy_equipment_257.wav,heavy_equipment,heavy_equipment
heavy_equipment_258.wav,heavy_equipment,heavy_equipment
heavy_equipment_259.wav,heavy_equipment,heavy_equipment
heavy_equipment_260.wav,heavy_equipment,heavy_equipment
heavy_equipment_261.wav,heavy_equipment,heavy_equipment
heavy_equipment_262.wav,heavy_equipment,heavy_equipment
heavy_equipment_263.wav,heavy_equipment,heavy_equipment
heavy_equipment_264.wav,heavy_equipment,heavy_equipment
heavy_equipment_265.wav,heavy_equipment,heavy_equipment
heavy_equipment_266.wav,heavy_equipment,heavy_equipment
heavy_equipment_267.wav,heavy_equipment,heavy_equipment
heavy_equipment_268.wav,heavy_equipment,heavy_equipment
heavy_equipment_269.wav,heavy_equipment,heavy_equipment
heavy_equipment_270.wav,heavy_equipment,heavy_equipment
heavy_equipment_271.wav,heavy_equipment,heavy_equipment
heavy_equipment_272.wav,heavy_equipment,heavy_equipment
heavy_equipment_273.wav,heavy_equipment,heavy_equipment
heavy_equipment_274.wav,heavy_equipment,heavy_equipment
heavy_equipment_275.wav,heavy_equipment,heavy_equipment
heavy_equipment_276.wav,heavy_equipment,heavy_equipment
heavy_equipment_277.wav,heavy_equipment,heavy_equipment
heavy_equipment_278.wav,heavy_equipment,heavy_equipment
heavy_equipment_279.wav,thunder,heavy_equipment
heavy_equipment_280.wav,heavy_equipment,heavy_equipment
heavy_equipment_281.wav,heavy_equipment,heavy_equipment
heavy_equipment_282.wav,heavy_equipment,heavy_equipment
heavy_equipment_283.wav,heavy_equipment,heavy_equipment
heavy_equipment_284.wav,heavy_equipment,heavy_equipment
heavy_equipment_285.wav,heavy_equipment,heavy_equipment
heavy_equipment_286.wav,heavy_equipment,heavy_equipment
heavy_equipment_287.wav,heavy_equipment,heavy_equipment
heavy_equipment_288.wav,heavy_equipment,heavy_equipment
heavy_equipment_289.wav,heavy_equipment,heavy_equipment
heavy_equipment_290.wav,heavy_equipment,heavy_equipment
heavy_equipment_291.wav,heavy_equipment,heavy_equipment
heavy_equipment_292.wav,heavy_equipment,heavy_equipment
heavy_equipment_293.wav,heavy_equipment,heavy_equipment
heavy_equipment_294.wav,heavy_equipment,heavy_equipment
heavy_equipment_295.wav,heavy_equipment,heavy_equipment
heavy_equipment_296.wav,heavy_equipment,heavy_equipment
heavy_equipment_297.wav,heavy_equipment,heavy_equipment
heavy_equipment_298.wav,heavy_equipment,heavy_equipment
heavy_equipment_299.wav,heavy_equipment,heavy_equipment
heavy_equipment_300.wav,heavy_equipment,heavy_equipment
heavy_equipment_301.wav,heavy_equipment,heavy_equipment
heavy_equipment_302.wav,heavy_equipment,heavy_equipment
heavy_equipment_303.wav,heavy_equipment,heavy_equipment
heavy_equipment_304.wav,heavy_equipment,heavy_equipment
heavy_equipment_305.wav,heavy_equipment,heavy_equipment
heavy_equipment_306.wav,heavy_equipment,heavy_equipment
heavy_equipment_307.wav,heavy_equipment,heavy_equipment
heavy_equipment_308.wav,heavy_equipment,heavy_equipment
heavy_equipment_309.wav,heavy_equipment,heavy_equipment
heavy_equipment_310.wav,heavy_equipment,heavy_equipment
heavy_equipment_311.wav,heavy_equipment,heavy_equipment
heavy_equipment_312.wav,heavy_equipment,heavy_equipment
heavy_equipment_313.wav,heavy_equipment,heavy_equipment
heavy_equipment_314.wav,heavy_equipment,heavy_equipment
heavy_equipment_315.wav,heavy_equipment,heavy_equipment
heavy_equipment_316.wav,heavy_equipment,heavy_equipment
heavy_equipment_317.wav,heavy_equipment,heavy_equipment
heavy_equipment_318.wav,heavy_equipment,heavy_equipment
heavy_equipment_319.wav,heavy_equipment,heavy_equipment
heavy_equipment_320.wav,heavy_equipment,heavy_equipment
heavy_equipment_321.wav,heavy_equipment,heavy_equipment
heavy_equipment_322.wav,heavy_equipment,heavy_equipment
heavy_equipment_323.wav,heavy_equipment,heavy_equipment
heavy_equipment_324.wav,heavy_equipment,heavy_equipment
heavy_equipment_325.wav,heavy_equipment,heavy_equipment
heavy_equipment_326.wav,heavy_equipment,heavy_equipment
heavy_equipment_327.wav,heavy_equipment,heavy_equipment
heavy_equipment_328.wav,heavy_equipment,heavy_equipment
heavy_equipment_329.wav,heavy_equipment,heavy_equipment
heavy_equipment_330.wav,heavy_equipment,heavy_equipment
heavy_equipment_331.wav,heavy_equipment,heavy_equipment
heavy_equipment_332.wav,heavy_equipment,heavy_equipment
heavy_equipment_333.wav,heavy_equipment,heavy_equipment
heavy_equipment_334.wav,heavy_equipment,heavy_equipment
heavy_equipment_335.wav,heavy_equipment,heavy_equipment
heavy_equipment_336.wav,heavy_equipment,heavy_equipment
heavy_equipment_337.wav,heavy_equipment,heavy_equipment
heavy_equipment_338.wav,heavy_equipment,heavy_equipment
heavy_equipment_339.wav,heavy_equipment,heavy_equipment
heavy_equipment_340.wav,heavy_equipment,heavy_equipment
heavy_equipment_341.wav,heavy_equipment,heavy_equipment
heavy_equipment_342.wav,heavy_equipment,heavy_equipment
heavy_equipment_343.wav,heavy_equipment,heavy_equipment
heavy_equipment_344.wav,heavy_equipment,heavy_equipment
heavy_equipment_345.wav,heavy_equipment,heavy_equipment
heavy_equipment_346.wav,heavy_equipment,heavy_equipment
heavy_equipment_347.wav,heavy_equipment,heavy_equipment
heavy_equipment_348.wav,heavy_equipment,heavy_equipment
heavy_equipment_349.wav,heavy_equipment,heavy_equipment
heavy_equipment_350.wav,heavy_equipment,heavy_equipment
heavy_equipment_351.wav,heavy_equipment,heavy_equipment
heavy_equipment_352.wav,heavy_equipment,heavy_equipment
heavy_equipment_353.wav,heavy_equipment,heavy_equipment
heavy_equipment_354.wav,heavy_equipment,heavy_equipment
heavy_equipment_355.wav,heavy_equipment,heavy_equipment
heavy_equipment_356.wav,heavy_equipment,heavy_equipment
heavy_equipment_357.wav,heavy_equipment,heavy_equipment
heavy_equipment_358.wav,heavy_equipment,heavy_equipment
heavy_equipment_359.wav,heavy_equipment,heavy_equipment
heavy_equipment_360.wav,heavy_equipment,heavy_equipment
heavy_equipment_361.wav,heavy_equipment,heavy_equipment
heavy_equipment_362.wav,heavy_equipment,heavy_equipment
heavy_equipment_363.wav,heavy_equipment,heavy_equipment
heavy_equipment_364.wav,heavy_equipment,heavy_equipment
heavy_equipment_365.wav,heavy_equipment,heavy_equipment
heavy_equipment_366.wav,heavy_equipment,heavy_equipment
heavy_equipment_367.wav,heavy_equipment,heavy_equipment
heavy_equipment_368.wav,heavy_equipment,heavy_equipment
heavy_equipment_369.wav,heavy_equipment,heavy_equipment
heavy_equipment_370.wav,heavy_equipment,heavy_equipment
heavy_equipment_371.wav,heavy_equipment,heavy_equipment
heavy_equipment_372.wav,heavy_equipment,heavy_equipment
heavy_equipment_373.wav,heavy_equipment,heavy_equipment
heavy_equipment_374.wav,heavy_equipment,heavy_equipment
heavy_equipment_375.wav,heavy_equipment,heavy_equipment
heavy_equipment_376.wav,heavy_equipment,heavy_equipment
heavy_equipment_377.wav,heavy_equipment,heavy_equipment
heavy_equipment_378.wav,heavy_equipment,heavy_equipment
heavy_equipment_379.wav,heavy_equipment,heavy_equipment
heavy_equipment_380.wav,heavy_equipment,heavy_equipment
heavy_equipment_381.wav,heavy_equipment,heavy_equipment
heavy_equipment_382.wav,heavy_equipment,heavy_equipment
heavy_equipment_383.wav,heavy_equipment,heavy_equipment
heavy_equipment_384.wav,heavy_equipment,heavy_equipment
heavy_equipment_385.wav,heavy_equipment,heavy_equipment
heavy_equipment_386.wav,heavy_equipment,heavy_equipment
heavy_equipment_387.wav,heavy_equipment,heavy_equipment
heavy_equipment_388.wav,heavy_equipment,heavy_equipment
heavy_equipment_389.wav,heavy_equipment,heavy_equipment
heavy_equipment_390.wav,heavy_equipment,heavy_equipment
heavy_equipment_391.wav,heavy_equipment,heavy_equipment
heavy_equipment_392.wav,heavy_equipment,heavy_equipment
heavy_equipment_393.wav,heavy_equipment,heavy_equipment
heavy_equipment_394.wav,heavy_equipment,heavy_equipment
heavy_equipment_395.wav,heavy_equipment,heavy_equipment
heavy_equipment_396.wav,heavy_equipment,heavy_equipment
heavy_equipment_397.wav,heavy_equipment,heavy_equipment
heavy_equipment_398.wav,heavy_equipment,heavy_equipment
heavy_equipment_399.wav,heavy_equipment,heavy_equipment
heavy_equipment_400.wav,heavy_equipment,heavy_equipment
heavy_equipment_401.wav,heavy_equipment,heavy_equipment
heavy_equipment_402.wav,heavy_equipment,heavy_equipment
heavy_equipment_403.wav,heavy_equipment,heavy_equipment
heavy_equipment_404.wav,heavy_equipment,heavy_equipment
heavy_equipment_405.wav,heavy_equipment,heavy_equipment
heavy_equipment_406.wav,heavy_equipment,heavy_equipment
heavy_equipment_407.wav,heavy_equipment,heavy_equipment
heavy_equipment_408.wav,heavy_equipment,heavy_equipment
heavy_equipment_409.wav,heavy_equipment,heavy_equipment
heavy_equipment_410.wav,heavy_equipment,heavy_equipment
heavy_equipment_411.wav,heavy_equipment,heavy_equipment
heavy_equipment_412.wav,heavy_equipment,heavy_equipment
heavy_equipment_413.wav,heavy_equipment,heavy_equipment
heavy_equipment_414.wav,heavy_equipment,heavy_equipment
heavy_equipment_415.wav,heavy_equipment,heavy_equipment
heavy_equipment_416.wav,heavy_equipment,heavy_equipment
heavy_equipment_417.wav,heavy_equipment,heavy_equipment
heavy_equipment_418.wav,heavy_equipment,heavy_equipment
heavy_equipment_419.wav,heavy_equipment,heavy_equipment
heavy_equipment_420.wav,heavy_equipment,heavy_equipment
heavy_equipment_421.wav,heavy_equipment,heavy_equipment
heavy_equipment_422.wav,heavy_equipment,heavy_equipment
heavy_equipment_423.wav,heavy_equipment,heavy_equipment
heavy_equipment_424.wav,heavy_equipment,heavy_equipment
heavy_equipment_425.wav,heavy_equipment,heavy_equipment
heavy_equipment_426.wav,heavy_equipment,heavy_equipment
heavy_equipment_427.wav,heavy_equipment,heavy_equipment
heavy_equipment_428.wav,heavy_equipment,heavy_equipment
heavy_equipment_429.wav,heavy_equipment,heavy_equipment
heavy_equipment_430.wav,heavy_equipment,heavy_equipment
heavy_equipment_431.wav,heavy_equipment,heavy_equipment
heavy_equipment_432.wav,heavy_equipment,heavy_equipment
heavy_equipment_433.wav,heavy_equipment,heavy_equipment
heavy_equipment_434.wav,heavy_equipment,heavy_equipment
heavy_equipment_435.wav,heavy_equipment,heavy_equipment
heavy_equipment_436.wav,heavy_equipment,heavy_equipment
heavy_equipment_437.wav,heavy_equipment,heavy_equipment
heavy_equipment_438.wav,heavy_equipment,heavy_equipment
heavy_equipment_439.wav,heavy_equipment,heavy_equipment
heavy_equipment_440.wav,heavy_equipment,heavy_equipment
heavy_equipment_441.wav,heavy_equipment,heavy_equipment
heavy_equipment_442.wav,heavy_equipment,heavy_equipment
heavy_equipment_443.wav,heavy_equipment,heavy_equipment
heavy_equipment_444.wav,heavy_equipment,heavy_equipment
heavy_equipment_445.wav,heavy_equipment,heavy_equipment
heavy_equipment_446.wav,heavy_equipment,heavy_equipment
heavy_equipment_447.wav,heavy_equipment,heavy_equipment
heavy_equipment_448.wav,heavy_equipment,heavy_equipment
heavy_equipment_449.wav,heavy_equipment,heavy_equipment
heavy_equipment_450.wav,heavy_equipment,heavy_equipment
heavy_equipment_451.wav,heavy_equipment,heavy_equipment
heavy_equipment_452.wav,heavy_equipment,heavy_equipment
heavy_equipment_453.wav,heavy_equipment,heavy_equipment
heavy_equipment_454.wav,heavy_equipment,heavy_equipment
heavy_equipment_455.wav,heavy_equipment,heavy_equipment
heavy_equipment_456.wav,heavy_equipment,heavy_equipment
heavy_equipment_457.wav,heavy_equipment,heavy_equipment
heavy_equipment_458.wav,heavy_equipment,heavy_equipment
heavy_equipment_459.wav,heavy_equipment,heavy_equipment
heavy_equipment_460.wav,heavy_equipment,heavy_equipment
heavy_equipment_461.wav,heavy_equipment,heavy_equipment
heavy_equipment_462.wav,heavy_equipment,heavy_equipment
heavy_equipment_463.wav,heavy_equipment,heavy_equipment
heavy_equipment_464.wav,heavy_equipment,heavy_equipment
heavy_equipment_465.wav,heavy_equipment,heavy_equipment
heavy_equipment_466.wav,heavy_equipment,heavy_equipment
heavy_equipment_467.wav,heavy_equipment,heavy_equipment
heavy_equipment_468.wav,heavy_equipment,heavy_equipment
heavy_equipment_469.wav,heavy_equipment,heavy_equipment
heavy_equipment_470.wav,heavy_equipment,heavy_equipment
heavy_equipment_471.wav,heavy_equipment,heavy_equipment
heavy_equipment_472.wav,heavy_equipment,heavy_equipment
heavy_equipment_473.wav,heavy_equipment,heavy_equipment
heavy_equipment_474.wav,heavy_equipment,heavy_equipment
heavy_equipment_475.wav,heavy_equipment,heavy_equipment
heavy_equipment_476.wav,safety_alarm,heavy_equipment
heavy_equipment_477.wav,heavy_equipment,heavy_equipment
heavy_equipment_478.wav,heavy_equipment,heavy_equipment
heavy_equipment_479.wav,heavy_equipment,heavy_equipment
heavy_equipment_480.wav,heavy_equipment,heavy_equipment
heavy_equipment_481.wav,heavy_equipment,heavy_equipment
heavy_equipment_482.wav,heavy_equipment,heavy_equipment
heavy_equipment_483.wav,heavy_equipment,heavy_equipment
heavy_equipment_484.wav,heavy_equipment,heavy_equipment
heavy_equipment_485.wav,heavy_equipment,heavy_equipment
heavy_equipment_486.wav,heavy_equipment,heavy_equipment
heavy_equipment_487.wav,heavy_equipment,heavy_equipment
heavy_equipment_488.wav,heavy_equipment,heavy_equipment
heavy_equipment_489.wav,heavy_equipment,heavy_equipment
heavy_equipment_490.wav,heavy_equipment,heavy_equipment
heavy_equipment_491.wav,heavy_equipment,heavy_equipment
heavy_equipment_492.wav,heavy_equipment,heavy_equipment
heavy_equipment_493.wav,heavy_equipment,heavy_equipment
heavy_equipment_494.wav,heavy_equipment,heavy_equipment
heavy_equipment_495.wav,heavy_equipment,heavy_equipment
heavy_equipment_496.wav,heavy_equipment,heavy_equipment
heavy_equipment_497.wav,heavy_equipment,heavy_equipment
heavy_equipment_498.wav,heavy_equipment,heavy_equipment
heavy_equipment_499.wav,heavy_equipment,heavy_equipment
heavy_equipment_500.wav,heavy_equipment,heavy_equipment
heavy_equipment_501.wav,heavy_equipment,heavy_equipment
heavy_equipment_502.wav,heavy_equipment,heavy_equipment
heavy_equipment_503.wav,heavy_equipment,heavy_equipment
heavy_equipment_504.wav,heavy_equipment,heavy_equipment
heavy_equipment_505.wav,heavy_equipment,heavy_equipment
heavy_equipment_506.wav,heavy_equipment,heavy_equipment
heavy_equipment_507.wav,heavy_equipment,heavy_equipment
heavy_equipment_508.wav,heavy_equipment,heavy_equipment
heavy_equipment_509.wav,heavy_equipment,heavy_equipment
heavy_equipment_510.wav,heavy_equipment,heavy_equipment
heavy_equipment_511.wav,heavy_equipment,heavy_equipment
heavy_equipment_512.wav,heavy_equipment,heavy_equipment
heavy_equipment_513.wav,heavy_equipment,heavy_equipment
heavy_equipment_514.wav,heavy_equipment,heavy_equipment
heavy_equipment_515.wav,heavy_equipment,heavy_equipment
heavy_equipment_516.wav,heavy_equipment,heavy_equipment
heavy_equipment_517.wav,heavy_equipment,heavy_equipment
heavy_equipment_518.wav,heavy_equipment,heavy_equipment
heavy_equipment_519.wav,heavy_equipment,heavy_equipment
heavy_equipment_520.wav,heavy_equipment,heavy_equipment
heavy_equipment_521.wav,heavy_equipment,heavy_equipment
heavy_equipment_522.wav,heavy_equipment,heavy_equipment
heavy_equipment_523.wav,heavy_equipment,heavy_equipment
heavy_equipment_524.wav,heavy_equipment,heavy_equipment
heavy_equipment_525.wav,heavy_equipment,heavy_equipment
heavy_equipment_526.wav,heavy_equipment,heavy_equipment
heavy_equipment_527.wav,heavy_equipment,heavy_equipment
heavy_equipment_528.wav,heavy_equipment,heavy_equipment
heavy_equipment_529.wav,heavy_equipment,heavy_equipment
heavy_equipment_530.wav,heavy_equipment,heavy_equipment
heavy_equipment_531.wav,heavy_equipment,heavy_equipment
heavy_equipment_532.wav,heavy_equipment,heavy_equipment
heavy_equipment_533.wav,heavy_equipment,heavy_equipment
heavy_equipment_534.wav,heavy_equipment,heavy_equipment
heavy_equipment_535.wav,heavy_equipment,heavy_equipment
heavy_equipment_536.wav,heavy_equipment,heavy_equipment
heavy_equipment_537.wav,heavy_equipment,heavy_equipment
heavy_equipment_538.wav,heavy_equipment,heavy_equipment
heavy_equipment_539.wav,heavy_equipment,heavy_equipment
heavy_equipment_540.wav,heavy_equipment,heavy_equipment
heavy_equipment_541.wav,heavy_equipment,heavy_equipment
heavy_equipment_542.wav,heavy_equipment,heavy_equipment
heavy_equipment_543.wav,heavy_equipment,heavy_equipment
heavy_equipment_544.wav,heavy_equipment,heavy_equipment
heavy_equipment_545.wav,heavy_equipment,heavy_equipment
heavy_equipment_546.wav,heavy_equipment,heavy_equipment
heavy_equipment_547.wav,heavy_equipment,heavy_equipment
heavy_equipment_548.wav,heavy_equipment,heavy_equipment
heavy_equipment_549.wav,heavy_equipment,heavy_equipment
heavy_equipment_550.wav,heavy_equipment,heavy_equipment
heavy_equipment_551.wav,heavy_equipment,heavy_equipment
heavy_equipment_552.wav,heavy_equipment,heavy_equipment
heavy_equipment_553.wav,heavy_equipment,heavy_equipment
heavy_equipment_554.wav,heavy_equipment,heavy_equipment
heavy_equipment_555.wav,heavy_equipment,heavy_equipment
heavy_equipment_556.wav,heavy_equipment,heavy_equipment
heavy_equipment_557.wav,heavy_equipment,heavy_equipment
heavy_equipment_558.wav,heavy_equipment,heavy_equipment
heavy_equipment_559.wav,heavy_equipment,heavy_equipment
heavy_equipment_560.wav,heavy_equipment,heavy_equipment
heavy_equipment_561.wav,heavy_equipment,heavy_equipment
heavy_equipment_562.wav,heavy_equipment,heavy_equipment
heavy_equipment_563.wav,heavy_equipment,heavy_equipment
heavy_equipment_564.wav,heavy_equipment,heavy_equipment
heavy_equipment_565.wav,heavy_equipment,heavy_equipment
heavy_equipment_566.wav,heavy_equipment,heavy_equipment
heavy_equipment_567.wav,heavy_equipment,heavy_equipment
heavy_equipment_568.wav,heavy_equipment,heavy_equipment
heavy_equipment_569.wav,heavy_equipment,heavy_equipment
heavy_equipment_570.wav,heavy_equipment,heavy_equipment
heavy_equipment_571.wav,heavy_equipment,heavy_equipment
heavy_equipment_572.wav,heavy_equipment,heavy_equipment
heavy_equipment_573.wav,heavy_equipment,heavy_equipment
heavy_equipment_574.wav,heavy_equipment,heavy_equipment
heavy_equipment_575.wav,heavy_equipment,heavy_equipment
heavy_equipment_576.wav,heavy_equipment,heavy_equipment
heavy_equipment_577.wav,heavy_equipment,heavy_equipment
heavy_equipment_578.wav,heavy_equipment,heavy_equipment
heavy_equipment_579.wav,heavy_equipment,heavy_equipment
heavy_equipment_580.wav,heavy_equipment,heavy_equipment
heavy_equipment_581.wav,engine,heavy_equipment
heavy_equipment_582.wav,heavy_equipment,heavy_equipment
heavy_equipment_583.wav,heavy_equipment,heavy_equipment
heavy_equipment_584.wav,heavy_equipment,heavy_equipment
heavy_equipment_585.wav,heavy_equipment,heavy_equipment
heavy_equipment_586.wav,heavy_equipment,heavy_equipment
heavy_equipment_587.wav,heavy_equipment,heavy_equipment
heavy_equipment_588.wav,heavy_equipment,heavy_equipment
heavy_equipment_589.wav,heavy_equipment,heavy_equipment
heavy_equipment_590.wav,heavy_equipment,heavy_equipment
heavy_equipment_591.wav,heavy_equipment,heavy_equipment
heavy_equipment_592.wav,heavy_equipment,heavy_equipment
heavy_equipment_593.wav,heavy_equipment,heavy_equipment
heavy_equipment_594.wav,heavy_equipment,heavy_equipment
heavy_equipment_595.wav,heavy_equipment,heavy_equipment
heavy_equipment_596.wav,heavy_equipment,heavy_equipment
heavy_equipment_597.wav,heavy_equipment,heavy_equipment
heavy_equipment_598.wav,heavy_equipment,heavy_equipment
heavy_equipment_599.wav,heavy_equipment,heavy_equipment
heavy_equipment_600.wav,heavy_equipment,heavy_equipment
heavy_equipment_601.wav,heavy_equipment,heavy_equipment
heavy_equipment_602.wav,heavy_equipment,heavy_equipment
heavy_equipment_603.wav,heavy_equipment,heavy_equipment
heavy_equipment_604.wav,heavy_equipment,heavy_equipment
heavy_equipment_605.wav,heavy_equipment,heavy_equipment
heavy_equipment_606.wav,heavy_equipment,heavy_equipment
heavy_equipment_607.wav,heavy_equipment,heavy_equipment
heavy_equipment_608.wav,heavy_equipment,heavy_equipment
heavy_equipment_609.wav,heavy_equipment,heavy_equipment
heavy_equipment_610.wav,heavy_equipment,heavy_equipment
heavy_equipment_611.wav,heavy_equipment,heavy_equipment
heavy_equipment_612.wav,safety_alarm,heavy_equipment
heavy_equipment_613.wav,heavy_equipment,heavy_equipment
heavy_equipment_614.wav,heavy_equipment,heavy_equipment
heavy_equipment_615.wav,heavy_equipment,heavy_equipment
heavy_equipment_616.wav,heavy_equipment,heavy_equipment
heavy_equipment_617.wav,heavy_equipment,heavy_equipment
heavy_equipment_618.wav,heavy_equipment,heavy_equipment
heavy_equipment_619.wav,heavy_equipment,heavy_equipment
heavy_equipment_620.wav,heavy_equipment,heavy_equipment
heavy_equipment_621.wav,heavy_equipment,heavy_equipment
heavy_equipment_622.wav,heavy_equipment,heavy_equipment
heavy_equipment_623.wav,heavy_equipment,heavy_equipment
heavy_equipment_624.wav,heavy_equipment,heavy_equipment
heavy_equipment_625.wav,heavy_equipment,heavy_equipment
heavy_equipment_626.wav,heavy_equipment,heavy_equipment
heavy_equipment_627.wav,heavy_equipment,heavy_equipment
heavy_equipment_628.wav,engine,heavy_equipment
heavy_equipment_629.wav,heavy_equipment,heavy_equipment
heavy_equipment_630.wav,heavy_equipment,heavy_equipment
heavy_equipment_631.wav,engine,heavy_equipment
heavy_equipment_632.wav,heavy_equipment,heavy_equipment
heavy_equipment_633.wav,heavy_equipment,heavy_equipment
heavy_equipment_634.wav,heavy_equipment,heavy_equipment
heavy_equipment_635.wav,heavy_equipment,heavy_equipment
heavy_equipment_636.wav,heavy_equipment,heavy_equipment
heavy_equipment_637.wav,heavy_equipment,heavy_equipment
heavy_equipment_638.wav,heavy_equipment,heavy_equipment
heavy_equipment_639.wav,heavy_equipment,heavy_equipment
heavy_equipment_640.wav,heavy_equipment,heavy_equipment
heavy_equipment_641.wav,heavy_equipment,heavy_equipment
heavy_equipment_642.wav,heavy_equipment,heavy_equipment
heavy_equipment_643.wav,heavy_equipment,heavy_equipment
heavy_equipment_644.wav,heavy_equipment,heavy_equipment
heavy_equipment_645.wav,heavy_equipment,heavy_equipment
heavy_equipment_646.wav,heavy_equipment,heavy_equipment
heavy_equipment_647.wav,heavy_equipment,heavy_equipment
heavy_equipment_648.wav,engine,heavy_equipment
heavy_equipment_649.wav,heavy_equipment,heavy_equipment
heavy_equipment_650.wav,heavy_equipment,heavy_equipment
heavy_equipment_651.wav,heavy_equipment,heavy_equipment
heavy_equipment_652.wav,heavy_equipment,heavy_equipment
heavy_equipment_653.wav,heavy_equipment,heavy_equipment
heavy_equipment_654.wav,heavy_equipment,heavy_equipment
heavy_equipment_655.wav,heavy_equipment,heavy_equipment
heavy_equipment_656.wav,heavy_equipment,heavy_equipment
heavy_equipment_657.wav,heavy_equipment,heavy_equipment
heavy_equipment_658.wav,heavy_equipment,heavy_equipment
heavy_equipment_659.wav,heavy_equipment,heavy_equipment
heavy_equipment_660.wav,heavy_equipment,heavy_equipment
heavy_equipment_661.wav,heavy_equipment,heavy_equipment
heavy_equipment_662.wav,heavy_equipment,heavy_equipment
heavy_equipment_663.wav,heavy_equipment,heavy_equipment
heavy_equipment_664.wav,heavy_equipment,heavy_equipment
heavy_equipment_665.wav,heavy_equipment,heavy_equipment
heavy_equipment_666.wav,heavy_equipment,heavy_equipment
heavy_equipment_667.wav,heavy_equipment,heavy_equipment
heavy_equipment_668.wav,heavy_equipment,heavy_equipment
heavy_equipment_669.wav,heavy_equipment,heavy_equipment
heavy_equipment_670.wav,heavy_equipment,heavy_equipment
heavy_equipment_671.wav,heavy_equipment,heavy_equipment
heavy_equipment_672.wav,heavy_equipment,heavy_equipment
heavy_equipment_673.wav,heavy_equipment,heavy_equipment
heavy_equipment_674.wav,heavy_equipment,heavy_equipment
heavy_equipment_675.wav,heavy_equipment,heavy_equipment
heavy_equipment_676.wav,engine,heavy_equipment
heavy_equipment_677.wav,heavy_equipment,heavy_equipment
heavy_equipment_678.wav,engine,heavy_equipment
heavy_equipment_679.wav,heavy_equipment,heavy_equipment
heavy_equipment_680.wav,heavy_equipment,heavy_equipment
heavy_equipment_681.wav,heavy_equipment,heavy_equipment
heavy_equipment_682.wav,heavy_equipment,heavy_equipment
heavy_equipment_683.wav,heavy_equipment,heavy_equipment
heavy_equipment_684.wav,heavy_equipment,heavy_equipment
heavy_equipment_685.wav,heavy_equipment,heavy_equipment
heavy_equipment_686.wav,heavy_equipment,heavy_equipment
heavy_equipment_687.wav,heavy_equipment,heavy_equipment
heavy_equipment_688.wav,heavy_equipment,heavy_equipment
heavy_equipment_689.wav,heavy_equipment,heavy_equipment
heavy_equipment_690.wav,heavy_equipment,heavy_equipment
heavy_equipment_691.wav,heavy_equipment,heavy_equipment
heavy_equipment_692.wav,heavy_equipment,heavy_equipment
heavy_equipment_693.wav,heavy_equipment,heavy_equipment
heavy_equipment_694.wav,heavy_equipment,heavy_equipment
heavy_equipment_695.wav,heavy_equipment,heavy_equipment
heavy_equipment_696.wav,heavy_equipment,heavy_equipment
heavy_equipment_697.wav,heavy_equipment,heavy_equipment
heavy_equipment_698.wav,heavy_equipment,heavy_equipment
heavy_equipment_699.wav,heavy_equipment,heavy_equipment
heavy_equipment_700.wav,heavy_equipment,heavy_equipment
heavy_equipment_701.wav,heavy_equipment,heavy_equipment
heavy_equipment_702.wav,heavy_equipment,heavy_equipment
heavy_equipment_703.wav,heavy_equipment,heavy_equipment
heavy_equipment_704.wav,heavy_equipment,heavy_equipment
heavy_equipment_705.wav,heavy_equipment,heavy_equipment
heavy_equipment_706.wav,heavy_equipment,heavy_equipment
heavy_equipment_707.wav,heavy_equipment,heavy_equipment
heavy_equipment_708.wav,heavy_equipment,heavy_equipment
heavy_equipment_709.wav,heavy_equipment,heavy_equipment
heavy_equipment_710.wav,heavy_equipment,heavy_equipment
heavy_equipment_711.wav,heavy_equipment,heavy_equipment
heavy_equipment_712.wav,heavy_equipment,heavy_equipment
heavy_equipment_713.wav,heavy_equipment,heavy_equipment
heavy_equipment_714.wav,heavy_equipment,heavy_equipment
heavy_equipment_715.wav,heavy_equipment,heavy_equipment
heavy_equipment_716.wav,engine,heavy_equipment
heavy_equipment_717.wav,heavy_equipment,heavy_equipment
heavy_equipment_718.wav,heavy_equipment,heavy_equipment
heavy_equipment_719.wav,heavy_equipment,heavy_equipment
heavy_equipment_720.wav,heavy_equipment,heavy_equipment
heavy_equipment_721.wav,heavy_equipment,heavy_equipment
heavy_equipment_722.wav,heavy_equipment,heavy_equipment
heavy_equipment_723.wav,heavy_equipment,heavy_equipment
heavy_equipment_724.wav,heavy_equipment,heavy_equipment
heavy_equipment_725.wav,heavy_equipment,heavy_equipment
heavy_equipment_726.wav,heavy_equipment,heavy_equipment
heavy_equipment_727.wav,heavy_equipment,heavy_equipment
heavy_equipment_728.wav,heavy_equipment,heavy_equipment
heavy_equipment_729.wav,heavy_equipment,heavy_equipment
heavy_equipment_730.wav,heavy_equipment,heavy_equipment
heavy_equipment_731.wav,heavy_equipment,heavy_equipment
heavy_equipment_732.wav,heavy_equipment,heavy_equipment
heavy_equipment_733.wav,heavy_equipment,heavy_equipment
heavy_equipment_734.wav,heavy_equipment,heavy_equipment
heavy_equipment_735.wav,heavy_equipment,heavy_equipment
heavy_equipment_736.wav,heavy_equipment,heavy_equipment
heavy_equipment_737.wav,heavy_equipment,heavy_equipment
heavy_equipment_738.wav,heavy_equipment,heavy_equipment
heavy_equipment_739.wav,heavy_equipment,heavy_equipment
heavy_equipment_740.wav,heavy_equipment,heavy_equipment
heavy_equipment_741.wav,heavy_equipment,heavy_equipment
heavy_equipment_742.wav,heavy_equipment,heavy_equipment
heavy_equipment_743.wav,heavy_equipment,heavy_equipment
heavy_equipment_744.wav,heavy_equipment,heavy_equipment
heavy_equipment_745.wav,heavy_equipment,heavy_equipment
heavy_equipment_746.wav,heavy_equipment,heavy_equipment
heavy_equipment_747.wav,heavy_equipment,heavy_equipment
heavy_equipment_748.wav,heavy_equipment,heavy_equipment
heavy_equipment_749.wav,heavy_equipment,heavy_equipment
heavy_equipment_750.wav,heavy_equipment,heavy_equipment
heavy_equipment_751.wav,heavy_equipment,heavy_equipment
heavy_equipment_752.wav,heavy_equipment,heavy_equipment
heavy_equipment_753.wav,heavy_equipment,heavy_equipment
heavy_equipment_754.wav,heavy_equipment,heavy_equipment
heavy_equipment_755.wav,heavy_equipment,heavy_equipment
heavy_equipment_756.wav,heavy_equipment,heavy_equipment
heavy_equipment_757.wav,heavy_equipment,heavy_equipment
heavy_equipment_758.wav,heavy_equipment,heavy_equipment
heavy_equipment_759.wav,heavy_equipment,heavy_equipment
heavy_equipment_760.wav,heavy_equipment,heavy_equipment
heavy_equipment_761.wav,heavy_equipment,heavy_equipment
heavy_equipment_762.wav,heavy_equipment,heavy_equipment
heavy_equipment_763.wav,heavy_equipment,heavy_equipment
heavy_equipment_764.wav,heavy_equipment,heavy_equipment
heavy_equipment_765.wav,heavy_equipment,heavy_equipment
heavy_equipment_766.wav,heavy_equipment,heavy_equipment
heavy_equipment_767.wav,heavy_equipment,heavy_equipment
heavy_equipment_768.wav,heavy_equipment,heavy_equipment
heavy_equipment_769.wav,heavy_equipment,heavy_equipment
heavy_equipment_770.wav,heavy_equipment,heavy_equipment
heavy_equipment_771.wav,heavy_equipment,heavy_equipment
heavy_equipment_772.wav,heavy_equipment,heavy_equipment
heavy_equipment_773.wav,heavy_equipment,heavy_equipment
heavy_equipment_774.wav,heavy_equipment,heavy_equipment
heavy_equipment_775.wav,heavy_equipment,heavy_equipment
heavy_equipment_776.wav,heavy_equipment,heavy_equipment
heavy_equipment_777.wav,heavy_equipment,heavy_equipment
heavy_equipment_778.wav,heavy_equipment,heavy_equipment
heavy_equipment_779.wav,heavy_equipment,heavy_equipment
heavy_equipment_780.wav,heavy_equipment,heavy_equipment
heavy_equipment_781.wav,heavy_equipment,heavy_equipment
heavy_equipment_782.wav,heavy_equipment,heavy_equipment
heavy_equipment_783.wav,heavy_equipment,heavy_equipment
heavy_equipment_784.wav,heavy_equipment,heavy_equipment
heavy_equipment_785.wav,heavy_equipment,heavy_equipment
heavy_equipment_786.wav,heavy_equipment,heavy_equipment
heavy_equipment_787.wav,heavy_equipment,heavy_equipment
heavy_equipment_788.wav,heavy_equipment,heavy_equipment
heavy_equipment_789.wav,heavy_equipment,heavy_equipment
heavy_equipment_790.wav,heavy_equipment,heavy_equipment
heavy_equipment_791.wav,heavy_equipment,heavy_equipment
heavy_equipment_792.wav,heavy_equipment,heavy_equipment
heavy_equipment_793.wav,heavy_equipment,heavy_equipment
heavy_equipment_794.wav,heavy_equipment,heavy_equipment
heavy_equipment_795.wav,heavy_equipment,heavy_equipment
heavy_equipment_796.wav,heavy_equipment,heavy_equipment
heavy_equipment_797.wav,heavy_equipment,heavy_equipment
heavy_equipment_798.wav,heavy_equipment,heavy_equipment
heavy_equipment_799.wav,heavy_equipment,heavy_equipment
heavy_equipment_800.wav,heavy_equipment,heavy_equipment
heavy_equipment_801.wav,heavy_equipment,heavy_equipment
heavy_equipment_802.wav,heavy_equipment,heavy_equipment
heavy_equipment_803.wav,heavy_equipment,heavy_equipment
heavy_equipment_804.wav,heavy_equipment,heavy_equipment
heavy_equipment_805.wav,heavy_equipment,heavy_equipment
heavy_equipment_806.wav,heavy_equipment,heavy_equipment
heavy_equipment_807.wav,heavy_equipment,heavy_equipment
heavy_equipment_808.wav,heavy_equipment,heavy_equipment
heavy_equipment_809.wav,heavy_equipment,heavy_equipment
heavy_equipment_810.wav,heavy_equipment,heavy_equipment
heavy_equipment_811.wav,heavy_equipment,heavy_equipment
heavy_equipment_812.wav,heavy_equipment,heavy_equipment
heavy_equipment_813.wav,heavy_equipment,heavy_equipment
heavy_equipment_814.wav,heavy_equipment,heavy_equipment
heavy_equipment_815.wav,heavy_equipment,heavy_equipment
heavy_equipment_816.wav,heavy_equipment,heavy_equipment
heavy_equipment_817.wav,heavy_equipment,heavy_equipment
heavy_equipment_818.wav,heavy_equipment,heavy_equipment
heavy_equipment_819.wav,heavy_equipment,heavy_equipment
heavy_equipment_820.wav,heavy_equipment,heavy_equipment
heavy_equipment_821.wav,heavy_equipment,heavy_equipment
heavy_equipment_822.wav,heavy_equipment,heavy_equipment
heavy_equipment_823.wav,heavy_equipment,heavy_equipment
heavy_equipment_824.wav,heavy_equipment,heavy_equipment
heavy_equipment_825.wav,heavy_equipment,heavy_equipment
heavy_equipment_826.wav,heavy_equipment,heavy_equipment
heavy_equipment_827.wav,heavy_equipment,heavy_equipment
heavy_equipment_828.wav,heavy_equipment,heavy_equipment
heavy_equipment_829.wav,heavy_equipment,heavy_equipment
heavy_equipment_830.wav,heavy_equipment,heavy_equipment
heavy_equipment_831.wav,heavy_equipment,heavy_equipment
heavy_equipment_832.wav,heavy_equipment,heavy_equipment
heavy_equipment_833.wav,heavy_equipment,heavy_equipment
heavy_equipment_834.wav,heavy_equipment,heavy_equipment
heavy_equipment_835.wav,heavy_equipment,heavy_equipment
heavy_equipment_836.wav,heavy_equipment,heavy_equipment
heavy_equipment_837.wav,heavy_equipment,heavy_equipment
heavy_equipment_838.wav,heavy_equipment,heavy_equipment
heavy_equipment_839.wav,heavy_equipment,heavy_equipment
heavy_equipment_840.wav,heavy_equipment,heavy_equipment
heavy_equipment_841.wav,heavy_equipment,heavy_equipment
heavy_equipment_842.wav,heavy_equipment,heavy_equipment
heavy_equipment_843.wav,heavy_equipment,heavy_equipment
heavy_equipment_844.wav,heavy_equipment,heavy_equipment
heavy_equipment_845.wav,heavy_equipment,heavy_equipment
heavy_equipment_846.wav,heavy_equipment,heavy_equipment
heavy_equipment_847.wav,heavy_equipment,heavy_equipment
heavy_equipment_848.wav,engine,heavy_equipment
heavy_equipment_849.wav,safety_alarm,heavy_equipment
heavy_equipment_850.wav,heavy_equipment,heavy_equipment
heavy_equipment_851.wav,heavy_equipment,heavy_equipment
heavy_equipment_852.wav,heavy_equipment,heavy_equipment
heavy_equipment_853.wav,heavy_equipment,heavy_equipment
heavy_equipment_854.wav,heavy_equipment,heavy_equipment
heavy_equipment_855.wav,heavy_equipment,heavy_equipment
heavy_equipment_856.wav,heavy_equipment,heavy_equipment
heavy_equipment_857.wav,heavy_equipment,heavy_equipment
heavy_equipment_858.wav,heavy_equipment,heavy_equipment
heavy_equipment_859.wav,heavy_equipment,heavy_equipment
heavy_equipment_860.wav,heavy_equipment,heavy_equipment
heavy_equipment_861.wav,heavy_equipment,heavy_equipment
heavy_equipment_862.wav,heavy_equipment,heavy_equipment
heavy_equipment_863.wav,heavy_equipment,heavy_equipment
heavy_equipment_864.wav,heavy_equipment,heavy_equipment
heavy_equipment_865.wav,heavy_equipment,heavy_equipment
heavy_equipment_866.wav,heavy_equipment,heavy_equipment
heavy_equipment_867.wav,heavy_equipment,heavy_equipment
heavy_equipment_868.wav,heavy_equipment,heavy_equipment
heavy_equipment_869.wav,heavy_equipment,heavy_equipment
heavy_equipment_870.wav,heavy_equipment,heavy_equipment
heavy_equipment_871.wav,heavy_equipment,heavy_equipment
heavy_equipment_872.wav,heavy_equipment,heavy_equipment
heavy_equipment_873.wav,heavy_equipment,heavy_equipment
heavy_equipment_874.wav,heavy_equipment,heavy_equipment
heavy_equipment_875.wav,heavy_equipment,heavy_equipment
heavy_equipment_876.wav,heavy_equipment,heavy_equipment
heavy_equipment_877.wav,heavy_equipment,heavy_equipment
heavy_equipment_878.wav,heavy_equipment,heavy_equipment
heavy_equipment_879.wav,heavy_equipment,heavy_equipment
heavy_equipment_880.wav,heavy_equipment,heavy_equipment
heavy_equipment_881.wav,heavy_equipment,heavy_equipment
heavy_equipment_882.wav,heavy_equipment,heavy_equipment
heavy_equipment_883.wav,heavy_equipment,heavy_equipment
heavy_equipment_884.wav,heavy_equipment,heavy_equipment
heavy_equipment_885.wav,heavy_equipment,heavy_equipment
heavy_equipment_886.wav,heavy_equipment,heavy_equipment
heavy_equipment_887.wav,heavy_equipment,heavy_equipment
heavy_equipment_888.wav,heavy_equipment,heavy_equipment
heavy_equipment_889.wav,heavy_equipment,heavy_equipment
heavy_equipment_890.wav,heavy_equipment,heavy_equipment
heavy_equipment_891.wav,heavy_equipment,heavy_equipment
heavy_equipment_892.wav,heavy_equipment,heavy_equipment
heavy_equipment_893.wav,heavy_equipment,heavy_equipment
heavy_equipment_894.wav,heavy_equipment,heavy_equipment
heavy_equipment_895.wav,heavy_equipment,heavy_equipment
heavy_equipment_896.wav,heavy_equipment,heavy_equipment
heavy_equipment_897.wav,heavy_equipment,heavy_equipment
heavy_equipment_898.wav,heavy_equipment,heavy_equipment
heavy_equipment_899.wav,heavy_equipment,heavy_equipment
heavy_equipment_900.wav,heavy_equipment,heavy_equipment
heavy_equipment_901.wav,heavy_equipment,heavy_equipment
heavy_equipment_902.wav,heavy_equipment,heavy_equipment
heavy_equipment_903.wav,heavy_equipment,heavy_equipment
heavy_equipment_904.wav,safety_alarm,heavy_equipment
heavy_equipment_905.wav,heavy_equipment,heavy_equipment
heavy_equipment_906.wav,heavy_equipment,heavy_equipment
heavy_equipment_907.wav,heavy_equipment,heavy_equipment
heavy_equipment_908.wav,heavy_equipment,heavy_equipment
heavy_equipment_909.wav,heavy_equipment,heavy_equipment
heavy_equipment_910.wav,heavy_equipment,heavy_equipment
heavy_equipment_911.wav,heavy_equipment,heavy_equipment
heavy_equipment_912.wav,heavy_equipment,heavy_equipment
heavy_equipment_913.wav,heavy_equipment,heavy_equipment
heavy_equipment_914.wav,heavy_equipment,heavy_equipment
heavy_equipment_915.wav,heavy_equipment,heavy_equipment
heavy_equipment_916.wav,heavy_equipment,heavy_equipment
heavy_equipment_917.wav,heavy_equipment,heavy_equipment
heavy_equipment_918.wav,heavy_equipment,heavy_equipment
heavy_equipment_919.wav,heavy_equipment,heavy_equipment
heavy_equipment_920.wav,heavy_equipment,heavy_equipment
heavy_equipment_921.wav,heavy_equipment,heavy_equipment
heavy_equipment_922.wav,heavy_equipment,heavy_equipment
heavy_equipment_923.wav,heavy_equipment,heavy_equipment
heavy_equipment_924.wav,heavy_equipment,heavy_equipment
heavy_equipment_925.wav,heavy_equipment,heavy_equipment
heavy_equipment_926.wav,heavy_equipment,heavy_equipment
heavy_equipment_927.wav,heavy_equipment,heavy_equipment
heavy_equipment_928.wav,heavy_equipment,heavy_equipment
heavy_equipment_929.wav,heavy_equipment,heavy_equipment
heavy_equipment_930.wav,heavy_equipment,heavy_equipment
heavy_equipment_931.wav,heavy_equipment,heavy_equipment
heavy_equipment_932.wav,heavy_equipment,heavy_equipment
heavy_equipment_933.wav,heavy_equipment,heavy_equipment
heavy_equipment_934.wav,heavy_equipment,heavy_equipment
heavy_equipment_935.wav,heavy_equipment,heavy_equipment
heavy_equipment_936.wav,heavy_equipment,heavy_equipment
heavy_equipment_937.wav,heavy_equipment,heavy_equipment
heavy_equipment_938.wav,heavy_equipment,heavy_equipment
heavy_equipment_939.wav,heavy_equipment,heavy_equipment
heavy_equipment_940.wav,heavy_equipment,heavy_equipment
heavy_equipment_941.wav,heavy_equipment,heavy_equipment
heavy_equipment_942.wav,heavy_equipment,heavy_equipment
heavy_equipment_943.wav,heavy_equipment,heavy_equipment
heavy_equipment_944.wav,heavy_equipment,heavy_equipment
heavy_equipment_945.wav,heavy_equipment,heavy_equipment
heavy_equipment_946.wav,heavy_equipment,heavy_equipment
heavy_equipment_947.wav,heavy_equipment,heavy_equipment
heavy_equipment_948.wav,heavy_equipment,heavy_equipment
heavy_equipment_949.wav,heavy_equipment,heavy_equipment
heavy_equipment_950.wav,heavy_equipment,heavy_equipment
heavy_equipment_951.wav,heavy_equipment,heavy_equipment
heavy_equipment_952.wav,heavy_equipment,heavy_equipment
heavy_equipment_953.wav,heavy_equipment,heavy_equipment
heavy_equipment_954.wav,heavy_equipment,heavy_equipment
heavy_equipment_955.wav,heavy_equipment,heavy_equipment
heavy_equipment_956.wav,heavy_equipment,heavy_equipment
heavy_equipment_957.wav,heavy_equipment,heavy_equipment
heavy_equipment_958.wav,heavy_equipment,heavy_equipment
heavy_equipment_959.wav,heavy_equipment,heavy_equipment
heavy_equipment_960.wav,heavy_equipment,heavy_equipment
heavy_equipment_961.wav,heavy_equipment,heavy_equipment
heavy_equipment_962.wav,heavy_equipment,heavy_equipment
heavy_equipment_963.wav,heavy_equipment,heavy_equipment
heavy_equipment_964.wav,heavy_equipment,heavy_equipment
heavy_equipment_965.wav,heavy_equipment,heavy_equipment
heavy_equipment_966.wav,heavy_equipment,heavy_equipment
heavy_equipment_967.wav,heavy_equipment,heavy_equipment
heavy_equipment_968.wav,heavy_equipment,heavy_equipment
heavy_equipment_969.wav,heavy_equipment,heavy_equipment
heavy_equipment_970.wav,heavy_equipment,heavy_equipment
heavy_equipment_971.wav,heavy_equipment,heavy_equipment
heavy_equipment_972.wav,heavy_equipment,heavy_equipment
heavy_equipment_973.wav,heavy_equipment,heavy_equipment
heavy_equipment_974.wav,heavy_equipment,heavy_equipment
heavy_equipment_975.wav,heavy_equipment,heavy_equipment
heavy_equipment_976.wav,heavy_equipment,heavy_equipment
heavy_equipment_977.wav,heavy_equipment,heavy_equipment
heavy_equipment_978.wav,heavy_equipment,heavy_equipment
heavy_equipment_979.wav,heavy_equipment,heavy_equipment
heavy_equipment_980.wav,heavy_equipment,heavy_equipment
heavy_equipment_981.wav,heavy_equipment,heavy_equipment
heavy_equipment_982.wav,heavy_equipment,heavy_equipment
heavy_equipment_983.wav,heavy_equipment,heavy_equipment
heavy_equipment_984.wav,heavy_equipment,heavy_equipment
heavy_equipment_985.wav,heavy_equipment,heavy_equipment
heavy_equipment_986.wav,heavy_equipment,heavy_equipment
heavy_equipment_987.wav,heavy_equipment,heavy_equipment
heavy_equipment_988.wav,heavy_equipment,heavy_equipment
heavy_equipment_989.wav,heavy_equipment,heavy_equipment
heavy_equipment_990.wav,heavy_equipment,heavy_equipment
heavy_equipment_991.wav,heavy_equipment,heavy_equipment
heavy_equipment_992.wav,heavy_equipment,heavy_equipment
heavy_equipment_993.wav,heavy_equipment,heavy_equipment
heavy_equipment_994.wav,heavy_equipment,heavy_equipment
heavy_equipment_995.wav,heavy_equipment,heavy_equipment
heavy_equipment_996.wav,heavy_equipment,heavy_equipment
heavy_equipment_997.wav,heavy_equipment,heavy_equipment
heavy_equipment_998.wav,heavy_equipment,heavy_equipment
heavy_equipment_999.wav,heavy_equipment,heavy_equipment
heavy_equipment_1000.wav,heavy_equipment,heavy_equipment
metal_1.wav,metal,metal
metal_2.wav,metal,metal
metal_3.wav,metal,metal
metal_4.wav,metal,metal
metal_5.wav,metal,metal
metal_6.wav,metal,metal
metal_7.wav,metal,metal
metal_8.wav,metal,metal
metal_9.wav,metal,metal
metal_10.wav,metal,metal
metal_11.wav,metal,metal
metal_12.wav,metal,metal
metal_13.wav,metal,metal
metal_14.wav,metal,metal
metal_15.wav,metal,metal
metal_16.wav,metal,metal
metal_17.wav,metal,metal
metal_18.wav,metal,metal
metal_19.wav,metal,metal
metal_20.wav,metal,metal
metal_21.wav,metal,metal
metal_22.wav,metal,metal
metal_23.wav,metal,metal
metal_24.wav,metal,metal
metal_25.wav,metal,metal
metal_26.wav,metal,metal
metal_27.wav,metal,metal
metal_28.wav,metal,metal
metal_29.wav,metal,metal
metal_30.wav,metal,metal
metal_31.wav,metal,metal
metal_32.wav,metal,metal
metal_33.wav,metal,metal
metal_34.wav,metal,metal
metal_35.wav,metal,metal
metal_36.wav,metal,metal
metal_37.wav,metal,metal
metal_38.wav,metal,metal
metal_39.wav,metal,metal
metal_40.wav,metal,metal
metal_41.wav,metal,metal
metal_42.wav,metal,metal
metal_43.wav,metal,metal
metal_44.wav,metal,metal
metal_45.wav,metal,metal
metal_46.wav,metal,metal
metal_47.wav,metal,metal
metal_48.wav,metal,metal
metal_49.wav,metal,metal
metal_50.wav,metal,metal
metal_51.wav,metal,metal
metal_52.wav,metal,metal
metal_53.wav,metal,metal
metal_54.wav,metal,metal
metal_55.wav,metal,metal
metal_56.wav,metal,metal
metal_57.wav,metal,metal
metal_58.wav,metal,metal
metal_59.wav,metal,metal
metal_60.wav,metal,metal
metal_61.wav,metal,metal
metal_62.wav,metal,metal
metal_63.wav,metal,metal
metal_64.wav,metal,metal
metal_65.wav,metal,metal
metal_66.wav,metal,metal
metal_67.wav,metal,metal
metal_68.wav,metal,metal
metal_69.wav,metal,metal
metal_70.wav,metal,metal
metal_71.wav,metal,metal
metal_72.wav,metal,metal
metal_73.wav,metal,metal
metal_74.wav,metal,metal
metal_75.wav,metal,metal
metal_76.wav,metal,metal
metal_77.wav,metal,metal
metal_78.wav,metal,metal
metal_79.wav,metal,metal
metal_80.wav,metal,metal
metal_81.wav,metal,metal
metal_82.wav,metal,metal
metal_83.wav,metal,metal
metal_84.wav,metal,metal
metal_85.wav,metal,metal
metal_86.wav,metal,metal
metal_87.wav,metal,metal
metal_88.wav,metal,metal
metal_89.wav,metal,metal
metal_90.wav,metal,metal
metal_91.wav,metal,metal
metal_92.wav,metal,metal
metal_93.wav,metal,metal
metal_94.wav,metal,metal
metal_95.wav,metal,metal
metal_96.wav,metal,metal
metal_97.wav,metal,metal
metal_98.wav,metal,metal
metal_99.wav,metal,metal
metal_100.wav,metal,metal
metal_101.wav,metal,metal
metal_102.wav,metal,metal
metal_103.wav,metal,metal
metal_104.wav,metal,metal
metal_105.wav,metal,metal
metal_106.wav,metal,metal
metal_107.wav,metal,metal
metal_108.wav,metal,metal
metal_109.wav,metal,metal
metal_110.wav,metal,metal
metal_111.wav,metal,metal
metal_112.wav,metal,metal
metal_113.wav,metal,metal
metal_114.wav,metal,metal
metal_115.wav,metal,metal
metal_116.wav,metal,metal
metal_117.wav,metal,metal
metal_118.wav,metal,metal
metal_119.wav,metal,metal
metal_120.wav,metal,metal
metal_121.wav,metal,metal
metal_122.wav,metal,metal
metal_123.wav,metal,metal
metal_124.wav,metal,metal
metal_125.wav,metal,metal
metal_126.wav,metal,metal
metal_127.wav,metal,metal
metal_128.wav,metal,metal
metal_129.wav,metal,metal
metal_130.wav,metal,metal
metal_131.wav,metal,metal
metal_132.wav,metal,metal
metal_133.wav,metal,metal
metal_134.wav,metal,metal
metal_135.wav,metal,metal
metal_136.wav,metal,metal
metal_137.wav,metal,metal
metal_138.wav,metal,metal
metal_139.wav,metal,metal
metal_140.wav,metal,metal
metal_141.wav,metal,metal
metal_142.wav,metal,metal
metal_143.wav,metal,metal
metal_144.wav,metal,metal
metal_145.wav,metal,metal
metal_146.wav,metal,metal
metal_147.wav,metal,metal
metal_148.wav,metal,metal
metal_149.wav,metal,metal
metal_150.wav,metal,metal
metal_151.wav,metal,metal
metal_152.wav,metal,metal
metal_153.wav,metal,metal
metal_154.wav,metal,metal
metal_155.wav,metal,metal
metal_156.wav,metal,metal
metal_157.wav,metal,metal
metal_158.wav,metal,metal
metal_159.wav,metal,metal
metal_160.wav,metal,metal
metal_161.wav,metal,metal
metal_162.wav,metal,metal
metal_163.wav,metal,metal
metal_164.wav,metal,metal
metal_165.wav,metal,metal
metal_166.wav,metal,metal
metal_167.wav,metal,metal
metal_168.wav,metal,metal
metal_169.wav,metal,metal
metal_170.wav,metal,metal
metal_171.wav,metal,metal
metal_172.wav,metal,metal
metal_173.wav,metal,metal
metal_174.wav,metal,metal
metal_175.wav,metal,metal
metal_176.wav,metal,metal
metal_177.wav,metal,metal
metal_178.wav,metal,metal
metal_179.wav,metal,metal
metal_180.wav,metal,metal
metal_181.wav,metal,metal
metal_182.wav,metal,metal
metal_183.wav,metal,metal
metal_184.wav,metal,metal
metal_185.wav,metal,metal
metal_186.wav,metal,metal
metal_187.wav,metal,metal
metal_188.wav,metal,metal
metal_189.wav,metal,metal
metal_190.wav,metal,metal
metal_191.wav,metal,metal
metal_192.wav,metal,metal
metal_193.wav,metal,metal
metal_194.wav,metal,metal
metal_195.wav,metal,metal
metal_196.wav,metal,metal
metal_197.wav,metal,metal
metal_198.wav,metal,metal
metal_199.wav,metal,metal
metal_200.wav,metal,metal
metal_201.wav,metal,metal
metal_202.wav,metal,metal
metal_203.wav,metal,metal
metal_204.wav,metal,metal
metal_205.wav,metal,metal
metal_206.wav,metal,metal
metal_207.wav,metal,metal
metal_208.wav,metal,metal
metal_209.wav,metal,metal
metal_210.wav,metal,metal
metal_211.wav,metal,metal
metal_212.wav,metal,metal
metal_213.wav,metal,metal
metal_214.wav,metal,metal
metal_215.wav,metal,metal
metal_216.wav,metal,metal
metal_217.wav,metal,metal
metal_218.wav,metal,metal
metal_219.wav,metal,metal
metal_220.wav,metal,metal
metal_221.wav,metal,metal
metal_222.wav,metal,metal
metal_223.wav,metal,metal
metal_224.wav,metal,metal
metal_225.wav,metal,metal
metal_226.wav,metal,metal
metal_227.wav,metal,metal
metal_228.wav,metal,metal
metal_229.wav,metal,metal
metal_230.wav,metal,metal
metal_231.wav,metal,metal
metal_232.wav,metal,metal
metal_233.wav,metal,metal
metal_234.wav,metal,metal
metal_235.wav,metal,metal
metal_236.wav,metal,metal
metal_237.wav,metal,metal
metal_238.wav,metal,metal
metal_239.wav,metal,metal
metal_240.wav,metal,metal
metal_241.wav,metal,metal
metal_242.wav,metal,metal
metal_243.wav,metal,metal
metal_244.wav,metal,metal
metal_245.wav,metal,metal
metal_246.wav,metal,metal
metal_247.wav,metal,metal
metal_248.wav,metal,metal
metal_249.wav,metal,metal
metal_250.wav,metal,metal
metal_251.wav,metal,metal
metal_252.wav,metal,metal
metal_253.wav,metal,metal
metal_254.wav,metal,metal
metal_255.wav,metal,metal
metal_256.wav,metal,metal
metal_257.wav,metal,metal
metal_258.wav,metal,metal
metal_259.wav,metal,metal
metal_260.wav,metal,metal
metal_261.wav,metal,metal
metal_262.wav,metal,metal
metal_263.wav,metal,metal
metal_264.wav,metal,metal
metal_265.wav,metal,metal
metal_266.wav,metal,metal
metal_267.wav,metal,metal
metal_268.wav,metal,metal
metal_269.wav,metal,metal
metal_270.wav,metal,metal
metal_271.wav,metal,metal
metal_272.wav,metal,metal
metal_273.wav,metal,metal
metal_274.wav,metal,metal
metal_275.wav,metal,metal
metal_276.wav,metal,metal
metal_277.wav,metal,metal
metal_278.wav,metal,metal
metal_279.wav,metal,metal
metal_280.wav,metal,metal
metal_281.wav,metal,metal
metal_282.wav,metal,metal
metal_283.wav,metal,metal
metal_284.wav,metal,metal
metal_285.wav,metal,metal
metal_286.wav,metal,metal
metal_287.wav,metal,metal
metal_288.wav,metal,metal
metal_289.wav,metal,metal
metal_290.wav,metal,metal
metal_291.wav,metal,metal
metal_292.wav,metal,metal
metal_293.wav,metal,metal
metal_294.wav,metal,metal
metal_295.wav,metal,metal
metal_296.wav,metal,metal
metal_297.wav,metal,metal
metal_298.wav,metal,metal
metal_299.wav,metal,metal
metal_300.wav,metal,metal
metal_301.wav,metal,metal
metal_302.wav,metal,metal
metal_303.wav,metal,metal
metal_304.wav,metal,metal
metal_305.wav,metal,metal
metal_306.wav,metal,metal
metal_307.wav,metal,metal
metal_308.wav,metal,metal
metal_309.wav,metal,metal
metal_310.wav,metal,metal
metal_311.wav,metal,metal
metal_312.wav,metal,metal
metal_313.wav,metal,metal
metal_314.wav,metal,metal
metal_315.wav,metal,metal
metal_316.wav,metal,metal
metal_317.wav,glass,metal
metal_318.wav,metal,metal
metal_319.wav,metal,metal
metal_320.wav,metal,metal
metal_321.wav,metal,metal
metal_322.wav,metal,metal
metal_323.wav,metal,metal
metal_324.wav,metal,metal
metal_325.wav,metal,metal
metal_326.wav,metal,metal
metal_327.wav,metal,metal
metal_328.wav,metal,metal
metal_329.wav,metal,metal
metal_330.wav,metal,metal
metal_331.wav,metal,metal
metal_332.wav,metal,metal
metal_333.wav,metal,metal
metal_334.wav,metal,metal
metal_335.wav,metal,metal
metal_336.wav,metal,metal
metal_337.wav,metal,metal
metal_338.wav,metal,metal
metal_339.wav,metal,metal
metal_340.wav,metal,metal
metal_341.wav,metal,metal
metal_342.wav,metal,metal
metal_343.wav,metal,metal
metal_344.wav,metal,metal
metal_345.wav,metal,metal
metal_346.wav,metal,metal
metal_347.wav,metal,metal
metal_348.wav,metal,metal
metal_349.wav,metal,metal
metal_350.wav,metal,metal
metal_351.wav,metal,metal
metal_352.wav,metal,metal
metal_353.wav,metal,metal
metal_354.wav,metal,metal
metal_355.wav,metal,metal
metal_356.wav,metal,metal
metal_357.wav,metal,metal
metal_358.wav,metal,metal
metal_359.wav,metal,metal
metal_360.wav,metal,metal
metal_361.wav,metal,metal
metal_362.wav,metal,metal
metal_363.wav,metal,metal
metal_364.wav,metal,metal
metal_365.wav,metal,metal
metal_366.wav,metal,metal
metal_367.wav,metal,metal
metal_368.wav,metal,metal
metal_369.wav,metal,metal
metal_370.wav,metal,metal
metal_371.wav,metal,metal
metal_372.wav,metal,metal
metal_373.wav,metal,metal
metal_374.wav,metal,metal
metal_375.wav,metal,metal
metal_376.wav,metal,metal
metal_377.wav,metal,metal
metal_378.wav,metal,metal
metal_379.wav,metal,metal
metal_380.wav,metal,metal
metal_381.wav,metal,metal
metal_382.wav,metal,metal
metal_383.wav,metal,metal
metal_384.wav,metal,metal
metal_385.wav,metal,metal
metal_386.wav,metal,metal
metal_387.wav,metal,metal
metal_388.wav,metal,metal
metal_389.wav,metal,metal
metal_390.wav,metal,metal
metal_391.wav,metal,metal
metal_392.wav,metal,metal
metal_393.wav,metal,metal
metal_394.wav,metal,metal
metal_395.wav,metal,metal
metal_396.wav,metal,metal
metal_397.wav,metal,metal
metal_398.wav,metal,metal
metal_399.wav,metal,metal
metal_400.wav,metal,metal
metal_401.wav,metal,metal
metal_402.wav,metal,metal
metal_403.wav,metal,metal
metal_404.wav,metal,metal
metal_405.wav,metal,metal
metal_406.wav,metal,metal
metal_407.wav,metal,metal
metal_408.wav,metal,metal
metal_409.wav,metal,metal
metal_410.wav,metal,metal
metal_411.wav,metal,metal
metal_412.wav,metal,metal
metal_413.wav,metal,metal
metal_414.wav,metal,metal
metal_415.wav,metal,metal
metal_416.wav,metal,metal
metal_417.wav,metal,metal
metal_418.wav,metal,metal
metal_419.wav,metal,metal
metal_420.wav,metal,metal
metal_421.wav,metal,metal
metal_422.wav,metal,metal
metal_423.wav,metal,metal
metal_424.wav,metal,metal
metal_425.wav,metal,metal
metal_426.wav,metal,metal
metal_427.wav,metal,metal
metal_428.wav,metal,metal
metal_429.wav,metal,metal
metal_430.wav,metal,metal
metal_431.wav,metal,metal
metal_432.wav,metal,metal
metal_433.wav,metal,metal
metal_434.wav,metal,metal
metal_435.wav,metal,metal
metal_436.wav,metal,metal
metal_437.wav,metal,metal
metal_438.wav,metal,metal
metal_439.wav,metal,metal
metal_440.wav,metal,metal
metal_441.wav,metal,metal
metal_442.wav,metal,metal
metal_443.wav,metal,metal
metal_444.wav,metal,metal
metal_445.wav,metal,metal
metal_446.wav,metal,metal
metal_447.wav,metal,metal
metal_448.wav,metal,metal
metal_449.wav,metal,metal
metal_450.wav,metal,metal
metal_451.wav,metal,metal
metal_452.wav,metal,metal
metal_453.wav,metal,metal
metal_454.wav,metal,metal
metal_455.wav,metal,metal
metal_456.wav,metal,metal
metal_457.wav,metal,metal
metal_458.wav,metal,metal
metal_459.wav,metal,metal
metal_460.wav,metal,metal
metal_461.wav,metal,metal
metal_462.wav,metal,metal
metal_463.wav,metal,metal
metal_464.wav,metal,metal
metal_465.wav,plastic,metal
metal_466.wav,metal,metal
metal_467.wav,metal,metal
metal_468.wav,metal,metal
metal_469.wav,metal,metal
metal_470.wav,metal,metal
metal_471.wav,metal,metal
metal_472.wav,metal,metal
metal_473.wav,metal,metal
metal_474.wav,metal,metal
metal_475.wav,metal,metal
metal_476.wav,metal,metal
metal_477.wav,metal,metal
metal_478.wav,metal,metal
metal_479.wav,metal,metal
metal_480.wav,metal,metal
metal_481.wav,metal,metal
metal_482.wav,metal,metal
metal_483.wav,metal,metal
metal_484.wav,metal,metal
metal_485.wav,metal,metal
metal_486.wav,metal,metal
metal_487.wav,metal,metal
metal_488.wav,metal,metal
metal_489.wav,metal,metal
metal_490.wav,metal,metal
metal_491.wav,metal,metal
metal_492.wav,metal,metal
metal_493.wav,metal,metal
metal_494.wav,metal,metal
metal_495.wav,metal,metal
metal_496.wav,metal,metal
metal_497.wav,metal,metal
metal_498.wav,metal,metal
metal_499.wav,metal,metal
metal_500.wav,metal,metal
metal_501.wav,metal,metal
metal_502.wav,metal,metal
metal_503.wav,metal,metal
metal_504.wav,metal,metal
metal_505.wav,metal,metal
metal_506.wav,metal,metal
metal_507.wav,metal,metal
metal_508.wav,metal,metal
metal_509.wav,metal,metal
metal_510.wav,metal,metal
metal_511.wav,metal,metal
metal_512.wav,metal,metal
metal_513.wav,metal,metal
metal_514.wav,metal,metal
metal_515.wav,metal,metal
metal_516.wav,metal,metal
metal_517.wav,metal,metal
metal_518.wav,metal,metal
metal_519.wav,metal,metal
metal_520.wav,metal,metal
metal_521.wav,metal,metal
metal_522.wav,metal,metal
metal_523.wav,metal,metal
metal_524.wav,metal,metal
metal_525.wav,stone_rock,metal
metal_526.wav,metal,metal
metal_527.wav,metal,metal
metal_528.wav,metal,metal
metal_529.wav,metal,metal
metal_530.wav,metal,metal
metal_531.wav,metal,metal
metal_532.wav,metal,metal
metal_533.wav,metal,metal
metal_534.wav,metal,metal
metal_535.wav,metal,metal
metal_536.wav,metal,metal
metal_537.wav,metal,metal
metal_538.wav,metal,metal
metal_539.wav,metal,metal
metal_540.wav,metal,metal
metal_541.wav,metal,metal
metal_542.wav,metal,metal
metal_543.wav,metal,metal
metal_544.wav,metal,metal
metal_545.wav,metal,metal
metal_546.wav,metal,metal
metal_547.wav,metal,metal
metal_548.wav,metal,metal
metal_549.wav,metal,metal
metal_550.wav,metal,metal
metal_551.wav,metal,metal
metal_552.wav,metal,metal
metal_553.wav,metal,metal
metal_554.wav,metal,metal
metal_555.wav,metal,metal
metal_556.wav,metal,metal
metal_557.wav,metal,metal
metal_558.wav,metal,metal
metal_559.wav,metal,metal
metal_560.wav,metal,metal
metal_561.wav,metal,metal
metal_562.wav,metal,metal
metal_563.wav,metal,metal
metal_564.wav,metal,metal
metal_565.wav,metal,metal
metal_566.wav,metal,metal
metal_567.wav,metal,metal
metal_568.wav,metal,metal
metal_569.wav,metal,metal
metal_570.wav,metal,metal
metal_571.wav,metal,metal
metal_572.wav,metal,metal
metal_573.wav,metal,metal
metal_574.wav,metal,metal
metal_575.wav,metal,metal
metal_576.wav,metal,metal
metal_577.wav,metal,metal
metal_578.wav,metal,metal
metal_579.wav,metal,metal
metal_580.wav,metal,metal
metal_581.wav,metal,metal
metal_582.wav,metal,metal
metal_583.wav,metal,metal
metal_584.wav,metal,metal
metal_585.wav,metal,metal
metal_586.wav,metal,metal
metal_587.wav,metal,metal
metal_588.wav,metal,metal
metal_589.wav,metal,metal
metal_590.wav,metal,metal
metal_591.wav,metal,metal
metal_592.wav,metal,metal
metal_593.wav,metal,metal
metal_594.wav,metal,metal
metal_595.wav,metal,metal
metal_596.wav,metal,metal
metal_597.wav,metal,metal
metal_598.wav,metal,metal
metal_599.wav,metal,metal
metal_600.wav,metal,metal
metal_601.wav,metal,metal
metal_602.wav,metal,metal
metal_603.wav,metal,metal
metal_604.wav,metal,metal
metal_605.wav,metal,metal
metal_606.wav,metal,metal
metal_607.wav,metal,metal
metal_608.wav,metal,metal
metal_609.wav,metal,metal
metal_610.wav,metal,metal
metal_611.wav,metal,metal
metal_612.wav,metal,metal
metal_613.wav,metal,metal
metal_614.wav,metal,metal
metal_615.wav,metal,metal
metal_616.wav,metal,metal
metal_617.wav,metal,metal
metal_618.wav,metal,metal
metal_619.wav,metal,metal
metal_620.wav,metal,metal
metal_621.wav,metal,metal
metal_622.wav,metal,metal
metal_623.wav,metal,metal
metal_624.wav,metal,metal
metal_625.wav,metal,metal
metal_626.wav,metal,metal
metal_627.wav,metal,metal
metal_628.wav,metal,metal
metal_629.wav,metal,metal
metal_630.wav,metal,metal
metal_631.wav,metal,metal
metal_632.wav,metal,metal
metal_633.wav,metal,metal
metal_634.wav,metal,metal
metal_635.wav,metal,metal
metal_636.wav,metal,metal
metal_637.wav,metal,metal
metal_638.wav,metal,metal
metal_639.wav,metal,metal
metal_640.wav,metal,metal
metal_641.wav,metal,metal
metal_642.wav,metal,metal
metal_643.wav,metal,metal
metal_644.wav,metal,metal
metal_645.wav,metal,metal
metal_646.wav,metal,metal
metal_647.wav,metal,metal
metal_648.wav,metal,metal
metal_649.wav,metal,metal
metal_650.wav,metal,metal
metal_651.wav,metal,metal
metal_652.wav,metal,metal
metal_653.wav,metal,metal
metal_654.wav,metal,metal
metal_655.wav,metal,metal
metal_656.wav,metal,metal
metal_657.wav,metal,metal
metal_658.wav,metal,metal
metal_659.wav,metal,metal
metal_660.wav,metal,metal
metal_661.wav,metal,metal
metal_662.wav,metal,metal
metal_663.wav,metal,metal
metal_664.wav,metal,metal
metal_665.wav,metal,metal
metal_666.wav,metal,metal
metal_667.wav,metal,metal
metal_668.wav,metal,metal
metal_669.wav,metal,metal
metal_670.wav,metal,metal
metal_671.wav,metal,metal
metal_672.wav,metal,metal
metal_673.wav,metal,metal
metal_674.wav,metal,metal
metal_675.wav,metal,metal
metal_676.wav,metal,metal
metal_677.wav,metal,metal
metal_678.wav,metal,metal
metal_679.wav,metal,metal
metal_680.wav,metal,metal
metal_681.wav,metal,metal
metal_682.wav,metal,metal
metal_683.wav,metal,metal
metal_684.wav,metal,metal
metal_685.wav,metal,metal
metal_686.wav,metal,metal
metal_687.wav,metal,metal
metal_688.wav,metal,metal
metal_689.wav,metal,metal
metal_690.wav,metal,metal
metal_691.wav,metal,metal
metal_692.wav,metal,metal
metal_693.wav,metal,metal
metal_694.wav,metal,metal
metal_695.wav,metal,metal
metal_696.wav,metal,metal
metal_697.wav,metal,metal
metal_698.wav,metal,metal
metal_699.wav,metal,metal
metal_700.wav,metal,metal
metal_701.wav,metal,metal
metal_702.wav,metal,metal
metal_703.wav,metal,metal
metal_704.wav,metal,metal
metal_705.wav,metal,metal
metal_706.wav,metal,metal
metal_707.wav,metal,metal
metal_708.wav,metal,metal
metal_709.wav,metal,metal
metal_710.wav,metal,metal
metal_711.wav,metal,metal
metal_712.wav,metal,metal
metal_713.wav,metal,metal
metal_714.wav,metal,metal
metal_715.wav,metal,metal
metal_716.wav,metal,metal
metal_717.wav,metal,metal
metal_718.wav,metal,metal
metal_719.wav,metal,metal
metal_720.wav,metal,metal
metal_721.wav,metal,metal
metal_722.wav,stone_rock,metal
metal_723.wav,metal,metal
metal_724.wav,metal,metal
metal_725.wav,metal,metal
metal_726.wav,metal,metal
metal_727.wav,metal,metal
metal_728.wav,metal,metal
metal_729.wav,metal,metal
metal_730.wav,metal,metal
metal_731.wav,metal,metal
metal_732.wav,metal,metal
metal_733.wav,metal,metal
metal_734.wav,metal,metal
metal_735.wav,metal,metal
metal_736.wav,metal,metal
metal_737.wav,metal,metal
metal_738.wav,metal,metal
metal_739.wav,metal,metal
metal_740.wav,metal,metal
metal_741.wav,metal,metal
metal_742.wav,metal,metal
metal_743.wav,metal,metal
metal_744.wav,metal,metal
metal_745.wav,metal,metal
metal_746.wav,metal,metal
metal_747.wav,metal,metal
metal_748.wav,metal,metal
metal_749.wav,metal,metal
metal_750.wav,metal,metal
metal_751.wav,metal,metal
metal_752.wav,metal,metal
metal_753.wav,metal,metal
metal_754.wav,metal,metal
metal_755.wav,metal,metal
metal_756.wav,metal,metal
metal_757.wav,metal,metal
metal_758.wav,metal,metal
metal_759.wav,metal,metal
metal_760.wav,metal,metal
metal_761.wav,metal,metal
metal_762.wav,metal,metal
metal_763.wav,metal,metal
metal_764.wav,metal,metal
metal_765.wav,metal,metal
metal_766.wav,metal,metal
metal_767.wav,metal,metal
metal_768.wav,metal,metal
metal_769.wav,metal,metal
metal_770.wav,metal,metal
metal_771.wav,metal,metal
metal_772.wav,metal,metal
metal_773.wav,metal,metal
metal_774.wav,metal,metal
metal_775.wav,metal,metal
metal_776.wav,metal,metal
metal_777.wav,metal,metal
metal_778.wav,metal,metal
metal_779.wav,metal,metal
metal_780.wav,metal,metal
metal_781.wav,metal,metal
metal_782.wav,metal,metal
metal_783.wav,metal,metal
metal_784.wav,metal,metal
metal_785.wav,metal,metal
metal_786.wav,metal,metal
metal_787.wav,metal,metal
metal_788.wav,metal,metal
metal_789.wav,metal,metal
metal_790.wav,metal,metal
metal_791.wav,metal,metal
metal_792.wav,metal,metal
metal_793.wav,metal,metal
metal_794.wav,metal,metal
metal_795.wav,metal,metal
metal_796.wav,metal,metal
metal_797.wav,metal,metal
metal_798.wav,metal,metal
metal_799.wav,metal,metal
metal_800.wav,metal,metal
metal_801.wav,metal,metal
metal_802.wav,metal,metal
metal_803.wav,metal,metal
metal_804.wav,metal,metal
metal_805.wav,metal,metal
metal_806.wav,metal,metal
metal_807.wav,metal,metal
metal_808.wav,metal,metal
metal_809.wav,metal,metal
metal_810.wav,metal,metal
metal_811.wav,metal,metal
metal_812.wav,metal,metal
metal_813.wav,metal,metal
metal_814.wav,metal,metal
metal_815.wav,metal,metal
metal_816.wav,metal,metal
metal_817.wav,metal,metal
metal_818.wav,metal,metal
metal_819.wav,metal,metal
metal_820.wav,metal,metal
metal_821.wav,metal,metal
metal_822.wav,metal,metal
metal_823.wav,metal,metal
metal_824.wav,metal,metal
metal_825.wav,metal,metal
metal_826.wav,metal,metal
metal_827.wav,metal,metal
metal_828.wav,metal,metal
metal_829.wav,metal,metal
metal_830.wav,metal,metal
metal_831.wav,metal,metal
metal_832.wav,metal,metal
metal_833.wav,metal,metal
metal_834.wav,metal,metal
metal_835.wav,metal,metal
metal_836.wav,metal,metal
metal_837.wav,metal,metal
metal_838.wav,metal,metal
metal_839.wav,metal,metal
metal_840.wav,metal,metal
metal_841.wav,metal,metal
metal_842.wav,metal,metal
metal_843.wav,metal,metal
metal_844.wav,metal,metal
metal_845.wav,metal,metal
metal_846.wav,metal,metal
metal_847.wav,metal,metal
metal_848.wav,metal,metal
metal_849.wav,metal,metal
metal_850.wav,metal,metal
metal_851.wav,metal,metal
metal_852.wav,metal,metal
metal_853.wav,metal,metal
metal_854.wav,metal,metal
metal_855.wav,metal,metal
metal_856.wav,metal,metal
metal_857.wav,metal,metal
metal_858.wav,metal,metal
metal_859.wav,metal,metal
metal_860.wav,metal,metal
metal_861.wav,metal,metal
metal_862.wav,metal,metal
metal_863.wav,metal,metal
metal_864.wav,metal,metal
metal_865.wav,metal,metal
metal_866.wav,metal,metal
metal_867.wav,metal,metal
metal_868.wav,metal,metal
metal_869.wav,metal,metal
metal_870.wav,metal,metal
metal_871.wav,metal,metal
metal_872.wav,metal,metal
metal_873.wav,metal,metal
metal_874.wav,metal,metal
metal_875.wav,metal,metal
metal_876.wav,metal,metal
metal_877.wav,metal,metal
metal_878.wav,metal,metal
metal_879.wav,metal,metal
metal_880.wav,metal,metal
metal_881.wav,metal,metal
metal_882.wav,metal,metal
metal_883.wav,metal,metal
metal_884.wav,metal,metal
metal_885.wav,metal,metal
metal_886.wav,metal,metal
metal_887.wav,metal,metal
metal_888.wav,metal,metal
metal_889.wav,metal,metal
metal_890.wav,metal,metal
metal_891.wav,metal,metal
metal_892.wav,metal,metal
metal_893.wav,metal,metal
metal_894.wav,metal,metal
metal_895.wav,metal,metal
metal_896.wav,metal,metal
metal_897.wav,metal,metal
metal_898.wav,metal,metal
metal_899.wav,metal,metal
metal_900.wav,metal,metal
metal_901.wav,metal,metal
metal_902.wav,metal,metal
metal_903.wav,metal,metal
metal_904.wav,metal,metal
metal_905.wav,metal,metal
metal_906.wav,metal,metal
metal_907.wav,metal,metal
metal_908.wav,metal,metal
metal_909.wav,metal,metal
metal_910.wav,metal,metal
metal_911.wav,metal,metal
metal_912.wav,metal,metal
metal_913.wav,metal,metal
metal_914.wav,metal,metal
metal_915.wav,metal,metal
metal_916.wav,metal,metal
metal_917.wav,metal,metal
metal_918.wav,metal,metal
metal_919.wav,metal,metal
metal_920.wav,metal,metal
metal_921.wav,metal,metal
metal_922.wav,metal,metal
metal_923.wav,metal,metal
metal_924.wav,metal,metal
metal_925.wav,metal,metal
metal_926.wav,metal,metal
metal_927.wav,metal,metal
metal_928.wav,metal,metal
metal_929.wav,metal,metal
metal_930.wav,metal,metal
metal_931.wav,metal,metal
metal_932.wav,metal,metal
metal_933.wav,metal,metal
metal_934.wav,metal,metal
metal_935.wav,metal,metal
metal_936.wav,metal,metal
metal_937.wav,metal,metal
metal_938.wav,metal,metal
metal_939.wav,metal,metal
metal_940.wav,metal,metal
metal_941.wav,metal,metal
metal_942.wav,metal,metal
metal_943.wav,metal,metal
metal_944.wav,metal,metal
metal_945.wav,metal,metal
metal_946.wav,metal,metal
metal_947.wav,metal,metal
metal_948.wav,metal,metal
metal_949.wav,metal,metal
metal_950.wav,metal,metal
metal_951.wav,metal,metal
metal_952.wav,metal,metal
metal_953.wav,metal,metal
metal_954.wav,metal,metal
metal_955.wav,metal,metal
metal_956.wav,metal,metal
metal_957.wav,metal,metal
metal_958.wav,metal,metal
metal_959.wav,metal,metal
metal_960.wav,metal,metal
metal_961.wav,metal,metal
metal_962.wav,metal,metal
metal_963.wav,metal,metal
metal_964.wav,metal,metal
metal_965.wav,metal,metal
metal_966.wav,metal,metal
metal_967.wav,metal,metal
metal_968.wav,metal,metal
metal_969.wav,metal,metal
metal_970.wav,metal,metal
metal_971.wav,metal,metal
metal_972.wav,metal,metal
metal_973.wav,metal,metal
metal_974.wav,metal,metal
metal_975.wav,metal,metal
metal_976.wav,metal,metal
metal_977.wav,metal,metal
metal_978.wav,metal,metal
metal_979.wav,metal,metal
metal_980.wav,metal,metal
metal_981.wav,metal,metal
metal_982.wav,metal,metal
metal_983.wav,metal,metal
metal_984.wav,metal,metal
metal_985.wav,metal,metal
metal_986.wav,metal,metal
metal_987.wav,metal,metal
metal_988.wav,metal,metal
metal_989.wav,metal,metal
metal_990.wav,metal,metal
metal_991.wav,metal,metal
metal_992.wav,metal,metal
metal_993.wav,metal,metal
metal_994.wav,metal,metal
metal_995.wav,metal,metal
metal_996.wav,metal,metal
metal_997.wav,metal,metal
metal_998.wav,metal,metal
metal_999.wav,metal,metal
metal_1000.wav,metal,metal
crying_sobbing_wail_1.wav,crying_sobbing_wail,crying_sobbing_wail
crying_sobbing_wail_2.wav,crying_sobbing_wail,crying_sobbing_wail
crying_sobbing_wail_3.wav,crying_sobbing_wail,crying_sobbing_wail
crying_sobbing_wail_4.wav,crying_sobbing_wail,crying_sobbing_wail
crying_sobbing_wail_5.wav,crying_sobbing_wail,crying_sobbing_wail
crying_sobbing_wail_6.wav,crying_sobbing_wail,crying_sobbing_wail
crying_sobbing_wail_7.wav,crying_sobbing_wail,crying_sobbing_wail
crying_sobbing_wail_8.wav,crying_sobbing_wail,crying_sobbing_wail
crying_sobbing_wail_9.wav,crying_sobbing_wail,crying_sobbing_wail
crying_sobbing_wail_10.wav,crying_sobbing_wail,crying_sobbing_wail
crying_sobbing_wail_11.wav,crying_sobbing_wail,crying_sobbing_wail
crying_sobbing_wail_12.wav,crying_sobbing_wail,crying_sobbing_wail
crying_sobbing_wail_13.wav,crying_sobbing_wail,crying_sobbing_wail
crying_sobbing_wail_14.wav,crying_sobbing_wail,crying_sobbing_wail
crying_sobbing_wail_15.wav,crying_sobbing_wail,crying_sobbing_wail
crying_sobbing_wail_16.wav,crying_sobbing_wail,crying_sobbing_wail
crying_sobbing_wail_17.wav,crying_sobbing_wail,crying_sobbing_wail
crying_sobbing_wail_18.wav,crying_sobbing_wail,crying_sobbing_wail
crying_sobbing_wail_19.wav,crying_sobbing_wail,crying_sobbing_wail
crying_sobbing_wail_20.wav,crying_sobbing_wail,crying_sobbing_wail
crying_sobbing_wail_21.wav,crying_sobbing_wail,crying_sobbing_wail
crying_sobbing_wail_22.wav,crying_sobbing_wail,crying_sobbing_wail
crying_sobbing_wail_23.wav,crying_sobbing_wail,crying_sobbing_wail
crying_sobbing_wail_24.wav,crying_sobbing_wail,crying_sobbing_wail
crying_sobbing_wail_25.wav,crying_sobbing_wail,crying_sobbing_wail
crying_sobbing_wail_26.wav,crying_sobbing_wail,crying_sobbing_wail
crying_sobbing_wail_27.wav,crying_sobbing_wail,crying_sobbing_wail
crying_sobbing_wail_28.wav,crying_sobbing_wail,crying_sobbing_wail
crying_sobbing_wail_29.wav,crying_sobbing_wail,crying_sobbing_wail
crying_sobbing_wail_30.wav,crying_sobbing_wail,crying_sobbing_wail
crying_sobbing_wail_31.wav,crying_sobbing_wail,crying_sobbing_wail
crying_sobbing_wail_32.wav,crying_sobbing_wail,crying_sobbing_wail
crying_sobbing_wail_33.wav,crying_sobbing_wail,crying_sobbing_wail
crying_sobbing_wail_34.wav,crying_sobbing_wail,crying_sobbing_wail
crying_sobbing_wail_35.wav,crying_sobbing_wail,crying_sobbing_wail
crying_sobbing_wail_36.wav,crying_sobbing_wail,crying_sobbing_wail
crying_sobbing_wail_37.wav,crying_sobbing_wail,crying_sobbing_wail
crying_sobbing_wail_38.wav,crying_sobbing_wail,crying_sobbing_wail
crying_sobbing_wail_39.wav,crying_sobbing_wail,crying_sobbing_wail
crying_sobbing_wail_40.wav,crying_sobbing_wail,crying_sobbing_wail
crying_sobbing_wail_41.wav,crying_sobbing_wail,crying_sobbing_wail
crying_sobbing_wail_42.wav,crying_sobbing_wail,crying_sobbing_wail
crying_sobbing_wail_43.wav,crying_sobbing_wail,crying_sobbing_wail
crying_sobbing_wail_44.wav,crying_sobbing_wail,crying_sobbing_wail
crying_sobbing_wail_45.wav,crying_sobbing_wail,crying_sobbing_wail
crying_sobbing_wail_46.wav,crying_sobbing_wail,crying_sobbing_wail
crying_sobbing_wail_47.wav,crying_sobbing_wail,crying_sobbing_wail
crying_sobbing_wail_48.wav,crying_sobbing_wail,crying_sobbing_wail
crying_sobbing_wail_49.wav,sneeze,crying_sobbing_wail
crying_sobbing_wail_50.wav,crying_sobbing_wail,crying_sobbing_wail
crying_sobbing_wail_51.wav,crying_sobbing_wail,crying_sobbing_wail
crying_sobbing_wail_52.wav,cough,crying_sobbing_wail
crying_sobbing_wail_53.wav,crying_sobbing_wail,crying_sobbing_wail
crying_sobbing_wail_54.wav,crying_sobbing_wail,crying_sobbing_wail
crying_sobbing_wail_55.wav,crying_sobbing_wail,crying_sobbing_wail
crying_sobbing_wail_56.wav,crying_sobbing_wail,crying_sobbing_wail
crying_sobbing_wail_57.wav,crying_sobbing_wail,crying_sobbing_wail
crying_sobbing_wail_58.wav,crying_sobbing_wail,crying_sobbing_wail
crying_sobbing_wail_59.wav,crying_sobbing_wail,crying_sobbing_wail
crying_sobbing_wail_60.wav,crying_sobbing_wail,crying_sobbing_wail
crying_sobbing_wail_61.wav,crying_sobbing_wail,crying_sobbing_wail
crying_sobbing_wail_62.wav,crying_sobbing_wail,crying_sobbing_wail
crying_sobbing_wail_63.wav,crying_sobbing_wail,crying_sobbing_wail
crying_sobbing_wail_64.wav,crying_sobbing_wail,crying_sobbing_wail
crying_sobbing_wail_65.wav,crying_sobbing_wail,crying_sobbing_wail
crying_sobbing_wail_66.wav,crying_sobbing_wail,crying_sobbing_wail
crying_sobbing_wail_67.wav,crying_sobbing_wail,crying_sobbing_wail
crying_sobbing_wail_68.wav,crying_sobbing_wail,crying_sobbing_wail
crying_sobbing_wail_69.wav,crying_sobbing_wail,crying_sobbing_wail
crying_sobbing_wail_70.wav,crying_sobbing_wail,crying_sobbing_wail
crying_sobbing_wail_71.wav,crying_sobbing_wail,crying_sobbing_wail
crying_sobbing_wail_72.wav,crying_sobbing_wail,crying_sobbing_wail
crying_sobbing_wail_73.wav,crying_sobbing_wail,crying_sobbing_wail
crying_sobbing_wail_74.wav,crying_sobbing_wail,crying_sobbing_wail
crying_sobbing_wail_75.wav,crying_sobbing_wail,crying_sobbing_wail
crying_sobbing_wail_76.wav,crying_sobbing_wail,crying_sobbing_wail
crying_sobbing_wail_77.wav,crying_sobbing_wail,crying_sobbing_wail
crying_sobbing_wail_78.wav,crying_sobbing_wail,crying_sobbing_wail
crying_sobbing_wail_79.wav,crying_sobbing_wail,crying_sobbing_wail
crying_sobbing_wail_80.wav,crying_sobbing_wail,crying_sobbing_wail
crying_sobbing_wail_81.wav,crying_sobbing_wail,crying_sobbing_wail
crying_sobbing_wail_82.wav,crying_sobbing_wail,crying_sobbing_wail
crying_sobbing_wail_83.wav,crying_sobbing_wail,crying_sobbing_wail
crying_sobbing_wail_84.wav,crying_sobbing_wail,crying_sobbing_wail
crying_sobbing_wail_85.wav,crying_sobbing_wail,crying_sobbing_wail
crying_sobbing_wail_86.wav,crying_sobbing_wail,crying_sobbing_wail
crying_sobbing_wail_87.wav,crying_sobbing_wail,crying_sobbing_wail
crying_sobbing_wail_88.wav,crying_sobbing_wail,crying_sobbing_wail
crying_sobbing_wail_89.wav,crying_sobbing_wail,crying_sobbing_wail
crying_sobbing_wail_90.wav,crying_sobbing_wail,crying_sobbing_wail
crying_sobbing_wail_91.wav,crying_sobbing_wail,crying_sobbing_wail
crying_sobbing_wail_92.wav,crying_sobbing_wail,crying_sobbing_wail
crying_sobbing_wail_93.wav,crying_sobbing_wail,crying_sobbing_wail
crying_sobbing_wail_94.wav,crying_sobbing_wail,crying_sobbing_wail
crying_sobbing_wail_95.wav,cough,crying_sobbing_wail
crying_sobbing_wail_96.wav,crying_sobbing_wail,crying_sobbing_wail
crying_sobbing_wail_97.wav,crying_sobbing_wail,crying_sobbing_wail
crying_sobbing_wail_98.wav,crying_sobbing_wail,crying_sobbing_wail
crying_sobbing_wail_99.wav,crying_sobbing_wail,crying_sobbing_wail
crying_sobbing_wail_100.wav,crying_sobbing_wail,crying_sobbing_wail
crying_sobbing_wail_101.wav,crying_sobbing_wail,crying_sobbing_wail
crying_sobbing_wail_102.wav,crying_sobbing_wail,crying_sobbing_wail
crying_sobbing_wail_103.wav,crying_sobbing_wail,crying_sobbing_wail
crying_sobbing_wail_104.wav,crying_sobbing_wail,crying_sobbing_wail
crying_sobbing_wail_105.wav,crying_sobbing_wail,crying_sobbing_wail
crying_sobbing_wail_106.wav,crying_sobbing_wail,crying_sobbing_wail
crying_sobbing_wail_107.wav,crying_sobbing_wail,crying_sobbing_wail
crying_sobbing_wail_108.wav,crying_sobbing_wail,crying_sobbing_wail
crying_sobbing_wail_109.wav,crying_sobbing_wail,crying_sobbing_wail
crying_sobbing_wail_110.wav,crying_sobbing_wail,crying_sobbing_wail
crying_sobbing_wail_111.wav,crying_sobbing_wail,crying_sobbing_wail
crying_sobbing_wail_112.wav,crying_sobbing_wail,crying_sobbing_wail
crying_sobbing_wail_113.wav,crying_sobbing_wail,crying_sobbing_wail
crying_sobbing_wail_114.wav,crying_sobbing_wail,crying_sobbing_wail
crying_sobbing_wail_115.wav,crying_sobbing_wail,crying_sobbing_wail
crying_sobbing_wail_116.wav,crying_sobbing_wail,crying_sobbing_wail
crying_sobbing_wail_117.wav,sneeze,crying_sobbing_wail
crying_sobbing_wail_118.wav,crying_sobbing_wail,crying_sobbing_wail
crying_sobbing_wail_119.wav,crying_sobbing_wail,crying_sobbing_wail
crying_sobbing_wail_120.wav,crying_sobbing_wail,crying_sobbing_wail
crying_sobbing_wail_121.wav,crying_sobbing_wail,crying_sobbing_wail
crying_sobbing_wail_122.wav,crying_sobbing_wail,crying_sobbing_wail
crying_sobbing_wail_123.wav,crying_sobbing_wail,crying_sobbing_wail
crying_sobbing_wail_124.wav,crying_sobbing_wail,crying_sobbing_wail
crying_sobbing_wail_125.wav,crying_sobbing_wail,crying_sobbing_wail
crying_sobbing_wail_126.wav,crying_sobbing_wail,crying_sobbing_wail
crying_sobbing_wail_127.wav,crying_sobbing_wail,crying_sobbing_wail
crying_sobbing_wail_128.wav,crying_sobbing_wail,crying_sobbing_wail
crying_sobbing_wail_129.wav,crying_sobbing_wail,crying_sobbing_wail
crying_sobbing_wail_130.wav,crying_sobbing_wail,crying_sobbing_wail
crying_sobbing_wail_131.wav,crying_sobbing_wail,crying_sobbing_wail
crying_sobbing_wail_132.wav,crying_sobbing_wail,crying_sobbing_wail
crying_sobbing_wail_133.wav,crying_sobbing_wail,crying_sobbing_wail
crying_sobbing_wail_134.wav,crying_sobbing_wail,crying_sobbing_wail
crying_sobbing_wail_135.wav,crying_sobbing_wail,crying_sobbing_wail
crying_sobbing_wail_136.wav,cough,crying_sobbing_wail
crying_sobbing_wail_137.wav,crying_sobbing_wail,crying_sobbing_wail
crying_sobbing_wail_138.wav,crying_sobbing_wail,crying_sobbing_wail
crying_sobbing_wail_139.wav,crying_sobbing_wail,crying_sobbing_wail
crying_sobbing_wail_140.wav,crying_sobbing_wail,crying_sobbing_wail
crying_sobbing_wail_141.wav,crying_sobbing_wail,crying_sobbing_wail
crying_sobbing_wail_142.wav,crying_sobbing_wail,crying_sobbing_wail
crying_sobbing_wail_143.wav,crying_sobbing_wail,crying_sobbing_wail
crying_sobbing_wail_144.wav,crying_sobbing_wail,crying_sobbing_wail
crying_sobbing_wail_145.wav,crying_sobbing_wail,crying_sobbing_wail
crying_sobbing_wail_146.wav,crying_sobbing_wail,crying_sobbing_wail
crying_sobbing_wail_147.wav,crying_sobbing_wail,crying_sobbing_wail
crying_sobbing_wail_148.wav,crying_sobbing_wail,crying_sobbing_wail
crying_sobbing_wail_149.wav,crying_sobbing_wail,crying_sobbing_wail
crying_sobbing_wail_150.wav,crying_sobbing_wail,crying_sobbing_wail
crying_sobbing_wail_151.wav,crying_sobbing_wail,crying_sobbing_wail
crying_sobbing_wail_152.wav,crying_sobbing_wail,crying_sobbing_wail
crying_sobbing_wail_153.wav,crying_sobbing_wail,crying_sobbing_wail
crying_sobbing_wail_154.wav,crying_sobbing_wail,crying_sobbing_wail
crying_sobbing_wail_155.wav,crying_sobbing_wail,crying_sobbing_wail
crying_sobbing_wail_156.wav,crying_sobbing_wail,crying_sobbing_wail
crying_sobbing_wail_157.wav,crying_sobbing_wail,crying_sobbing_wail
crying_sobbing_wail_158.wav,crying_sobbing_wail,crying_sobbing_wail
crying_sobbing_wail_159.wav,crying_sobbing_wail,crying_sobbing_wail
crying_sobbing_wail_160.wav,crying_sobbing_wail,crying_sobbing_wail
crying_sobbing_wail_161.wav,crying_sobbing_wail,crying_sobbing_wail
crying_sobbing_wail_162.wav,crying_sobbing_wail,crying_sobbing_wail
crying_sobbing_wail_163.wav,crying_sobbing_wail,crying_sobbing_wail
crying_sobbing_wail_164.wav,crying_sobbing_wail,crying_sobbing_wail
crying_sobbing_wail_165.wav,crying_sobbing_wail,crying_sobbing_wail
crying_sobbing_wail_166.wav,crying_sobbing_wail,crying_sobbing_wail
crying_sobbing_wail_167.wav,crying_sobbing_wail,crying_sobbing_wail
crying_sobbing_wail_168.wav,crying_sobbing_wail,crying_sobbing_wail
crying_sobbing_wail_169.wav,crying_sobbing_wail,crying_sobbing_wail
crying_sobbing_wail_170.wav,crying_sobbing_wail,crying_sobbing_wail
crying_sobbing_wail_171.wav,crying_sobbing_wail,crying_sobbing_wail
crying_sobbing_wail_172.wav,crying_sobbing_wail,crying_sobbing_wail
crying_sobbing_wail_173.wav,crying_sobbing_wail,crying_sobbing_wail
crying_sobbing_wail_174.wav,crying_sobbing_wail,crying_sobbing_wail
crying_sobbing_wail_175.wav,crying_sobbing_wail,crying_sobbing_wail
crying_sobbing_wail_176.wav,crying_sobbing_wail,crying_sobbing_wail
crying_sobbing_wail_177.wav,crying_sobbing_wail,crying_sobbing_wail
crying_sobbing_wail_178.wav,crying_sobbing_wail,crying_sobbing_wail
crying_sobbing_wail_179.wav,crying_sobbing_wail,crying_sobbing_wail
crying_sobbing_wail_180.wav,crying_sobbing_wail,crying_sobbing_wail
crying_sobbing_wail_181.wav,crying_sobbing_wail,crying_sobbing_wail
crying_sobbing_wail_182.wav,crying_sobbing_wail,crying_sobbing_wail
crying_sobbing_wail_183.wav,crying_sobbing_wail,crying_sobbing_wail
crying_sobbing_wail_184.wav,crying_sobbing_wail,crying_sobbing_wail
crying_sobbing_wail_185.wav,crying_sobbing_wail,crying_sobbing_wail
crying_sobbing_wail_186.wav,crying_sobbing_wail,crying_sobbing_wail
crying_sobbing_wail_187.wav,crying_sobbing_wail,crying_sobbing_wail
crying_sobbing_wail_188.wav,crying_sobbing_wail,crying_sobbing_wail
crying_sobbing_wail_189.wav,crying_sobbing_wail,crying_sobbing_wail
crying_sobbing_wail_190.wav,crying_sobbing_wail,crying_sobbing_wail
crying_sobbing_wail_191.wav,crying_sobbing_wail,crying_sobbing_wail
crying_sobbing_wail_192.wav,crying_sobbing_wail,crying_sobbing_wail
crying_sobbing_wail_193.wav,crying_sobbing_wail,crying_sobbing_wail
crying_sobbing_wail_194.wav,crying_sobbing_wail,crying_sobbing_wail
crying_sobbing_wail_195.wav,crying_sobbing_wail,crying_sobbing_wail
crying_sobbing_wail_196.wav,crying_sobbing_wail,crying_sobbing_wail
crying_sobbing_wail_197.wav,crying_sobbing_wail,crying_sobbing_wail
crying_sobbing_wail_198.wav,crying_sobbing_wail,crying_sobbing_wail
crying_sobbing_wail_199.wav,crying_sobbing_wail,crying_sobbing_wail
crying_sobbing_wail_200.wav,crying_sobbing_wail,crying_sobbing_wail
crying_sobbing_wail_201.wav,crying_sobbing_wail,crying_sobbing_wail
crying_sobbing_wail_202.wav,crying_sobbing_wail,crying_sobbing_wail
crying_sobbing_wail_203.wav,crying_sobbing_wail,crying_sobbing_wail
crying_sobbing_wail_204.wav,crying_sobbing_wail,crying_sobbing_wail
crying_sobbing_wail_205.wav,crying_sobbing_wail,crying_sobbing_wail
crying_sobbing_wail_206.wav,crying_sobbing_wail,crying_sobbing_wail
crying_sobbing_wail_207.wav,crying_sobbing_wail,crying_sobbing_wail
crying_sobbing_wail_208.wav,crying_sobbing_wail,crying_sobbing_wail
crying_sobbing_wail_209.wav,crying_sobbing_wail,crying_sobbing_wail
crying_sobbing_wail_210.wav,crying_sobbing_wail,crying_sobbing_wail
crying_sobbing_wail_211.wav,crying_sobbing_wail,crying_sobbing_wail
crying_sobbing_wail_212.wav,crying_sobbing_wail,crying_sobbing_wail
crying_sobbing_wail_213.wav,crying_sobbing_wail,crying_sobbing_wail
crying_sobbing_wail_214.wav,crying_sobbing_wail,crying_sobbing_wail
crying_sobbing_wail_215.wav,crying_sobbing_wail,crying_sobbing_wail
crying_sobbing_wail_216.wav,crying_sobbing_wail,crying_sobbing_wail
crying_sobbing_wail_217.wav,crying_sobbing_wail,crying_sobbing_wail
crying_sobbing_wail_218.wav,crying_sobbing_wail,crying_sobbing_wail
crying_sobbing_wail_219.wav,crying_sobbing_wail,crying_sobbing_wail
crying_sobbing_wail_220.wav,crying_sobbing_wail,crying_sobbing_wail
crying_sobbing_wail_221.wav,crying_sobbing_wail,crying_sobbing_wail
crying_sobbing_wail_222.wav,crying_sobbing_wail,crying_sobbing_wail
crying_sobbing_wail_223.wav,crying_sobbing_wail,crying_sobbing_wail
crying_sobbing_wail_224.wav,crying_sobbing_wail,crying_sobbing_wail
crying_sobbing_wail_225.wav,crying_sobbing_wail,crying_sobbing_wail
crying_sobbing_wail_226.wav,crying_sobbing_wail,crying_sobbing_wail
crying_sobbing_wail_227.wav,crying_sobbing_wail,crying_sobbing_wail
crying_sobbing_wail_228.wav,crying_sobbing_wail,crying_sobbing_wail
crying_sobbing_wail_229.wav,crying_sobbing_wail,crying_sobbing_wail
crying_sobbing_wail_230.wav,crying_sobbing_wail,crying_sobbing_wail
crying_sobbing_wail_231.wav,crying_sobbing_wail,crying_sobbing_wail
crying_sobbing_wail_232.wav,crying_sobbing_wail,crying_sobbing_wail
crying_sobbing_wail_233.wav,crying_sobbing_wail,crying_sobbing_wail
crying_sobbing_wail_234.wav,crying_sobbing_wail,crying_sobbing_wail
crying_sobbing_wail_235.wav,crying_sobbing_wail,crying_sobbing_wail
crying_sobbing_wail_236.wav,crying_sobbing_wail,crying_sobbing_wail
crying_sobbing_wail_237.wav,crying_sobbing_wail,crying_sobbing_wail
crying_sobbing_wail_238.wav,crying_sobbing_wail,crying_sobbing_wail
crying_sobbing_wail_239.wav,crying_sobbing_wail,crying_sobbing_wail
crying_sobbing_wail_240.wav,crying_sobbing_wail,crying_sobbing_wail
crying_sobbing_wail_241.wav,crying_sobbing_wail,crying_sobbing_wail
crying_sobbing_wail_242.wav,crying_sobbing_wail,crying_sobbing_wail
crying_sobbing_wail_243.wav,cough,crying_sobbing_wail
crying_sobbing_wail_244.wav,crying_sobbing_wail,crying_sobbing_wail
crying_sobbing_wail_245.wav,crying_sobbing_wail,crying_sobbing_wail
crying_sobbing_wail_246.wav,crying_sobbing_wail,crying_sobbing_wail
crying_sobbing_wail_247.wav,crying_sobbing_wail,crying_sobbing_wail
crying_sobbing_wail_248.wav,crying_sobbing_wail,crying_sobbing_wail
crying_sobbing_wail_249.wav,crying_sobbing_wail,crying_sobbing_wail
crying_sobbing_wail_250.wav,crying_sobbing_wail,crying_sobbing_wail
crying_sobbing_wail_251.wav,crying_sobbing_wail,crying_sobbing_wail
crying_sobbing_wail_252.wav,crying_sobbing_wail,crying_sobbing_wail
crying_sobbing_wail_253.wav,crying_sobbing_wail,crying_sobbing_wail
crying_sobbing_wail_254.wav,crying_sobbing_wail,crying_sobbing_wail
crying_sobbing_wail_255.wav,crying_sobbing_wail,crying_sobbing_wail
crying_sobbing_wail_256.wav,crying_sobbing_wail,crying_sobbing_wail
crying_sobbing_wail_257.wav,crying_sobbing_wail,crying_sobbing_wail
crying_sobbing_wail_258.wav,crying_sobbing_wail,crying_sobbing_wail
crying_sobbing_wail_259.wav,crying_sobbing_wail,crying_sobbing_wail
crying_sobbing_wail_260.wav,crying_sobbing_wail,crying_sobbing_wail
crying_sobbing_wail_261.wav,crying_sobbing_wail,crying_sobbing_wail
crying_sobbing_wail_262.wav,crying_sobbing_wail,crying_sobbing_wail
crying_sobbing_wail_263.wav,crying_sobbing_wail,crying_sobbing_wail
crying_sobbing_wail_264.wav,crying_sobbing_wail,crying_sobbing_wail
crying_sobbing_wail_265.wav,crying_sobbing_wail,crying_sobbing_wail
crying_sobbing_wail_266.wav,crying_sobbing_wail,crying_sobbing_wail
crying_sobbing_wail_267.wav,crying_sobbing_wail,crying_sobbing_wail
crying_sobbing_wail_268.wav,crying_sobbing_wail,crying_sobbing_wail
crying_sobbing_wail_269.wav,crying_sobbing_wail,crying_sobbing_wail
crying_sobbing_wail_270.wav,crying_sobbing_wail,crying_sobbing_wail
crying_sobbing_wail_271.wav,crying_sobbing_wail,crying_sobbing_wail
crying_sobbing_wail_272.wav,crying_sobbing_wail,crying_sobbing_wail
crying_sobbing_wail_273.wav,crying_sobbing_wail,crying_sobbing_wail
crying_sobbing_wail_274.wav,crying_sobbing_wail,crying_sobbing_wail
crying_sobbing_wail_275.wav,crying_sobbing_wail,crying_sobbing_wail
crying_sobbing_wail_276.wav,dog,crying_sobbing_wail
crying_sobbing_wail_277.wav,crying_sobbing_wail,crying_sobbing_wail
crying_sobbing_wail_278.wav,crying_sobbing_wail,crying_sobbing_wail
crying_sobbing_wail_279.wav,crying_sobbing_wail,crying_sobbing_wail
crying_sobbing_wail_280.wav,crying_sobbing_wail,crying_sobbing_wail
crying_sobbing_wail_281.wav,crying_sobbing_wail,crying_sobbing_wail
crying_sobbing_wail_282.wav,crying_sobbing_wail,crying_sobbing_wail
crying_sobbing_wail_283.wav,crying_sobbing_wail,crying_sobbing_wail
crying_sobbing_wail_284.wav,crying_sobbing_wail,crying_sobbing_wail
crying_sobbing_wail_285.wav,crying_sobbing_wail,crying_sobbing_wail
crying_sobbing_wail_286.wav,crying_sobbing_wail,crying_sobbing_wail
crying_sobbing_wail_287.wav,crying_sobbing_wail,crying_sobbing_wail
crying_sobbing_wail_288.wav,crying_sobbing_wail,crying_sobbing_wail
crying_sobbing_wail_289.wav,crying_sobbing_wail,crying_sobbing_wail
crying_sobbing_wail_290.wav,crying_sobbing_wail,crying_sobbing_wail
crying_sobbing_wail_291.wav,crying_sobbing_wail,crying_sobbing_wail
crying_sobbing_wail_292.wav,crying_sobbing_wail,crying_sobbing_wail
crying_sobbing_wail_293.wav,crying_sobbing_wail,crying_sobbing_wail
crying_sobbing_wail_294.wav,crying_sobbing_wail,crying_sobbing_wail
crying_sobbing_wail_295.wav,crying_sobbing_wail,crying_sobbing_wail
crying_sobbing_wail_296.wav,crying_sobbing_wail,crying_sobbing_wail
crying_sobbing_wail_297.wav,crying_sobbing_wail,crying_sobbing_wail
crying_sobbing_wail_298.wav,crying_sobbing_wail,crying_sobbing_wail
crying_sobbing_wail_299.wav,crying_sobbing_wail,crying_sobbing_wail
crying_sobbing_wail_300.wav,crying_sobbing_wail,crying_sobbing_wail
crying_sobbing_wail_301.wav,crying_sobbing_wail,crying_sobbing_wail
crying_sobbing_wail_302.wav,crying_sobbing_wail,crying_sobbing_wail
crying_sobbing_wail_303.wav,crying_sobbing_wail,crying_sobbing_wail
crying_sobbing_wail_304.wav,crying_sobbing_wail,crying_sobbing_wail
crying_sobbing_wail_305.wav,crying_sobbing_wail,crying_sobbing_wail
crying_sobbing_wail_306.wav,crying_sobbing_wail,crying_sobbing_wail
crying_sobbing_wail_307.wav,crying_sobbing_wail,crying_sobbing_wail
crying_sobbing_wail_308.wav,crying_sobbing_wail,crying_sobbing_wail
crying_sobbing_wail_309.wav,crying_sobbing_wail,crying_sobbing_wail
crying_sobbing_wail_310.wav,crying_sobbing_wail,crying_sobbing_wail
crying_sobbing_wail_311.wav,crying_sobbing_wail,crying_sobbing_wail
crying_sobbing_wail_312.wav,crying_sobbing_wail,crying_sobbing_wail
crying_sobbing_wail_313.wav,crying_sobbing_wail,crying_sobbing_wail
crying_sobbing_wail_314.wav,crying_sobbing_wail,crying_sobbing_wail
crying_sobbing_wail_315.wav,crying_sobbing_wail,crying_sobbing_wail
crying_sobbing_wail_316.wav,crying_sobbing_wail,crying_sobbing_wail
crying_sobbing_wail_317.wav,crying_sobbing_wail,crying_sobbing_wail
crying_sobbing_wail_318.wav,crying_sobbing_wail,crying_sobbing_wail
crying_sobbing_wail_319.wav,crying_sobbing_wail,crying_sobbing_wail
crying_sobbing_wail_320.wav,crying_sobbing_wail,crying_sobbing_wail
crying_sobbing_wail_321.wav,crying_sobbing_wail,crying_sobbing_wail
crying_sobbing_wail_322.wav,crying_sobbing_wail,crying_sobbing_wail
crying_sobbing_wail_323.wav,crying_sobbing_wail,crying_sobbing_wail
crying_sobbing_wail_324.wav,crying_sobbing_wail,crying_sobbing_wail
crying_sobbing_wail_325.wav,crying_sobbing_wail,crying_sobbing_wail
crying_sobbing_wail_326.wav,crying_sobbing_wail,crying_sobbing_wail
crying_sobbing_wail_327.wav,crying_sobbing_wail,crying_sobbing_wail
crying_sobbing_wail_328.wav,crying_sobbing_wail,crying_sobbing_wail
crying_sobbing_wail_329.wav,crying_sobbing_wail,crying_sobbing_wail
crying_sobbing_wail_330.wav,crying_sobbing_wail,crying_sobbing_wail
crying_sobbing_wail_331.wav,crying_sobbing_wail,crying_sobbing_wail
crying_sobbing_wail_332.wav,crying_sobbing_wail,crying_sobbing_wail
crying_sobbing_wail_333.wav,crying_sobbing_wail,crying_sobbing_wail
crying_sobbing_wail_334.wav,crying_sobbing_wail,crying_sobbing_wail
crying_sobbing_wail_335.wav,crying_sobbing_wail,crying_sobbing_wail
crying_sobbing_wail_336.wav,crying_sobbing_wail,crying_sobbing_wail
crying_sobbing_wail_337.wav,crying_sobbing_wail,crying_sobbing_wail
crying_sobbing_wail_338.wav,crying_sobbing_wail,crying_sobbing_wail
crying_sobbing_wail_339.wav,crying_sobbing_wail,crying_sobbing_wail
crying_sobbing_wail_340.wav,crying_sobbing_wail,crying_sobbing_wail
crying_sobbing_wail_341.wav,crying_sobbing_wail,crying_sobbing_wail
crying_sobbing_wail_342.wav,crying_sobbing_wail,crying_sobbing_wail
crying_sobbing_wail_343.wav,crying_sobbing_wail,crying_sobbing_wail
crying_sobbing_wail_344.wav,crying_sobbing_wail,crying_sobbing_wail
crying_sobbing_wail_345.wav,crying_sobbing_wail,crying_sobbing_wail
crying_sobbing_wail_346.wav,crying_sobbing_wail,crying_sobbing_wail
crying_sobbing_wail_347.wav,crying_sobbing_wail,crying_sobbing_wail
crying_sobbing_wail_348.wav,crying_sobbing_wail,crying_sobbing_wail
crying_sobbing_wail_349.wav,crying_sobbing_wail,crying_sobbing_wail
crying_sobbing_wail_350.wav,crying_sobbing_wail,crying_sobbing_wail
crying_sobbing_wail_351.wav,crying_sobbing_wail,crying_sobbing_wail
crying_sobbing_wail_352.wav,crying_sobbing_wail,crying_sobbing_wail
crying_sobbing_wail_353.wav,crying_sobbing_wail,crying_sobbing_wail
crying_sobbing_wail_354.wav,crying_sobbing_wail,crying_sobbing_wail
crying_sobbing_wail_355.wav,crying_sobbing_wail,crying_sobbing_wail
crying_sobbing_wail_356.wav,crying_sobbing_wail,crying_sobbing_wail
crying_sobbing_wail_357.wav,crying_sobbing_wail,crying_sobbing_wail
crying_sobbing_wail_358.wav,crying_sobbing_wail,crying_sobbing_wail
crying_sobbing_wail_359.wav,crying_sobbing_wail,crying_sobbing_wail
crying_sobbing_wail_360.wav,crying_sobbing_wail,crying_sobbing_wail
crying_sobbing_wail_361.wav,crying_sobbing_wail,crying_sobbing_wail
crying_sobbing_wail_362.wav,crying_sobbing_wail,crying_sobbing_wail
crying_sobbing_wail_363.wav,crying_sobbing_wail,crying_sobbing_wail
crying_sobbing_wail_364.wav,crying_sobbing_wail,crying_sobbing_wail
crying_sobbing_wail_365.wav,crying_sobbing_wail,crying_sobbing_wail
crying_sobbing_wail_366.wav,crying_sobbing_wail,crying_sobbing_wail
crying_sobbing_wail_367.wav,crying_sobbing_wail,crying_sobbing_wail
crying_sobbing_wail_368.wav,crying_sobbing_wail,crying_sobbing_wail
crying_sobbing_wail_369.wav,crying_sobbing_wail,crying_sobbing_wail
crying_sobbing_wail_370.wav,crying_sobbing_wail,crying_sobbing_wail
crying_sobbing_wail_371.wav,crying_sobbing_wail,crying_sobbing_wail
crying_sobbing_wail_372.wav,crying_sobbing_wail,crying_sobbing_wail
crying_sobbing_wail_373.wav,crying_sobbing_wail,crying_sobbing_wail
crying_sobbing_wail_374.wav,crying_sobbing_wail,crying_sobbing_wail
crying_sobbing_wail_375.wav,crying_sobbing_wail,crying_sobbing_wail
crying_sobbing_wail_376.wav,crying_sobbing_wail,crying_sobbing_wail
crying_sobbing_wail_377.wav,crying_sobbing_wail,crying_sobbing_wail
crying_sobbing_wail_378.wav,crying_sobbing_wail,crying_sobbing_wail
crying_sobbing_wail_379.wav,crying_sobbing_wail,crying_sobbing_wail
crying_sobbing_wail_380.wav,crying_sobbing_wail,crying_sobbing_wail
crying_sobbing_wail_381.wav,crying_sobbing_wail,crying_sobbing_wail
crying_sobbing_wail_382.wav,crying_sobbing_wail,crying_sobbing_wail
crying_sobbing_wail_383.wav,crying_sobbing_wail,crying_sobbing_wail
crying_sobbing_wail_384.wav,crying_sobbing_wail,crying_sobbing_wail
crying_sobbing_wail_385.wav,crying_sobbing_wail,crying_sobbing_wail
crying_sobbing_wail_386.wav,crying_sobbing_wail,crying_sobbing_wail
crying_sobbing_wail_387.wav,crying_sobbing_wail,crying_sobbing_wail
crying_sobbing_wail_388.wav,crying_sobbing_wail,crying_sobbing_wail
crying_sobbing_wail_389.wav,crying_sobbing_wail,crying_sobbing_wail
crying_sobbing_wail_390.wav,crying_sobbing_wail,crying_sobbing_wail
crying_sobbing_wail_391.wav,crying_sobbing_wail,crying_sobbing_wail
crying_sobbing_wail_392.wav,crying_sobbing_wail,crying_sobbing_wail
crying_sobbing_wail_393.wav,cough,crying_sobbing_wail
crying_sobbing_wail_394.wav,crying_sobbing_wail,crying_sobbing_wail
crying_sobbing_wail_395.wav,crying_sobbing_wail,crying_sobbing_wail
crying_sobbing_wail_396.wav,crying_sobbing_wail,crying_sobbing_wail
crying_sobbing_wail_397.wav,crying_sobbing_wail,crying_sobbing_wail
crying_sobbing_wail_398.wav,crying_sobbing_wail,crying_sobbing_wail
crying_sobbing_wail_399.wav,crying_sobbing_wail,crying_sobbing_wail
crying_sobbing_wail_400.wav,sneeze,crying_sobbing_wail
crying_sobbing_wail_401.wav,crying_sobbing_wail,crying_sobbing_wail
crying_sobbing_wail_402.wav,crying_sobbing_wail,crying_sobbing_wail
crying_sobbing_wail_403.wav,crying_sobbing_wail,crying_sobbing_wail
crying_sobbing_wail_404.wav,crying_sobbing_wail,crying_sobbing_wail
crying_sobbing_wail_405.wav,crying_sobbing_wail,crying_sobbing_wail
crying_sobbing_wail_406.wav,crying_sobbing_wail,crying_sobbing_wail
crying_sobbing_wail_407.wav,crying_sobbing_wail,crying_sobbing_wail
crying_sobbing_wail_408.wav,crying_sobbing_wail,crying_sobbing_wail
crying_sobbing_wail_409.wav,crying_sobbing_wail,crying_sobbing_wail
crying_sobbing_wail_410.wav,crying_sobbing_wail,crying_sobbing_wail
crying_sobbing_wail_411.wav,crying_sobbing_wail,crying_sobbing_wail
crying_sobbing_wail_412.wav,crying_sobbing_wail,crying_sobbing_wail
crying_sobbing_wail_413.wav,crying_sobbing_wail,crying_sobbing_wail
crying_sobbing_wail_414.wav,crying_sobbing_wail,crying_sobbing_wail
crying_sobbing_wail_415.wav,crying_sobbing_wail,crying_sobbing_wail
crying_sobbing_wail_416.wav,crying_sobbing_wail,crying_sobbing_wail
crying_sobbing_wail_417.wav,crying_sobbing_wail,crying_sobbing_wail
crying_sobbing_wail_418.wav,crying_sobbing_wail,crying_sobbing_wail
crying_sobbing_wail_419.wav,crying_sobbing_wail,crying_sobbing_wail
crying_sobbing_wail_420.wav,crying_sobbing_wail,crying_sobbing_wail
crying_sobbing_wail_421.wav,crying_sobbing_wail,crying_sobbing_wail
crying_sobbing_wail_422.wav,crying_sobbing_wail,crying_sobbing_wail
crying_sobbing_wail_423.wav,crying_sobbing_wail,crying_sobbing_wail
crying_sobbing_wail_424.wav,crying_sobbing_wail,crying_sobbing_wail
crying_sobbing_wail_425.wav,crying_sobbing_wail,crying_sobbing_wail
crying_sobbing_wail_426.wav,crying_sobbing_wail,crying_sobbing_wail
crying_sobbing_wail_427.wav,crying_sobbing_wail,crying_sobbing_wail
crying_sobbing_wail_428.wav,crying_sobbing_wail,crying_sobbing_wail
crying_sobbing_wail_429.wav,crying_sobbing_wail,crying_sobbing_wail
crying_sobbing_wail_430.wav,crying_sobbing_wail,crying_sobbing_wail
crying_sobbing_wail_431.wav,crying_sobbing_wail,crying_sobbing_wail
crying_sobbing_wail_432.wav,crying_sobbing_wail,crying_sobbing_wail
crying_sobbing_wail_433.wav,crying_sobbing_wail,crying_sobbing_wail
crying_sobbing_wail_434.wav,crying_sobbing_wail,crying_sobbing_wail
crying_sobbing_wail_435.wav,crying_sobbing_wail,crying_sobbing_wail
crying_sobbing_wail_436.wav,crying_sobbing_wail,crying_sobbing_wail
crying_sobbing_wail_437.wav,crying_sobbing_wail,crying_sobbing_wail
crying_sobbing_wail_438.wav,crying_sobbing_wail,crying_sobbing_wail
crying_sobbing_wail_439.wav,crying_sobbing_wail,crying_sobbing_wail
crying_sobbing_wail_440.wav,crying_sobbing_wail,crying_sobbing_wail
crying_sobbing_wail_441.wav,crying_sobbing_wail,crying_sobbing_wail
crying_sobbing_wail_442.wav,crying_sobbing_wail,crying_sobbing_wail
crying_sobbing_wail_443.wav,crying_sobbing_wail,crying_sobbing_wail
crying_sobbing_wail_444.wav,crying_sobbing_wail,crying_sobbing_wail
crying_sobbing_wail_445.wav,crying_sobbing_wail,crying_sobbing_wail
crying_sobbing_wail_446.wav,crying_sobbing_wail,crying_sobbing_wail
crying_sobbing_wail_447.wav,crying_sobbing_wail,crying_sobbing_wail
crying_sobbing_wail_448.wav,crying_sobbing_wail,crying_sobbing_wail
crying_sobbing_wail_449.wav,crying_sobbing_wail,crying_sobbing_wail
crying_sobbing_wail_450.wav,crying_sobbing_wail,crying_sobbing_wail
crying_sobbing_wail_451.wav,crying_sobbing_wail,crying_sobbing_wail
crying_sobbing_wail_452.wav,sneeze,crying_sobbing_wail
crying_sobbing_wail_453.wav,crying_sobbing_wail,crying_sobbing_wail
crying_sobbing_wail_454.wav,sneeze,crying_sobbing_wail
crying_sobbing_wail_455.wav,crying_sobbing_wail,crying_sobbing_wail
crying_sobbing_wail_456.wav,crying_sobbing_wail,crying_sobbing_wail
crying_sobbing_wail_457.wav,crying_sobbing_wail,crying_sobbing_wail
crying_sobbing_wail_458.wav,crying_sobbing_wail,crying_sobbing_wail
crying_sobbing_wail_459.wav,crying_sobbing_wail,crying_sobbing_wail
crying_sobbing_wail_460.wav,crying_sobbing_wail,crying_sobbing_wail
crying_sobbing_wail_461.wav,crying_sobbing_wail,crying_sobbing_wail
crying_sobbing_wail_462.wav,crying_sobbing_wail,crying_sobbing_wail
crying_sobbing_wail_463.wav,crying_sobbing_wail,crying_sobbing_wail
crying_sobbing_wail_464.wav,crying_sobbing_wail,crying_sobbing_wail
crying_sobbing_wail_465.wav,cough,crying_sobbing_wail
crying_sobbing_wail_466.wav,crying_sobbing_wail,crying_sobbing_wail
crying_sobbing_wail_467.wav,crying_sobbing_wail,crying_sobbing_wail
crying_sobbing_wail_468.wav,crying_sobbing_wail,crying_sobbing_wail
crying_sobbing_wail_469.wav,crying_sobbing_wail,crying_sobbing_wail
crying_sobbing_wail_470.wav,crying_sobbing_wail,crying_sobbing_wail
crying_sobbing_wail_471.wav,crying_sobbing_wail,crying_sobbing_wail
crying_sobbing_wail_472.wav,crying_sobbing_wail,crying_sobbing_wail
crying_sobbing_wail_473.wav,crying_sobbing_wail,crying_sobbing_wail
crying_sobbing_wail_474.wav,crying_sobbing_wail,crying_sobbing_wail
crying_sobbing_wail_475.wav,crying_sobbing_wail,crying_sobbing_wail
crying_sobbing_wail_476.wav,crying_sobbing_wail,crying_sobbing_wail
crying_sobbing_wail_477.wav,crying_sobbing_wail,crying_sobbing_wail
crying_sobbing_wail_478.wav,crying_sobbing_wail,crying_sobbing_wail
crying_sobbing_wail_479.wav,crying_sobbing_wail,crying_sobbing_wail
crying_sobbing_wail_480.wav,crying_sobbing_wail,crying_sobbing_wail
crying_sobbing_wail_481.wav,crying_sobbing_wail,crying_sobbing_wail
crying_sobbing_wail_482.wav,crying_sobbing_wail,crying_sobbing_wail
crying_sobbing_wail_483.wav,crying_sobbing_wail,crying_sobbing_wail
crying_sobbing_wail_484.wav,crying_sobbing_wail,crying_sobbing_wail
crying_sobbing_wail_485.wav,crying_sobbing_wail,crying_sobbing_wail
crying_sobbing_wail_486.wav,crying_sobbing_wail,crying_sobbing_wail
crying_sobbing_wail_487.wav,crying_sobbing_wail,crying_sobbing_wail
crying_sobbing_wail_488.wav,crying_sobbing_wail,crying_sobbing_wail
crying_sobbing_wail_489.wav,crying_sobbing_wail,crying_sobbing_wail
crying_sobbing_wail_490.wav,crying_sobbing_wail,crying_sobbing_wail
crying_sobbing_wail_491.wav,crying_sobbing_wail,crying_sobbing_wail
crying_sobbing_wail_492.wav,crying_sobbing_wail,crying_sobbing_wail
crying_sobbing_wail_493.wav,crying_sobbing_wail,crying_sobbing_wail
crying_sobbing_wail_494.wav,cough,crying_sobbing_wail
crying_sobbing_wail_495.wav,crying_sobbing_wail,crying_sobbing_wail
crying_sobbing_wail_496.wav,crying_sobbing_wail,crying_sobbing_wail
crying_sobbing_wail_497.wav,crying_sobbing_wail,crying_sobbing_wail
crying_sobbing_wail_498.wav,crying_sobbing_wail,crying_sobbing_wail
crying_sobbing_wail_499.wav,crying_sobbing_wail,crying_sobbing_wail
crying_sobbing_wail_500.wav,crying_sobbing_wail,crying_sobbing_wail
crying_sobbing_wail_501.wav,crying_sobbing_wail,crying_sobbing_wail
crying_sobbing_wail_502.wav,crying_sobbing_wail,crying_sobbing_wail
crying_sobbing_wail_503.wav,crying_sobbing_wail,crying_sobbing_wail
crying_sobbing_wail_504.wav,crying_sobbing_wail,crying_sobbing_wail
crying_sobbing_wail_505.wav,crying_sobbing_wail,crying_sobbing_wail
crying_sobbing_wail_506.wav,crying_sobbing_wail,crying_sobbing_wail
crying_sobbing_wail_507.wav,crying_sobbing_wail,crying_sobbing_wail
crying_sobbing_wail_508.wav,crying_sobbing_wail,crying_sobbing_wail
crying_sobbing_wail_509.wav,crying_sobbing_wail,crying_sobbing_wail
crying_sobbing_wail_510.wav,crying_sobbing_wail,crying_sobbing_wail
crying_sobbing_wail_511.wav,crying_sobbing_wail,crying_sobbing_wail
crying_sobbing_wail_512.wav,crying_sobbing_wail,crying_sobbing_wail
crying_sobbing_wail_513.wav,crying_sobbing_wail,crying_sobbing_wail
crying_sobbing_wail_514.wav,crying_sobbing_wail,crying_sobbing_wail
crying_sobbing_wail_515.wav,crying_sobbing_wail,crying_sobbing_wail
crying_sobbing_wail_516.wav,crying_sobbing_wail,crying_sobbing_wail
crying_sobbing_wail_517.wav,crying_sobbing_wail,crying_sobbing_wail
crying_sobbing_wail_518.wav,sniff,crying_sobbing_wail
crying_sobbing_wail_519.wav,crying_sobbing_wail,crying_sobbing_wail
crying_sobbing_wail_520.wav,crying_sobbing_wail,crying_sobbing_wail
crying_sobbing_wail_521.wav,crying_sobbing_wail,crying_sobbing_wail
crying_sobbing_wail_522.wav,crying_sobbing_wail,crying_sobbing_wail
crying_sobbing_wail_523.wav,crying_sobbing_wail,crying_sobbing_wail
crying_sobbing_wail_524.wav,crying_sobbing_wail,crying_sobbing_wail
crying_sobbing_wail_525.wav,crying_sobbing_wail,crying_sobbing_wail
crying_sobbing_wail_526.wav,crying_sobbing_wail,crying_sobbing_wail
crying_sobbing_wail_527.wav,crying_sobbing_wail,crying_sobbing_wail
crying_sobbing_wail_528.wav,crying_sobbing_wail,crying_sobbing_wail
crying_sobbing_wail_529.wav,crying_sobbing_wail,crying_sobbing_wail
crying_sobbing_wail_530.wav,crying_sobbing_wail,crying_sobbing_wail
crying_sobbing_wail_531.wav,crying_sobbing_wail,crying_sobbing_wail
crying_sobbing_wail_532.wav,crying_sobbing_wail,crying_sobbing_wail
crying_sobbing_wail_533.wav,crying_sobbing_wail,crying_sobbing_wail
crying_sobbing_wail_534.wav,crying_sobbing_wail,crying_sobbing_wail
crying_sobbing_wail_535.wav,crying_sobbing_wail,crying_sobbing_wail
crying_sobbing_wail_536.wav,crying_sobbing_wail,crying_sobbing_wail
crying_sobbing_wail_537.wav,crying_sobbing_wail,crying_sobbing_wail
crying_sobbing_wail_538.wav,crying_sobbing_wail,crying_sobbing_wail
crying_sobbing_wail_539.wav,crying_sobbing_wail,crying_sobbing_wail
crying_sobbing_wail_540.wav,crying_sobbing_wail,crying_sobbing_wail
crying_sobbing_wail_541.wav,cough,crying_sobbing_wail
crying_sobbing_wail_542.wav,crying_sobbing_wail,crying_sobbing_wail
crying_sobbing_wail_543.wav,crying_sobbing_wail,crying_sobbing_wail
crying_sobbing_wail_544.wav,crying_sobbing_wail,crying_sobbing_wail
crying_sobbing_wail_545.wav,crying_sobbing_wail,crying_sobbing_wail
crying_sobbing_wail_546.wav,crying_sobbing_wail,crying_sobbing_wail
crying_sobbing_wail_547.wav,crying_sobbing_wail,crying_sobbing_wail
crying_sobbing_wail_548.wav,crying_sobbing_wail,crying_sobbing_wail
crying_sobbing_wail_549.wav,crying_sobbing_wail,crying_sobbing_wail
crying_sobbing_wail_550.wav,crying_sobbing_wail,crying_sobbing_wail
crying_sobbing_wail_551.wav,crying_sobbing_wail,crying_sobbing_wail
crying_sobbing_wail_552.wav,crying_sobbing_wail,crying_sobbing_wail
crying_sobbing_wail_553.wav,crying_sobbing_wail,crying_sobbing_wail
crying_sobbing_wail_554.wav,crying_sobbing_wail,crying_sobbing_wail
crying_sobbing_wail_555.wav,crying_sobbing_wail,crying_sobbing_wail
crying_sobbing_wail_556.wav,crying_sobbing_wail,crying_sobbing_wail
crying_sobbing_wail_557.wav,crying_sobbing_wail,crying_sobbing_wail
crying_sobbing_wail_558.wav,crying_sobbing_wail,crying_sobbing_wail
crying_sobbing_wail_559.wav,crying_sobbing_wail,crying_sobbing_wail
crying_sobbing_wail_560.wav,crying_sobbing_wail,crying_sobbing_wail
crying_sobbing_wail_561.wav,crying_sobbing_wail,crying_sobbing_wail
crying_sobbing_wail_562.wav,crying_sobbing_wail,crying_sobbing_wail
crying_sobbing_wail_563.wav,crying_sobbing_wail,crying_sobbing_wail
crying_sobbing_wail_564.wav,cough,crying_sobbing_wail
crying_sobbing_wail_565.wav,crying_sobbing_wail,crying_sobbing_wail
crying_sobbing_wail_566.wav,crying_sobbing_wail,crying_sobbing_wail
crying_sobbing_wail_567.wav,crying_sobbing_wail,crying_sobbing_wail
crying_sobbing_wail_568.wav,crying_sobbing_wail,crying_sobbing_wail
crying_sobbing_wail_569.wav,crying_sobbing_wail,crying_sobbing_wail
crying_sobbing_wail_570.wav,crying_sobbing_wail,crying_sobbing_wail
crying_sobbing_wail_571.wav,crying_sobbing_wail,crying_sobbing_wail
crying_sobbing_wail_572.wav,crying_sobbing_wail,crying_sobbing_wail
crying_sobbing_wail_573.wav,crying_sobbing_wail,crying_sobbing_wail
crying_sobbing_wail_574.wav,crying_sobbing_wail,crying_sobbing_wail
crying_sobbing_wail_575.wav,crying_sobbing_wail,crying_sobbing_wail
crying_sobbing_wail_576.wav,crying_sobbing_wail,crying_sobbing_wail
crying_sobbing_wail_577.wav,crying_sobbing_wail,crying_sobbing_wail
crying_sobbing_wail_578.wav,cough,crying_sobbing_wail
crying_sobbing_wail_579.wav,crying_sobbing_wail,crying_sobbing_wail
crying_sobbing_wail_580.wav,crying_sobbing_wail,crying_sobbing_wail
crying_sobbing_wail_581.wav,crying_sobbing_wail,crying_sobbing_wail
crying_sobbing_wail_582.wav,crying_sobbing_wail,crying_sobbing_wail
crying_sobbing_wail_583.wav,crying_sobbing_wail,crying_sobbing_wail
crying_sobbing_wail_584.wav,crying_sobbing_wail,crying_sobbing_wail
crying_sobbing_wail_585.wav,crying_sobbing_wail,crying_sobbing_wail
crying_sobbing_wail_586.wav,crying_sobbing_wail,crying_sobbing_wail
crying_sobbing_wail_587.wav,crying_sobbing_wail,crying_sobbing_wail
crying_sobbing_wail_588.wav,crying_sobbing_wail,crying_sobbing_wail
crying_sobbing_wail_589.wav,crying_sobbing_wail,crying_sobbing_wail
crying_sobbing_wail_590.wav,crying_sobbing_wail,crying_sobbing_wail
crying_sobbing_wail_591.wav,crying_sobbing_wail,crying_sobbing_wail
crying_sobbing_wail_592.wav,crying_sobbing_wail,crying_sobbing_wail
crying_sobbing_wail_593.wav,crying_sobbing_wail,crying_sobbing_wail
crying_sobbing_wail_594.wav,crying_sobbing_wail,crying_sobbing_wail
crying_sobbing_wail_595.wav,crying_sobbing_wail,crying_sobbing_wail
crying_sobbing_wail_596.wav,crying_sobbing_wail,crying_sobbing_wail
crying_sobbing_wail_597.wav,crying_sobbing_wail,crying_sobbing_wail
crying_sobbing_wail_598.wav,crying_sobbing_wail,crying_sobbing_wail
crying_sobbing_wail_599.wav,crying_sobbing_wail,crying_sobbing_wail
crying_sobbing_wail_600.wav,crying_sobbing_wail,crying_sobbing_wail
crying_sobbing_wail_601.wav,crying_sobbing_wail,crying_sobbing_wail
crying_sobbing_wail_602.wav,crying_sobbing_wail,crying_sobbing_wail
crying_sobbing_wail_603.wav,crying_sobbing_wail,crying_sobbing_wail
crying_sobbing_wail_604.wav,crying_sobbing_wail,crying_sobbing_wail
crying_sobbing_wail_605.wav,crying_sobbing_wail,crying_sobbing_wail
crying_sobbing_wail_606.wav,crying_sobbing_wail,crying_sobbing_wail
crying_sobbing_wail_607.wav,crying_sobbing_wail,crying_sobbing_wail
crying_sobbing_wail_608.wav,crying_sobbing_wail,crying_sobbing_wail
crying_sobbing_wail_609.wav,crying_sobbing_wail,crying_sobbing_wail
crying_sobbing_wail_610.wav,crying_sobbing_wail,crying_sobbing_wail
crying_sobbing_wail_611.wav,crying_sobbing_wail,crying_sobbing_wail
crying_sobbing_wail_612.wav,crying_sobbing_wail,crying_sobbing_wail
crying_sobbing_wail_613.wav,crying_sobbing_wail,crying_sobbing_wail
crying_sobbing_wail_614.wav,crying_sobbing_wail,crying_sobbing_wail
crying_sobbing_wail_615.wav,crying_sobbing_wail,crying_sobbing_wail
crying_sobbing_wail_616.wav,crying_sobbing_wail,crying_sobbing_wail
crying_sobbing_wail_617.wav,crying_sobbing_wail,crying_sobbing_wail
crying_sobbing_wail_618.wav,crying_sobbing_wail,crying_sobbing_wail
crying_sobbing_wail_619.wav,crying_sobbing_wail,crying_sobbing_wail
crying_sobbing_wail_620.wav,crying_sobbing_wail,crying_sobbing_wail
crying_sobbing_wail_621.wav,crying_sobbing_wail,crying_sobbing_wail
crying_sobbing_wail_622.wav,crying_sobbing_wail,crying_sobbing_wail
crying_sobbing_wail_623.wav,crying_sobbing_wail,crying_sobbing_wail
crying_sobbing_wail_624.wav,crying_sobbing_wail,crying_sobbing_wail
crying_sobbing_wail_625.wav,crying_sobbing_wail,crying_sobbing_wail
crying_sobbing_wail_626.wav,crying_sobbing_wail,crying_sobbing_wail
crying_sobbing_wail_627.wav,crying_sobbing_wail,crying_sobbing_wail
crying_sobbing_wail_628.wav,crying_sobbing_wail,crying_sobbing_wail
crying_sobbing_wail_629.wav,crying_sobbing_wail,crying_sobbing_wail
crying_sobbing_wail_630.wav,crying_sobbing_wail,crying_sobbing_wail
crying_sobbing_wail_631.wav,crying_sobbing_wail,crying_sobbing_wail
crying_sobbing_wail_632.wav,crying_sobbing_wail,crying_sobbing_wail
crying_sobbing_wail_633.wav,crying_sobbing_wail,crying_sobbing_wail
crying_sobbing_wail_634.wav,crying_sobbing_wail,crying_sobbing_wail
crying_sobbing_wail_635.wav,crying_sobbing_wail,crying_sobbing_wail
crying_sobbing_wail_636.wav,crying_sobbing_wail,crying_sobbing_wail
crying_sobbing_wail_637.wav,sneeze,crying_sobbing_wail
crying_sobbing_wail_638.wav,crying_sobbing_wail,crying_sobbing_wail
crying_sobbing_wail_639.wav,crying_sobbing_wail,crying_sobbing_wail
crying_sobbing_wail_640.wav,crying_sobbing_wail,crying_sobbing_wail
crying_sobbing_wail_641.wav,crying_sobbing_wail,crying_sobbing_wail
crying_sobbing_wail_642.wav,crying_sobbing_wail,crying_sobbing_wail
crying_sobbing_wail_643.wav,crying_sobbing_wail,crying_sobbing_wail
crying_sobbing_wail_644.wav,crying_sobbing_wail,crying_sobbing_wail
crying_sobbing_wail_645.wav,crying_sobbing_wail,crying_sobbing_wail
crying_sobbing_wail_646.wav,crying_sobbing_wail,crying_sobbing_wail
crying_sobbing_wail_647.wav,crying_sobbing_wail,crying_sobbing_wail
crying_sobbing_wail_648.wav,crying_sobbing_wail,crying_sobbing_wail
crying_sobbing_wail_649.wav,crying_sobbing_wail,crying_sobbing_wail
crying_sobbing_wail_650.wav,crying_sobbing_wail,crying_sobbing_wail
crying_sobbing_wail_651.wav,crying_sobbing_wail,crying_sobbing_wail
crying_sobbing_wail_652.wav,crying_sobbing_wail,crying_sobbing_wail
crying_sobbing_wail_653.wav,crying_sobbing_wail,crying_sobbing_wail
crying_sobbing_wail_654.wav,crying_sobbing_wail,crying_sobbing_wail
crying_sobbing_wail_655.wav,crying_sobbing_wail,crying_sobbing_wail
crying_sobbing_wail_656.wav,crying_sobbing_wail,crying_sobbing_wail
crying_sobbing_wail_657.wav,crying_sobbing_wail,crying_sobbing_wail
crying_sobbing_wail_658.wav,crying_sobbing_wail,crying_sobbing_wail
crying_sobbing_wail_659.wav,crying_sobbing_wail,crying_sobbing_wail
crying_sobbing_wail_660.wav,crying_sobbing_wail,crying_sobbing_wail
crying_sobbing_wail_661.wav,crying_sobbing_wail,crying_sobbing_wail
crying_sobbing_wail_662.wav,crying_sobbing_wail,crying_sobbing_wail
crying_sobbing_wail_663.wav,crying_sobbing_wail,crying_sobbing_wail
crying_sobbing_wail_664.wav,crying_sobbing_wail,crying_sobbing_wail
crying_sobbing_wail_665.wav,crying_sobbing_wail,crying_sobbing_wail
crying_sobbing_wail_666.wav,crying_sobbing_wail,crying_sobbing_wail
crying_sobbing_wail_667.wav,crying_sobbing_wail,crying_sobbing_wail
crying_sobbing_wail_668.wav,crying_sobbing_wail,crying_sobbing_wail
crying_sobbing_wail_669.wav,crying_sobbing_wail,crying_sobbing_wail
crying_sobbing_wail_670.wav,crying_sobbing_wail,crying_sobbing_wail
crying_sobbing_wail_671.wav,cough,crying_sobbing_wail
crying_sobbing_wail_672.wav,crying_sobbing_wail,crying_sobbing_wail
crying_sobbing_wail_673.wav,crying_sobbing_wail,crying_sobbing_wail
crying_sobbing_wail_674.wav,crying_sobbing_wail,crying_sobbing_wail
crying_sobbing_wail_675.wav,crying_sobbing_wail,crying_sobbing_wail
crying_sobbing_wail_676.wav,crying_sobbing_wail,crying_sobbing_wail
crying_sobbing_wail_677.wav,crying_sobbing_wail,crying_sobbing_wail
crying_sobbing_wail_678.wav,crying_sobbing_wail,crying_sobbing_wail
crying_sobbing_wail_679.wav,crying_sobbing_wail,crying_sobbing_wail
crying_sobbing_wail_680.wav,crying_sobbing_wail,crying_sobbing_wail
crying_sobbing_wail_681.wav,crying_sobbing_wail,crying_sobbing_wail
crying_sobbing_wail_682.wav,crying_sobbing_wail,crying_sobbing_wail
crying_sobbing_wail_683.wav,cough,crying_sobbing_wail
crying_sobbing_wail_684.wav,crying_sobbing_wail,crying_sobbing_wail
crying_sobbing_wail_685.wav,crying_sobbing_wail,crying_sobbing_wail
crying_sobbing_wail_686.wav,crying_sobbing_wail,crying_sobbing_wail
crying_sobbing_wail_687.wav,crying_sobbing_wail,crying_sobbing_wail
crying_sobbing_wail_688.wav,crying_sobbing_wail,crying_sobbing_wail
crying_sobbing_wail_689.wav,crying_sobbing_wail,crying_sobbing_wail
crying_sobbing_wail_690.wav,crying_sobbing_wail,crying_sobbing_wail
crying_sobbing_wail_691.wav,crying_sobbing_wail,crying_sobbing_wail
crying_sobbing_wail_692.wav,crying_sobbing_wail,crying_sobbing_wail
crying_sobbing_wail_693.wav,crying_sobbing_wail,crying_sobbing_wail
crying_sobbing_wail_694.wav,crying_sobbing_wail,crying_sobbing_wail
crying_sobbing_wail_695.wav,crying_sobbing_wail,crying_sobbing_wail
crying_sobbing_wail_696.wav,crying_sobbing_wail,crying_sobbing_wail
crying_sobbing_wail_697.wav,crying_sobbing_wail,crying_sobbing_wail
crying_sobbing_wail_698.wav,crying_sobbing_wail,crying_sobbing_wail
crying_sobbing_wail_699.wav,crying_sobbing_wail,crying_sobbing_wail
crying_sobbing_wail_700.wav,crying_sobbing_wail,crying_sobbing_wail
crying_sobbing_wail_701.wav,crying_sobbing_wail,crying_sobbing_wail
crying_sobbing_wail_702.wav,crying_sobbing_wail,crying_sobbing_wail
crying_sobbing_wail_703.wav,crying_sobbing_wail,crying_sobbing_wail
crying_sobbing_wail_704.wav,crying_sobbing_wail,crying_sobbing_wail
crying_sobbing_wail_705.wav,crying_sobbing_wail,crying_sobbing_wail
crying_sobbing_wail_706.wav,crying_sobbing_wail,crying_sobbing_wail
crying_sobbing_wail_707.wav,crying_sobbing_wail,crying_sobbing_wail
crying_sobbing_wail_708.wav,crying_sobbing_wail,crying_sobbing_wail
crying_sobbing_wail_709.wav,crying_sobbing_wail,crying_sobbing_wail
crying_sobbing_wail_710.wav,crying_sobbing_wail,crying_sobbing_wail
crying_sobbing_wail_711.wav,crying_sobbing_wail,crying_sobbing_wail
crying_sobbing_wail_712.wav,crying_sobbing_wail,crying_sobbing_wail
crying_sobbing_wail_713.wav,crying_sobbing_wail,crying_sobbing_wail
crying_sobbing_wail_714.wav,crying_sobbing_wail,crying_sobbing_wail
crying_sobbing_wail_715.wav,crying_sobbing_wail,crying_sobbing_wail
crying_sobbing_wail_716.wav,crying_sobbing_wail,crying_sobbing_wail
crying_sobbing_wail_717.wav,crying_sobbing_wail,crying_sobbing_wail
crying_sobbing_wail_718.wav,crying_sobbing_wail,crying_sobbing_wail
crying_sobbing_wail_719.wav,crying_sobbing_wail,crying_sobbing_wail
crying_sobbing_wail_720.wav,crying_sobbing_wail,crying_sobbing_wail
crying_sobbing_wail_721.wav,crying_sobbing_wail,crying_sobbing_wail
crying_sobbing_wail_722.wav,crying_sobbing_wail,crying_sobbing_wail
crying_sobbing_wail_723.wav,crying_sobbing_wail,crying_sobbing_wail
crying_sobbing_wail_724.wav,crying_sobbing_wail,crying_sobbing_wail
crying_sobbing_wail_725.wav,crying_sobbing_wail,crying_sobbing_wail
crying_sobbing_wail_726.wav,crying_sobbing_wail,crying_sobbing_wail
crying_sobbing_wail_727.wav,crying_sobbing_wail,crying_sobbing_wail
crying_sobbing_wail_728.wav,crying_sobbing_wail,crying_sobbing_wail
crying_sobbing_wail_729.wav,crying_sobbing_wail,crying_sobbing_wail
crying_sobbing_wail_730.wav,crying_sobbing_wail,crying_sobbing_wail
crying_sobbing_wail_731.wav,crying_sobbing_wail,crying_sobbing_wail
crying_sobbing_wail_732.wav,crying_sobbing_wail,crying_sobbing_wail
crying_sobbing_wail_733.wav,crying_sobbing_wail,crying_sobbing_wail
crying_sobbing_wail_734.wav,crying_sobbing_wail,crying_sobbing_wail
crying_sobbing_wail_735.wav,crying_sobbing_wail,crying_sobbing_wail
crying_sobbing_wail_736.wav,crying_sobbing_wail,crying_sobbing_wail
crying_sobbing_wail_737.wav,crying_sobbing_wail,crying_sobbing_wail
crying_sobbing_wail_738.wav,crying_sobbing_wail,crying_sobbing_wail
crying_sobbing_wail_739.wav,crying_sobbing_wail,crying_sobbing_wail
crying_sobbing_wail_740.wav,crying_sobbing_wail,crying_sobbing_wail
crying_sobbing_wail_741.wav,crying_sobbing_wail,crying_sobbing_wail
crying_sobbing_wail_742.wav,crying_sobbing_wail,crying_sobbing_wail
crying_sobbing_wail_743.wav,crying_sobbing_wail,crying_sobbing_wail
crying_sobbing_wail_744.wav,crying_sobbing_wail,crying_sobbing_wail
crying_sobbing_wail_745.wav,crying_sobbing_wail,crying_sobbing_wail
crying_sobbing_wail_746.wav,crying_sobbing_wail,crying_sobbing_wail
crying_sobbing_wail_747.wav,crying_sobbing_wail,crying_sobbing_wail
crying_sobbing_wail_748.wav,crying_sobbing_wail,crying_sobbing_wail
crying_sobbing_wail_749.wav,crying_sobbing_wail,crying_sobbing_wail
crying_sobbing_wail_750.wav,crying_sobbing_wail,crying_sobbing_wail
crying_sobbing_wail_751.wav,crying_sobbing_wail,crying_sobbing_wail
crying_sobbing_wail_752.wav,crying_sobbing_wail,crying_sobbing_wail
crying_sobbing_wail_753.wav,crying_sobbing_wail,crying_sobbing_wail
crying_sobbing_wail_754.wav,crying_sobbing_wail,crying_sobbing_wail
crying_sobbing_wail_755.wav,crying_sobbing_wail,crying_sobbing_wail
crying_sobbing_wail_756.wav,crying_sobbing_wail,crying_sobbing_wail
crying_sobbing_wail_757.wav,dog,crying_sobbing_wail
crying_sobbing_wail_758.wav,crying_sobbing_wail,crying_sobbing_wail
crying_sobbing_wail_759.wav,crying_sobbing_wail,crying_sobbing_wail
crying_sobbing_wail_760.wav,crying_sobbing_wail,crying_sobbing_wail
crying_sobbing_wail_761.wav,crying_sobbing_wail,crying_sobbing_wail
crying_sobbing_wail_762.wav,crying_sobbing_wail,crying_sobbing_wail
crying_sobbing_wail_763.wav,crying_sobbing_wail,crying_sobbing_wail
crying_sobbing_wail_764.wav,crying_sobbing_wail,crying_sobbing_wail
crying_sobbing_wail_765.wav,crying_sobbing_wail,crying_sobbing_wail
crying_sobbing_wail_766.wav,crying_sobbing_wail,crying_sobbing_wail
crying_sobbing_wail_767.wav,crying_sobbing_wail,crying_sobbing_wail
crying_sobbing_wail_768.wav,crying_sobbing_wail,crying_sobbing_wail
crying_sobbing_wail_769.wav,crying_sobbing_wail,crying_sobbing_wail
crying_sobbing_wail_770.wav,crying_sobbing_wail,crying_sobbing_wail
crying_sobbing_wail_771.wav,crying_sobbing_wail,crying_sobbing_wail
crying_sobbing_wail_772.wav,crying_sobbing_wail,crying_sobbing_wail
crying_sobbing_wail_773.wav,crying_sobbing_wail,crying_sobbing_wail
crying_sobbing_wail_774.wav,crying_sobbing_wail,crying_sobbing_wail
crying_sobbing_wail_775.wav,crying_sobbing_wail,crying_sobbing_wail
crying_sobbing_wail_776.wav,crying_sobbing_wail,crying_sobbing_wail
crying_sobbing_wail_777.wav,crying_sobbing_wail,crying_sobbing_wail
crying_sobbing_wail_778.wav,crying_sobbing_wail,crying_sobbing_wail
crying_sobbing_wail_779.wav,crying_sobbing_wail,crying_sobbing_wail
crying_sobbing_wail_780.wav,crying_sobbing_wail,crying_sobbing_wail
crying_sobbing_wail_781.wav,crying_sobbing_wail,crying_sobbing_wail
crying_sobbing_wail_782.wav,crying_sobbing_wail,crying_sobbing_wail
crying_sobbing_wail_783.wav,crying_sobbing_wail,crying_sobbing_wail
crying_sobbing_wail_784.wav,sneeze,crying_sobbing_wail
crying_sobbing_wail_785.wav,crying_sobbing_wail,crying_sobbing_wail
crying_sobbing_wail_786.wav,crying_sobbing_wail,crying_sobbing_wail
crying_sobbing_wail_787.wav,crying_sobbing_wail,crying_sobbing_wail
crying_sobbing_wail_788.wav,crying_sobbing_wail,crying_sobbing_wail
crying_sobbing_wail_789.wav,crying_sobbing_wail,crying_sobbing_wail
crying_sobbing_wail_790.wav,crying_sobbing_wail,crying_sobbing_wail
crying_sobbing_wail_791.wav,crying_sobbing_wail,crying_sobbing_wail
crying_sobbing_wail_792.wav,crying_sobbing_wail,crying_sobbing_wail
crying_sobbing_wail_793.wav,crying_sobbing_wail,crying_sobbing_wail
crying_sobbing_wail_794.wav,crying_sobbing_wail,crying_sobbing_wail
crying_sobbing_wail_795.wav,crying_sobbing_wail,crying_sobbing_wail
crying_sobbing_wail_796.wav,crying_sobbing_wail,crying_sobbing_wail
crying_sobbing_wail_797.wav,crying_sobbing_wail,crying_sobbing_wail
crying_sobbing_wail_798.wav,crying_sobbing_wail,crying_sobbing_wail
crying_sobbing_wail_799.wav,crying_sobbing_wail,crying_sobbing_wail
crying_sobbing_wail_800.wav,crying_sobbing_wail,crying_sobbing_wail
crying_sobbing_wail_801.wav,crying_sobbing_wail,crying_sobbing_wail
crying_sobbing_wail_802.wav,crying_sobbing_wail,crying_sobbing_wail
crying_sobbing_wail_803.wav,crying_sobbing_wail,crying_sobbing_wail
crying_sobbing_wail_804.wav,crying_sobbing_wail,crying_sobbing_wail
crying_sobbing_wail_805.wav,crying_sobbing_wail,crying_sobbing_wail
crying_sobbing_wail_806.wav,crying_sobbing_wail,crying_sobbing_wail
crying_sobbing_wail_807.wav,crying_sobbing_wail,crying_sobbing_wail
crying_sobbing_wail_808.wav,crying_sobbing_wail,crying_sobbing_wail
crying_sobbing_wail_809.wav,sneeze,crying_sobbing_wail
crying_sobbing_wail_810.wav,crying_sobbing_wail,crying_sobbing_wail
crying_sobbing_wail_811.wav,crying_sobbing_wail,crying_sobbing_wail
crying_sobbing_wail_812.wav,crying_sobbing_wail,crying_sobbing_wail
crying_sobbing_wail_813.wav,crying_sobbing_wail,crying_sobbing_wail
crying_sobbing_wail_814.wav,crying_sobbing_wail,crying_sobbing_wail
crying_sobbing_wail_815.wav,crying_sobbing_wail,crying_sobbing_wail
crying_sobbing_wail_816.wav,crying_sobbing_wail,crying_sobbing_wail
crying_sobbing_wail_817.wav,crying_sobbing_wail,crying_sobbing_wail
crying_sobbing_wail_818.wav,crying_sobbing_wail,crying_sobbing_wail
crying_sobbing_wail_819.wav,crying_sobbing_wail,crying_sobbing_wail
crying_sobbing_wail_820.wav,crying_sobbing_wail,crying_sobbing_wail
crying_sobbing_wail_821.wav,crying_sobbing_wail,crying_sobbing_wail
crying_sobbing_wail_822.wav,crying_sobbing_wail,crying_sobbing_wail
crying_sobbing_wail_823.wav,crying_sobbing_wail,crying_sobbing_wail
crying_sobbing_wail_824.wav,crying_sobbing_wail,crying_sobbing_wail
crying_sobbing_wail_825.wav,crying_sobbing_wail,crying_sobbing_wail
crying_sobbing_wail_826.wav,crying_sobbing_wail,crying_sobbing_wail
crying_sobbing_wail_827.wav,crying_sobbing_wail,crying_sobbing_wail
crying_sobbing_wail_828.wav,crying_sobbing_wail,crying_sobbing_wail
crying_sobbing_wail_829.wav,crying_sobbing_wail,crying_sobbing_wail
crying_sobbing_wail_830.wav,crying_sobbing_wail,crying_sobbing_wail
crying_sobbing_wail_831.wav,crying_sobbing_wail,crying_sobbing_wail
crying_sobbing_wail_832.wav,crying_sobbing_wail,crying_sobbing_wail
crying_sobbing_wail_833.wav,crying_sobbing_wail,crying_sobbing_wail
crying_sobbing_wail_834.wav,crying_sobbing_wail,crying_sobbing_wail
crying_sobbing_wail_835.wav,crying_sobbing_wail,crying_sobbing_wail
crying_sobbing_wail_836.wav,crying_sobbing_wail,crying_sobbing_wail
crying_sobbing_wail_837.wav,crying_sobbing_wail,crying_sobbing_wail
crying_sobbing_wail_838.wav,crying_sobbing_wail,crying_sobbing_wail
crying_sobbing_wail_839.wav,crying_sobbing_wail,crying_sobbing_wail
crying_sobbing_wail_840.wav,cough,crying_sobbing_wail
crying_sobbing_wail_841.wav,crying_sobbing_wail,crying_sobbing_wail
crying_sobbing_wail_842.wav,crying_sobbing_wail,crying_sobbing_wail
crying_sobbing_wail_843.wav,crying_sobbing_wail,crying_sobbing_wail
crying_sobbing_wail_844.wav,crying_sobbing_wail,crying_sobbing_wail
crying_sobbing_wail_845.wav,crying_sobbing_wail,crying_sobbing_wail
crying_sobbing_wail_846.wav,crying_sobbing_wail,crying_sobbing_wail
crying_sobbing_wail_847.wav,crying_sobbing_wail,crying_sobbing_wail
crying_sobbing_wail_848.wav,crying_sobbing_wail,crying_sobbing_wail
crying_sobbing_wail_849.wav,crying_sobbing_wail,crying_sobbing_wail
crying_sobbing_wail_850.wav,crying_sobbing_wail,crying_sobbing_wail
crying_sobbing_wail_851.wav,crying_sobbing_wail,crying_sobbing_wail
crying_sobbing_wail_852.wav,crying_sobbing_wail,crying_sobbing_wail
crying_sobbing_wail_853.wav,crying_sobbing_wail,crying_sobbing_wail
crying_sobbing_wail_854.wav,crying_sobbing_wail,crying_sobbing_wail
crying_sobbing_wail_855.wav,crying_sobbing_wail,crying_sobbing_wail
crying_sobbing_wail_856.wav,crying_sobbing_wail,crying_sobbing_wail
crying_sobbing_wail_857.wav,crying_sobbing_wail,crying_sobbing_wail
crying_sobbing_wail_858.wav,crying_sobbing_wail,crying_sobbing_wail
crying_sobbing_wail_859.wav,crying_sobbing_wail,crying_sobbing_wail
crying_sobbing_wail_860.wav,crying_sobbing_wail,crying_sobbing_wail
crying_sobbing_wail_861.wav,crying_sobbing_wail,crying_sobbing_wail
crying_sobbing_wail_862.wav,crying_sobbing_wail,crying_sobbing_wail
crying_sobbing_wail_863.wav,crying_sobbing_wail,crying_sobbing_wail
crying_sobbing_wail_864.wav,crying_sobbing_wail,crying_sobbing_wail
crying_sobbing_wail_865.wav,crying_sobbing_wail,crying_sobbing_wail
crying_sobbing_wail_866.wav,crying_sobbing_wail,crying_sobbing_wail
crying_sobbing_wail_867.wav,crying_sobbing_wail,crying_sobbing_wail
crying_sobbing_wail_868.wav,cat,crying_sobbing_wail
crying_sobbing_wail_869.wav,crying_sobbing_wail,crying_sobbing_wail
crying_sobbing_wail_870.wav,crying_sobbing_wail,crying_sobbing_wail
crying_sobbing_wail_871.wav,crying_sobbing_wail,crying_sobbing_wail
crying_sobbing_wail_872.wav,crying_sobbing_wail,crying_sobbing_wail
crying_sobbing_wail_873.wav,crying_sobbing_wail,crying_sobbing_wail
crying_sobbing_wail_874.wav,crying_sobbing_wail,crying_sobbing_wail
crying_sobbing_wail_875.wav,crying_sobbing_wail,crying_sobbing_wail
crying_sobbing_wail_876.wav,crying_sobbing_wail,crying_sobbing_wail
crying_sobbing_wail_877.wav,crying_sobbing_wail,crying_sobbing_wail
crying_sobbing_wail_878.wav,crying_sobbing_wail,crying_sobbing_wail
crying_sobbing_wail_879.wav,crying_sobbing_wail,crying_sobbing_wail
crying_sobbing_wail_880.wav,crying_sobbing_wail,crying_sobbing_wail
crying_sobbing_wail_881.wav,crying_sobbing_wail,crying_sobbing_wail
crying_sobbing_wail_882.wav,crying_sobbing_wail,crying_sobbing_wail
crying_sobbing_wail_883.wav,crying_sobbing_wail,crying_sobbing_wail
crying_sobbing_wail_884.wav,crying_sobbing_wail,crying_sobbing_wail
crying_sobbing_wail_885.wav,crying_sobbing_wail,crying_sobbing_wail
crying_sobbing_wail_886.wav,crying_sobbing_wail,crying_sobbing_wail
crying_sobbing_wail_887.wav,crying_sobbing_wail,crying_sobbing_wail
crying_sobbing_wail_888.wav,crying_sobbing_wail,crying_sobbing_wail
crying_sobbing_wail_889.wav,crying_sobbing_wail,crying_sobbing_wail
crying_sobbing_wail_890.wav,crying_sobbing_wail,crying_sobbing_wail
crying_sobbing_wail_891.wav,crying_sobbing_wail,crying_sobbing_wail
crying_sobbing_wail_892.wav,crying_sobbing_wail,crying_sobbing_wail
crying_sobbing_wail_893.wav,crying_sobbing_wail,crying_sobbing_wail
crying_sobbing_wail_894.wav,crying_sobbing_wail,crying_sobbing_wail
crying_sobbing_wail_895.wav,crying_sobbing_wail,crying_sobbing_wail
crying_sobbing_wail_896.wav,crying_sobbing_wail,crying_sobbing_wail
crying_sobbing_wail_897.wav,crying_sobbing_wail,crying_sobbing_wail
crying_sobbing_wail_898.wav,crying_sobbing_wail,crying_sobbing_wail
crying_sobbing_wail_899.wav,crying_sobbing_wail,crying_sobbing_wail
crying_sobbing_wail_900.wav,crying_sobbing_wail,crying_sobbing_wail
crying_sobbing_wail_901.wav,crying_sobbing_wail,crying_sobbing_wail
crying_sobbing_wail_902.wav,crying_sobbing_wail,crying_sobbing_wail
crying_sobbing_wail_903.wav,crying_sobbing_wail,crying_sobbing_wail
crying_sobbing_wail_904.wav,crying_sobbing_wail,crying_sobbing_wail
crying_sobbing_wail_905.wav,crying_sobbing_wail,crying_sobbing_wail
crying_sobbing_wail_906.wav,crying_sobbing_wail,crying_sobbing_wail
crying_sobbing_wail_907.wav,crying_sobbing_wail,crying_sobbing_wail
crying_sobbing_wail_908.wav,crying_sobbing_wail,crying_sobbing_wail
crying_sobbing_wail_909.wav,crying_sobbing_wail,crying_sobbing_wail
crying_sobbing_wail_910.wav,crying_sobbing_wail,crying_sobbing_wail
crying_sobbing_wail_911.wav,crying_sobbing_wail,crying_sobbing_wail
crying_sobbing_wail_912.wav,crying_sobbing_wail,crying_sobbing_wail
crying_sobbing_wail_913.wav,crying_sobbing_wail,crying_sobbing_wail
crying_sobbing_wail_914.wav,crying_sobbing_wail,crying_sobbing_wail
crying_sobbing_wail_915.wav,crying_sobbing_wail,crying_sobbing_wail
crying_sobbing_wail_916.wav,crying_sobbing_wail,crying_sobbing_wail
crying_sobbing_wail_917.wav,crying_sobbing_wail,crying_sobbing_wail
crying_sobbing_wail_918.wav,crying_sobbing_wail,crying_sobbing_wail
crying_sobbing_wail_919.wav,crying_sobbing_wail,crying_sobbing_wail
crying_sobbing_wail_920.wav,crying_sobbing_wail,crying_sobbing_wail
crying_sobbing_wail_921.wav,crying_sobbing_wail,crying_sobbing_wail
crying_sobbing_wail_922.wav,crying_sobbing_wail,crying_sobbing_wail
crying_sobbing_wail_923.wav,crying_sobbing_wail,crying_sobbing_wail
crying_sobbing_wail_924.wav,crying_sobbing_wail,crying_sobbing_wail
crying_sobbing_wail_925.wav,crying_sobbing_wail,crying_sobbing_wail
crying_sobbing_wail_926.wav,crying_sobbing_wail,crying_sobbing_wail
crying_sobbing_wail_927.wav,crying_sobbing_wail,crying_sobbing_wail
crying_sobbing_wail_928.wav,sniff,crying_sobbing_wail
crying_sobbing_wail_929.wav,crying_sobbing_wail,crying_sobbing_wail
crying_sobbing_wail_930.wav,crying_sobbing_wail,crying_sobbing_wail
crying_sobbing_wail_931.wav,crying_sobbing_wail,crying_sobbing_wail
crying_sobbing_wail_932.wav,crying_sobbing_wail,crying_sobbing_wail
crying_sobbing_wail_933.wav,crying_sobbing_wail,crying_sobbing_wail
crying_sobbing_wail_934.wav,crying_sobbing_wail,crying_sobbing_wail
crying_sobbing_wail_935.wav,crying_sobbing_wail,crying_sobbing_wail
crying_sobbing_wail_936.wav,crying_sobbing_wail,crying_sobbing_wail
crying_sobbing_wail_937.wav,crying_sobbing_wail,crying_sobbing_wail
crying_sobbing_wail_938.wav,crying_sobbing_wail,crying_sobbing_wail
crying_sobbing_wail_939.wav,crying_sobbing_wail,crying_sobbing_wail
crying_sobbing_wail_940.wav,crying_sobbing_wail,crying_sobbing_wail
crying_sobbing_wail_941.wav,crying_sobbing_wail,crying_sobbing_wail
crying_sobbing_wail_942.wav,crying_sobbing_wail,crying_sobbing_wail
crying_sobbing_wail_943.wav,crying_sobbing_wail,crying_sobbing_wail
crying_sobbing_wail_944.wav,crying_sobbing_wail,crying_sobbing_wail
crying_sobbing_wail_945.wav,crying_sobbing_wail,crying_sobbing_wail
crying_sobbing_wail_946.wav,crying_sobbing_wail,crying_sobbing_wail
crying_sobbing_wail_947.wav,crying_sobbing_wail,crying_sobbing_wail
crying_sobbing_wail_948.wav,crying_sobbing_wail,crying_sobbing_wail
crying_sobbing_wail_949.wav,crying_sobbing_wail,crying_sobbing_wail
crying_sobbing_wail_950.wav,crying_sobbing_wail,crying_sobbing_wail
crying_sobbing_wail_951.wav,crying_sobbing_wail,crying_sobbing_wail
crying_sobbing_wail_952.wav,crying_sobbing_wail,crying_sobbing_wail
crying_sobbing_wail_953.wav,crying_sobbing_wail,crying_sobbing_wail
crying_sobbing_wail_954.wav,crying_sobbing_wail,crying_sobbing_wail
crying_sobbing_wail_955.wav,crying_sobbing_wail,crying_sobbing_wail
crying_sobbing_wail_956.wav,crying_sobbing_wail,crying_sobbing_wail
crying_sobbing_wail_957.wav,crying_sobbing_wail,crying_sobbing_wail
crying_sobbing_wail_958.wav,crying_sobbing_wail,crying_sobbing_wail
crying_sobbing_wail_959.wav,crying_sobbing_wail,crying_sobbing_wail
crying_sobbing_wail_960.wav,crying_sobbing_wail,crying_sobbing_wail
crying_sobbing_wail_961.wav,crying_sobbing_wail,crying_sobbing_wail
crying_sobbing_wail_962.wav,crying_sobbing_wail,crying_sobbing_wail
crying_sobbing_wail_963.wav,crying_sobbing_wail,crying_sobbing_wail
crying_sobbing_wail_964.wav,crying_sobbing_wail,crying_sobbing_wail
crying_sobbing_wail_965.wav,crying_sobbing_wail,crying_sobbing_wail
crying_sobbing_wail_966.wav,crying_sobbing_wail,crying_sobbing_wail
crying_sobbing_wail_967.wav,crying_sobbing_wail,crying_sobbing_wail
crying_sobbing_wail_968.wav,crying_sobbing_wail,crying_sobbing_wail
crying_sobbing_wail_969.wav,crying_sobbing_wail,crying_sobbing_wail
crying_sobbing_wail_970.wav,crying_sobbing_wail,crying_sobbing_wail
crying_sobbing_wail_971.wav,crying_sobbing_wail,crying_sobbing_wail
crying_sobbing_wail_972.wav,crying_sobbing_wail,crying_sobbing_wail
crying_sobbing_wail_973.wav,crying_sobbing_wail,crying_sobbing_wail
crying_sobbing_wail_974.wav,crying_sobbing_wail,crying_sobbing_wail
crying_sobbing_wail_975.wav,crying_sobbing_wail,crying_sobbing_wail
crying_sobbing_wail_976.wav,crying_sobbing_wail,crying_sobbing_wail
crying_sobbing_wail_977.wav,crying_sobbing_wail,crying_sobbing_wail
crying_sobbing_wail_978.wav,crying_sobbing_wail,crying_sobbing_wail
crying_sobbing_wail_979.wav,crying_sobbing_wail,crying_sobbing_wail
crying_sobbing_wail_980.wav,crying_sobbing_wail,crying_sobbing_wail
crying_sobbing_wail_981.wav,crying_sobbing_wail,crying_sobbing_wail
crying_sobbing_wail_982.wav,crying_sobbing_wail,crying_sobbing_wail
crying_sobbing_wail_983.wav,crying_sobbing_wail,crying_sobbing_wail
crying_sobbing_wail_984.wav,crying_sobbing_wail,crying_sobbing_wail
crying_sobbing_wail_985.wav,crying_sobbing_wail,crying_sobbing_wail
crying_sobbing_wail_986.wav,crying_sobbing_wail,crying_sobbing_wail
crying_sobbing_wail_987.wav,crying_sobbing_wail,crying_sobbing_wail
crying_sobbing_wail_988.wav,crying_sobbing_wail,crying_sobbing_wail
crying_sobbing_wail_989.wav,crying_sobbing_wail,crying_sobbing_wail
crying_sobbing_wail_990.wav,crying_sobbing_wail,crying_sobbing_wail
crying_sobbing_wail_991.wav,crying_sobbing_wail,crying_sobbing_wail
crying_sobbing_wail_992.wav,crying_sobbing_wail,crying_sobbing_wail
crying_sobbing_wail_993.wav,crying_sobbing_wail,crying_sobbing_wail
crying_sobbing_wail_994.wav,crying_sobbing_wail,crying_sobbing_wail
crying_sobbing_wail_995.wav,crying_sobbing_wail,crying_sobbing_wail
crying_sobbing_wail_996.wav,crying_sobbing_wail,crying_sobbing_wail
crying_sobbing_wail_997.wav,crying_sobbing_wail,crying_sobbing_wail
crying_sobbing_wail_998.wav,crying_sobbing_wail,crying_sobbing_wail
crying_sobbing_wail_999.wav,crying_sobbing_wail,crying_sobbing_wail
crying_sobbing_wail_1000.wav,crying_sobbing_wail,crying_sobbing_wail
slap_smack_1.wav,slap_smack,slap_smack
slap_smack_2.wav,slap_smack,slap_smack
slap_smack_3.wav,slap_smack,slap_smack
slap_smack_4.wav,slap_smack,slap_smack
slap_smack_5.wav,slap_smack,slap_smack
slap_smack_6.wav,slap_smack,slap_smack
slap_smack_7.wav,slap_smack,slap_smack
slap_smack_8.wav,slap_smack,slap_smack
slap_smack_9.wav,slap_smack,slap_smack
slap_smack_10.wav,slap_smack,slap_smack
slap_smack_11.wav,slap_smack,slap_smack
slap_smack_12.wav,slap_smack,slap_smack
slap_smack_13.wav,slap_smack,slap_smack
slap_smack_14.wav,slap_smack,slap_smack
slap_smack_15.wav,slap_smack,slap_smack
slap_smack_16.wav,slap_smack,slap_smack
slap_smack_17.wav,slap_smack,slap_smack
slap_smack_18.wav,slap_smack,slap_smack
slap_smack_19.wav,slap_smack,slap_smack
slap_smack_20.wav,slap_smack,slap_smack
slap_smack_21.wav,slap_smack,slap_smack
slap_smack_22.wav,slap_smack,slap_smack
slap_smack_23.wav,slap_smack,slap_smack
slap_smack_24.wav,slap_smack,slap_smack
slap_smack_25.wav,slap_smack,slap_smack
slap_smack_26.wav,slap_smack,slap_smack
slap_smack_27.wav,slap_smack,slap_smack
slap_smack_28.wav,slap_smack,slap_smack
slap_smack_29.wav,slap_smack,slap_smack
slap_smack_30.wav,slap_smack,slap_smack
slap_smack_31.wav,slap_smack,slap_smack
slap_smack_32.wav,slap_smack,slap_smack
slap_smack_33.wav,slap_smack,slap_smack
slap_smack_34.wav,slap_smack,slap_smack
slap_smack_35.wav,slap_smack,slap_smack
slap_smack_36.wav,slap_smack,slap_smack
slap_smack_37.wav,slap_smack,slap_smack
slap_smack_38.wav,slap_smack,slap_smack
slap_smack_39.wav,slap_smack,slap_smack
slap_smack_40.wav,slap_smack,slap_smack
slap_smack_41.wav,slap_smack,slap_smack
slap_smack_42.wav,slap_smack,slap_smack
slap_smack_43.wav,slap_smack,slap_smack
slap_smack_44.wav,slap_smack,slap_smack
slap_smack_45.wav,slap_smack,slap_smack
slap_smack_46.wav,slap_smack,slap_smack
slap_smack_47.wav,slap_smack,slap_smack
slap_smack_48.wav,slap_smack,slap_smack
slap_smack_49.wav,slap_smack,slap_smack
slap_smack_50.wav,slap_smack,slap_smack
slap_smack_51.wav,slap_smack,slap_smack
slap_smack_52.wav,slap_smack,slap_smack
slap_smack_53.wav,slap_smack,slap_smack
slap_smack_54.wav,slap_smack,slap_smack
slap_smack_55.wav,slap_smack,slap_smack
slap_smack_56.wav,slap_smack,slap_smack
slap_smack_57.wav,slap_smack,slap_smack
slap_smack_58.wav,slap_smack,slap_smack
slap_smack_59.wav,slap_smack,slap_smack
slap_smack_60.wav,slap_smack,slap_smack
slap_smack_61.wav,slap_smack,slap_smack
slap_smack_62.wav,slap_smack,slap_smack
slap_smack_63.wav,slap_smack,slap_smack
slap_smack_64.wav,slap_smack,slap_smack
slap_smack_65.wav,slap_smack,slap_smack
slap_smack_66.wav,slap_smack,slap_smack
slap_smack_67.wav,slap_smack,slap_smack
slap_smack_68.wav,slap_smack,slap_smack
slap_smack_69.wav,slap_smack,slap_smack
slap_smack_70.wav,slap_smack,slap_smack
slap_smack_71.wav,slap_smack,slap_smack
slap_smack_72.wav,slap_smack,slap_smack
slap_smack_73.wav,slap_smack,slap_smack
slap_smack_74.wav,slap_smack,slap_smack
slap_smack_75.wav,slap_smack,slap_smack
slap_smack_76.wav,slap_smack,slap_smack
slap_smack_77.wav,slap_smack,slap_smack
slap_smack_78.wav,slap_smack,slap_smack
slap_smack_79.wav,slap_smack,slap_smack
slap_smack_80.wav,slap_smack,slap_smack
slap_smack_81.wav,slap_smack,slap_smack
slap_smack_82.wav,slap_smack,slap_smack
slap_smack_83.wav,slap_smack,slap_smack
slap_smack_84.wav,slap_smack,slap_smack
slap_smack_85.wav,slap_smack,slap_smack
slap_smack_86.wav,slap_smack,slap_smack
slap_smack_87.wav,slap_smack,slap_smack
slap_smack_88.wav,slap_smack,slap_smack
slap_smack_89.wav,slap_smack,slap_smack
slap_smack_90.wav,slap_smack,slap_smack
slap_smack_91.wav,slap_smack,slap_smack
slap_smack_92.wav,slap_smack,slap_smack
slap_smack_93.wav,slap_smack,slap_smack
slap_smack_94.wav,slap_smack,slap_smack
slap_smack_95.wav,slap_smack,slap_smack
slap_smack_96.wav,slap_smack,slap_smack
slap_smack_97.wav,slap_smack,slap_smack
slap_smack_98.wav,slap_smack,slap_smack
slap_smack_99.wav,slap_smack,slap_smack
slap_smack_100.wav,slap_smack,slap_smack
slap_smack_101.wav,slap_smack,slap_smack
slap_smack_102.wav,slap_smack,slap_smack
slap_smack_103.wav,slap_smack,slap_smack
slap_smack_104.wav,slap_smack,slap_smack
slap_smack_105.wav,slap_smack,slap_smack
slap_smack_106.wav,slap_smack,slap_smack
slap_smack_107.wav,slap_smack,slap_smack
slap_smack_108.wav,slap_smack,slap_smack
slap_smack_109.wav,slap_smack,slap_smack
slap_smack_110.wav,slap_smack,slap_smack
slap_smack_111.wav,slap_smack,slap_smack
slap_smack_112.wav,slap_smack,slap_smack
slap_smack_113.wav,slap_smack,slap_smack
slap_smack_114.wav,slap_smack,slap_smack
slap_smack_115.wav,slap_smack,slap_smack
slap_smack_116.wav,slap_smack,slap_smack
slap_smack_117.wav,slap_smack,slap_smack
slap_smack_118.wav,slap_smack,slap_smack
slap_smack_119.wav,slap_smack,slap_smack
slap_smack_120.wav,slap_smack,slap_smack
slap_smack_121.wav,slap_smack,slap_smack
slap_smack_122.wav,slap_smack,slap_smack
slap_smack_123.wav,slap_smack,slap_smack
slap_smack_124.wav,slap_smack,slap_smack
slap_smack_125.wav,slap_smack,slap_smack
slap_smack_126.wav,slap_smack,slap_smack
slap_smack_127.wav,slap_smack,slap_smack
slap_smack_128.wav,slap_smack,slap_smack
slap_smack_129.wav,slap_smack,slap_smack
slap_smack_130.wav,slap_smack,slap_smack
slap_smack_131.wav,slap_smack,slap_smack
slap_smack_132.wav,slap_smack,slap_smack
slap_smack_133.wav,slap_smack,slap_smack
slap_smack_134.wav,slap_smack,slap_smack
slap_smack_135.wav,slap_smack,slap_smack
slap_smack_136.wav,slap_smack,slap_smack
slap_smack_137.wav,slap_smack,slap_smack
slap_smack_138.wav,slap_smack,slap_smack
slap_smack_139.wav,slap_smack,slap_smack
slap_smack_140.wav,slap_smack,slap_smack
slap_smack_141.wav,slap_smack,slap_smack
slap_smack_142.wav,slap_smack,slap_smack
slap_smack_143.wav,slap_smack,slap_smack
slap_smack_144.wav,slap_smack,slap_smack
slap_smack_145.wav,slap_smack,slap_smack
slap_smack_146.wav,slap_smack,slap_smack
slap_smack_147.wav,slap_smack,slap_smack
slap_smack_148.wav,slap_smack,slap_smack
slap_smack_149.wav,slap_smack,slap_smack
slap_smack_150.wav,slap_smack,slap_smack
slap_smack_151.wav,slap_smack,slap_smack
slap_smack_152.wav,slap_smack,slap_smack
slap_smack_153.wav,slap_smack,slap_smack
slap_smack_154.wav,slap_smack,slap_smack
slap_smack_155.wav,slap_smack,slap_smack
slap_smack_156.wav,slap_smack,slap_smack
slap_smack_157.wav,slap_smack,slap_smack
slap_smack_158.wav,slap_smack,slap_smack
slap_smack_159.wav,slap_smack,slap_smack
slap_smack_160.wav,slap_smack,slap_smack
slap_smack_161.wav,slap_smack,slap_smack
slap_smack_162.wav,slap_smack,slap_smack
slap_smack_163.wav,slap_smack,slap_smack
slap_smack_164.wav,slap_smack,slap_smack
slap_smack_165.wav,slap_smack,slap_smack
slap_smack_166.wav,slap_smack,slap_smack
slap_smack_167.wav,slap_smack,slap_smack
slap_smack_168.wav,slap_smack,slap_smack
slap_smack_169.wav,slap_smack,slap_smack
slap_smack_170.wav,slap_smack,slap_smack
slap_smack_171.wav,slap_smack,slap_smack
slap_smack_172.wav,slap_smack,slap_smack
slap_smack_173.wav,slap_smack,slap_smack
slap_smack_174.wav,slap_smack,slap_smack
slap_smack_175.wav,slap_smack,slap_smack
slap_smack_176.wav,slap_smack,slap_smack
slap_smack_177.wav,slap_smack,slap_smack
slap_smack_178.wav,slap_smack,slap_smack
slap_smack_179.wav,slap_smack,slap_smack
slap_smack_180.wav,slap_smack,slap_smack
slap_smack_181.wav,slap_smack,slap_smack
slap_smack_182.wav,slap_smack,slap_smack
slap_smack_183.wav,slap_smack,slap_smack
slap_smack_184.wav,slap_smack,slap_smack
slap_smack_185.wav,slap_smack,slap_smack
slap_smack_186.wav,slap_smack,slap_smack
slap_smack_187.wav,slap_smack,slap_smack
slap_smack_188.wav,slap_smack,slap_smack
slap_smack_189.wav,slap_smack,slap_smack
slap_smack_190.wav,slap_smack,slap_smack
slap_smack_191.wav,slap_smack,slap_smack
slap_smack_192.wav,slap_smack,slap_smack
slap_smack_193.wav,slap_smack,slap_smack
slap_smack_194.wav,slap_smack,slap_smack
slap_smack_195.wav,slap_smack,slap_smack
slap_smack_196.wav,slap_smack,slap_smack
slap_smack_197.wav,slap_smack,slap_smack
slap_smack_198.wav,slap_smack,slap_smack
slap_smack_199.wav,slap_smack,slap_smack
slap_smack_200.wav,slap_smack,slap_smack
slap_smack_201.wav,slap_smack,slap_smack
slap_smack_202.wav,slap_smack,slap_smack
slap_smack_203.wav,slap_smack,slap_smack
slap_smack_204.wav,slap_smack,slap_smack
slap_smack_205.wav,slap_smack,slap_smack
slap_smack_206.wav,slap_smack,slap_smack
slap_smack_207.wav,slap_smack,slap_smack
slap_smack_208.wav,slap_smack,slap_smack
slap_smack_209.wav,slap_smack,slap_smack
slap_smack_210.wav,slap_smack,slap_smack
slap_smack_211.wav,slap_smack,slap_smack
slap_smack_212.wav,slap_smack,slap_smack
slap_smack_213.wav,slap_smack,slap_smack
slap_smack_214.wav,slap_smack,slap_smack
slap_smack_215.wav,slap_smack,slap_smack
slap_smack_216.wav,slap_smack,slap_smack
slap_smack_217.wav,slap_smack,slap_smack
slap_smack_218.wav,slap_smack,slap_smack
slap_smack_219.wav,slap_smack,slap_smack
slap_smack_220.wav,slap_smack,slap_smack
slap_smack_221.wav,slap_smack,slap_smack
slap_smack_222.wav,slap_smack,slap_smack
slap_smack_223.wav,slap_smack,slap_smack
slap_smack_224.wav,slap_smack,slap_smack
slap_smack_225.wav,slap_smack,slap_smack
slap_smack_226.wav,slap_smack,slap_smack
slap_smack_227.wav,slap_smack,slap_smack
slap_smack_228.wav,slap_smack,slap_smack
slap_smack_229.wav,slap_smack,slap_smack
slap_smack_230.wav,slap_smack,slap_smack
slap_smack_231.wav,slap_smack,slap_smack
slap_smack_232.wav,slap_smack,slap_smack
slap_smack_233.wav,slap_smack,slap_smack
slap_smack_234.wav,slap_smack,slap_smack
slap_smack_235.wav,slap_smack,slap_smack
slap_smack_236.wav,slap_smack,slap_smack
slap_smack_237.wav,slap_smack,slap_smack
slap_smack_238.wav,slap_smack,slap_smack
slap_smack_239.wav,slap_smack,slap_smack
slap_smack_240.wav,slap_smack,slap_smack
slap_smack_241.wav,slap_smack,slap_smack
slap_smack_242.wav,slap_smack,slap_smack
slap_smack_243.wav,slap_smack,slap_smack
slap_smack_244.wav,slap_smack,slap_smack
slap_smack_245.wav,slap_smack,slap_smack
slap_smack_246.wav,slap_smack,slap_smack
slap_smack_247.wav,slap_smack,slap_smack
slap_smack_248.wav,slap_smack,slap_smack
slap_smack_249.wav,slap_smack,slap_smack
slap_smack_250.wav,slap_smack,slap_smack
slap_smack_251.wav,slap_smack,slap_smack
slap_smack_252.wav,slap_smack,slap_smack
slap_smack_253.wav,slap_smack,slap_smack
slap_smack_254.wav,slap_smack,slap_smack
slap_smack_255.wav,slap_smack,slap_smack
slap_smack_256.wav,slap_smack,slap_smack
slap_smack_257.wav,slap_smack,slap_smack
slap_smack_258.wav,slap_smack,slap_smack
slap_smack_259.wav,slap_smack,slap_smack
slap_smack_260.wav,slap_smack,slap_smack
slap_smack_261.wav,slap_smack,slap_smack
slap_smack_262.wav,slap_smack,slap_smack
slap_smack_263.wav,slap_smack,slap_smack
slap_smack_264.wav,slap_smack,slap_smack
slap_smack_265.wav,slap_smack,slap_smack
slap_smack_266.wav,slap_smack,slap_smack
slap_smack_267.wav,slap_smack,slap_smack
slap_smack_268.wav,slap_smack,slap_smack
slap_smack_269.wav,slap_smack,slap_smack
slap_smack_270.wav,slap_smack,slap_smack
slap_smack_271.wav,slap_smack,slap_smack
slap_smack_272.wav,slap_smack,slap_smack
slap_smack_273.wav,slap_smack,slap_smack
slap_smack_274.wav,slap_smack,slap_smack
slap_smack_275.wav,slap_smack,slap_smack
slap_smack_276.wav,slap_smack,slap_smack
slap_smack_277.wav,slap_smack,slap_smack
slap_smack_278.wav,slap_smack,slap_smack
slap_smack_279.wav,slap_smack,slap_smack
slap_smack_280.wav,slap_smack,slap_smack
slap_smack_281.wav,slap_smack,slap_smack
slap_smack_282.wav,slap_smack,slap_smack
slap_smack_283.wav,slap_smack,slap_smack
slap_smack_284.wav,slap_smack,slap_smack
slap_smack_285.wav,slap_smack,slap_smack
slap_smack_286.wav,slap_smack,slap_smack
slap_smack_287.wav,slap_smack,slap_smack
slap_smack_288.wav,slap_smack,slap_smack
slap_smack_289.wav,slap_smack,slap_smack
slap_smack_290.wav,slap_smack,slap_smack
slap_smack_291.wav,slap_smack,slap_smack
slap_smack_292.wav,slap_smack,slap_smack
slap_smack_293.wav,slap_smack,slap_smack
slap_smack_294.wav,slap_smack,slap_smack
slap_smack_295.wav,slap_smack,slap_smack
slap_smack_296.wav,slap_smack,slap_smack
slap_smack_297.wav,slap_smack,slap_smack
slap_smack_298.wav,slap_smack,slap_smack
slap_smack_299.wav,slap_smack,slap_smack
slap_smack_300.wav,slap_smack,slap_smack
slap_smack_301.wav,slap_smack,slap_smack
slap_smack_302.wav,slap_smack,slap_smack
slap_smack_303.wav,slap_smack,slap_smack
slap_smack_304.wav,slap_smack,slap_smack
slap_smack_305.wav,slap_smack,slap_smack
slap_smack_306.wav,slap_smack,slap_smack
slap_smack_307.wav,slap_smack,slap_smack
slap_smack_308.wav,slap_smack,slap_smack
slap_smack_309.wav,slap_smack,slap_smack
slap_smack_310.wav,slap_smack,slap_smack
slap_smack_311.wav,slap_smack,slap_smack
slap_smack_312.wav,slap_smack,slap_smack
slap_smack_313.wav,slap_smack,slap_smack
slap_smack_314.wav,slap_smack,slap_smack
slap_smack_315.wav,slap_smack,slap_smack
slap_smack_316.wav,slap_smack,slap_smack
slap_smack_317.wav,slap_smack,slap_smack
slap_smack_318.wav,slap_smack,slap_smack
slap_smack_319.wav,slap_smack,slap_smack
slap_smack_320.wav,slap_smack,slap_smack
slap_smack_321.wav,slap_smack,slap_smack
slap_smack_322.wav,slap_smack,slap_smack
slap_smack_323.wav,slap_smack,slap_smack
slap_smack_324.wav,slap_smack,slap_smack
slap_smack_325.wav,slap_smack,slap_smack
slap_smack_326.wav,slap_smack,slap_smack
slap_smack_327.wav,slap_smack,slap_smack
slap_smack_328.wav,slap_smack,slap_smack
slap_smack_329.wav,slap_smack,slap_smack
slap_smack_330.wav,slap_smack,slap_smack
slap_smack_331.wav,slap_smack,slap_smack
slap_smack_332.wav,slap_smack,slap_smack
slap_smack_333.wav,slap_smack,slap_smack
slap_smack_334.wav,slap_smack,slap_smack
slap_smack_335.wav,slap_smack,slap_smack
slap_smack_336.wav,slap_smack,slap_smack
slap_smack_337.wav,slap_smack,slap_smack
slap_smack_338.wav,slap_smack,slap_smack
slap_smack_339.wav,slap_smack,slap_smack
slap_smack_340.wav,slap_smack,slap_smack
slap_smack_341.wav,slap_smack,slap_smack
slap_smack_342.wav,slap_smack,slap_smack
slap_smack_343.wav,slap_smack,slap_smack
slap_smack_344.wav,slap_smack,slap_smack
slap_smack_345.wav,slap_smack,slap_smack
slap_smack_346.wav,slap_smack,slap_smack
slap_smack_347.wav,slap_smack,slap_smack
slap_smack_348.wav,slap_smack,slap_smack
slap_smack_349.wav,slap_smack,slap_smack
slap_smack_350.wav,slap_smack,slap_smack
slap_smack_351.wav,slap_smack,slap_smack
slap_smack_352.wav,slap_smack,slap_smack
slap_smack_353.wav,slap_smack,slap_smack
slap_smack_354.wav,slap_smack,slap_smack
slap_smack_355.wav,slap_smack,slap_smack
slap_smack_356.wav,slap_smack,slap_smack
slap_smack_357.wav,slap_smack,slap_smack
slap_smack_358.wav,slap_smack,slap_smack
slap_smack_359.wav,slap_smack,slap_smack
slap_smack_360.wav,slap_smack,slap_smack
slap_smack_361.wav,slap_smack,slap_smack
slap_smack_362.wav,slap_smack,slap_smack
slap_smack_363.wav,slap_smack,slap_smack
slap_smack_364.wav,slap_smack,slap_smack
slap_smack_365.wav,slap_smack,slap_smack
slap_smack_366.wav,slap_smack,slap_smack
slap_smack_367.wav,slap_smack,slap_smack
slap_smack_368.wav,slap_smack,slap_smack
slap_smack_369.wav,slap_smack,slap_smack
slap_smack_370.wav,slap_smack,slap_smack
slap_smack_371.wav,slap_smack,slap_smack
slap_smack_372.wav,slap_smack,slap_smack
slap_smack_373.wav,slap_smack,slap_smack
slap_smack_374.wav,slap_smack,slap_smack
slap_smack_375.wav,slap_smack,slap_smack
slap_smack_376.wav,slap_smack,slap_smack
slap_smack_377.wav,slap_smack,slap_smack
slap_smack_378.wav,slap_smack,slap_smack
slap_smack_379.wav,slap_smack,slap_smack
slap_smack_380.wav,slap_smack,slap_smack
slap_smack_381.wav,slap_smack,slap_smack
slap_smack_382.wav,slap_smack,slap_smack
slap_smack_383.wav,slap_smack,slap_smack
slap_smack_384.wav,slap_smack,slap_smack
slap_smack_385.wav,slap_smack,slap_smack
slap_smack_386.wav,slap_smack,slap_smack
slap_smack_387.wav,slap_smack,slap_smack
slap_smack_388.wav,slap_smack,slap_smack
slap_smack_389.wav,slap_smack,slap_smack
slap_smack_390.wav,slap_smack,slap_smack
slap_smack_391.wav,slap_smack,slap_smack
slap_smack_392.wav,slap_smack,slap_smack
slap_smack_393.wav,slap_smack,slap_smack
slap_smack_394.wav,slap_smack,slap_smack
slap_smack_395.wav,slap_smack,slap_smack
slap_smack_396.wav,slap_smack,slap_smack
slap_smack_397.wav,slap_smack,slap_smack
slap_smack_398.wav,slap_smack,slap_smack
slap_smack_399.wav,slap_smack,slap_smack
slap_smack_400.wav,slap_smack,slap_smack
slap_smack_401.wav,slap_smack,slap_smack
slap_smack_402.wav,slap_smack,slap_smack
slap_smack_403.wav,slap_smack,slap_smack
slap_smack_404.wav,slap_smack,slap_smack
slap_smack_405.wav,slap_smack,slap_smack
slap_smack_406.wav,slap_smack,slap_smack
slap_smack_407.wav,slap_smack,slap_smack
slap_smack_408.wav,slap_smack,slap_smack
slap_smack_409.wav,slap_smack,slap_smack
slap_smack_410.wav,slap_smack,slap_smack
slap_smack_411.wav,slap_smack,slap_smack
slap_smack_412.wav,slap_smack,slap_smack
slap_smack_413.wav,slap_smack,slap_smack
slap_smack_414.wav,slap_smack,slap_smack
slap_smack_415.wav,slap_smack,slap_smack
slap_smack_416.wav,slap_smack,slap_smack
slap_smack_417.wav,slap_smack,slap_smack
slap_smack_418.wav,slap_smack,slap_smack
slap_smack_419.wav,slap_smack,slap_smack
slap_smack_420.wav,slap_smack,slap_smack
slap_smack_421.wav,slap_smack,slap_smack
slap_smack_422.wav,slap_smack,slap_smack
slap_smack_423.wav,slap_smack,slap_smack
slap_smack_424.wav,slap_smack,slap_smack
slap_smack_425.wav,slap_smack,slap_smack
slap_smack_426.wav,slap_smack,slap_smack
slap_smack_427.wav,slap_smack,slap_smack
slap_smack_428.wav,slap_smack,slap_smack
slap_smack_429.wav,slap_smack,slap_smack
slap_smack_430.wav,slap_smack,slap_smack
slap_smack_431.wav,slap_smack,slap_smack
slap_smack_432.wav,slap_smack,slap_smack
slap_smack_433.wav,slap_smack,slap_smack
slap_smack_434.wav,slap_smack,slap_smack
slap_smack_435.wav,slap_smack,slap_smack
slap_smack_436.wav,slap_smack,slap_smack
slap_smack_437.wav,slap_smack,slap_smack
slap_smack_438.wav,slap_smack,slap_smack
slap_smack_439.wav,slap_smack,slap_smack
slap_smack_440.wav,slap_smack,slap_smack
slap_smack_441.wav,slap_smack,slap_smack
slap_smack_442.wav,slap_smack,slap_smack
slap_smack_443.wav,slap_smack,slap_smack
slap_smack_444.wav,slap_smack,slap_smack
slap_smack_445.wav,slap_smack,slap_smack
slap_smack_446.wav,slap_smack,slap_smack
slap_smack_447.wav,slap_smack,slap_smack
slap_smack_448.wav,slap_smack,slap_smack
slap_smack_449.wav,slap_smack,slap_smack
slap_smack_450.wav,slap_smack,slap_smack
slap_smack_451.wav,slap_smack,slap_smack
slap_smack_452.wav,slap_smack,slap_smack
slap_smack_453.wav,slap_smack,slap_smack
slap_smack_454.wav,slap_smack,slap_smack
slap_smack_455.wav,slap_smack,slap_smack
slap_smack_456.wav,slap_smack,slap_smack
slap_smack_457.wav,slap_smack,slap_smack
slap_smack_458.wav,slap_smack,slap_smack
slap_smack_459.wav,slap_smack,slap_smack
slap_smack_460.wav,slap_smack,slap_smack
slap_smack_461.wav,slap_smack,slap_smack
slap_smack_462.wav,slap_smack,slap_smack
slap_smack_463.wav,slap_smack,slap_smack
slap_smack_464.wav,slap_smack,slap_smack
slap_smack_465.wav,slap_smack,slap_smack
slap_smack_466.wav,slap_smack,slap_smack
slap_smack_467.wav,slap_smack,slap_smack
slap_smack_468.wav,slap_smack,slap_smack
slap_smack_469.wav,slap_smack,slap_smack
slap_smack_470.wav,slap_smack,slap_smack
slap_smack_471.wav,slap_smack,slap_smack
slap_smack_472.wav,slap_smack,slap_smack
slap_smack_473.wav,slap_smack,slap_smack
slap_smack_474.wav,slap_smack,slap_smack
slap_smack_475.wav,slap_smack,slap_smack
slap_smack_476.wav,slap_smack,slap_smack
slap_smack_477.wav,slap_smack,slap_smack
slap_smack_478.wav,slap_smack,slap_smack
slap_smack_479.wav,slap_smack,slap_smack
slap_smack_480.wav,slap_smack,slap_smack
slap_smack_481.wav,slap_smack,slap_smack
slap_smack_482.wav,slap_smack,slap_smack
slap_smack_483.wav,slap_smack,slap_smack
slap_smack_484.wav,slap_smack,slap_smack
slap_smack_485.wav,slap_smack,slap_smack
slap_smack_486.wav,slap_smack,slap_smack
slap_smack_487.wav,slap_smack,slap_smack
slap_smack_488.wav,slap_smack,slap_smack
slap_smack_489.wav,slap_smack,slap_smack
slap_smack_490.wav,slap_smack,slap_smack
slap_smack_491.wav,slap_smack,slap_smack
slap_smack_492.wav,slap_smack,slap_smack
slap_smack_493.wav,slap_smack,slap_smack
slap_smack_494.wav,slap_smack,slap_smack
slap_smack_495.wav,slap_smack,slap_smack
slap_smack_496.wav,slap_smack,slap_smack
slap_smack_497.wav,slap_smack,slap_smack
slap_smack_498.wav,slap_smack,slap_smack
slap_smack_499.wav,slap_smack,slap_smack
slap_smack_500.wav,slap_smack,slap_smack
slap_smack_501.wav,slap_smack,slap_smack
slap_smack_502.wav,slap_smack,slap_smack
slap_smack_503.wav,slap_smack,slap_smack
slap_smack_504.wav,slap_smack,slap_smack
slap_smack_505.wav,slap_smack,slap_smack
slap_smack_506.wav,slap_smack,slap_smack
slap_smack_507.wav,slap_smack,slap_smack
slap_smack_508.wav,slap_smack,slap_smack
slap_smack_509.wav,slap_smack,slap_smack
slap_smack_510.wav,slap_smack,slap_smack
slap_smack_511.wav,slap_smack,slap_smack
slap_smack_512.wav,slap_smack,slap_smack
slap_smack_513.wav,slap_smack,slap_smack
slap_smack_514.wav,slap_smack,slap_smack
slap_smack_515.wav,slap_smack,slap_smack
slap_smack_516.wav,slap_smack,slap_smack
slap_smack_517.wav,slap_smack,slap_smack
slap_smack_518.wav,slap_smack,slap_smack
slap_smack_519.wav,slap_smack,slap_smack
slap_smack_520.wav,slap_smack,slap_smack
slap_smack_521.wav,slap_smack,slap_smack
slap_smack_522.wav,slap_smack,slap_smack
slap_smack_523.wav,slap_smack,slap_smack
slap_smack_524.wav,slap_smack,slap_smack
slap_smack_525.wav,slap_smack,slap_smack
slap_smack_526.wav,slap_smack,slap_smack
slap_smack_527.wav,slap_smack,slap_smack
slap_smack_528.wav,slap_smack,slap_smack
slap_smack_529.wav,slap_smack,slap_smack
slap_smack_530.wav,slap_smack,slap_smack
slap_smack_531.wav,slap_smack,slap_smack
slap_smack_532.wav,slap_smack,slap_smack
slap_smack_533.wav,slap_smack,slap_smack
slap_smack_534.wav,slap_smack,slap_smack
slap_smack_535.wav,slap_smack,slap_smack
slap_smack_536.wav,slap_smack,slap_smack
slap_smack_537.wav,slap_smack,slap_smack
slap_smack_538.wav,slap_smack,slap_smack
slap_smack_539.wav,slap_smack,slap_smack
slap_smack_540.wav,slap_smack,slap_smack
slap_smack_541.wav,slap_smack,slap_smack
slap_smack_542.wav,slap_smack,slap_smack
slap_smack_543.wav,slap_smack,slap_smack
slap_smack_544.wav,slap_smack,slap_smack
slap_smack_545.wav,slap_smack,slap_smack
slap_smack_546.wav,slap_smack,slap_smack
slap_smack_547.wav,slap_smack,slap_smack
slap_smack_548.wav,slap_smack,slap_smack
slap_smack_549.wav,slap_smack,slap_smack
slap_smack_550.wav,slap_smack,slap_smack
slap_smack_551.wav,slap_smack,slap_smack
slap_smack_552.wav,slap_smack,slap_smack
slap_smack_553.wav,slap_smack,slap_smack
slap_smack_554.wav,slap_smack,slap_smack
slap_smack_555.wav,slap_smack,slap_smack
slap_smack_556.wav,slap_smack,slap_smack
slap_smack_557.wav,slap_smack,slap_smack
slap_smack_558.wav,slap_smack,slap_smack
slap_smack_559.wav,slap_smack,slap_smack
slap_smack_560.wav,slap_smack,slap_smack
slap_smack_561.wav,slap_smack,slap_smack
slap_smack_562.wav,slap_smack,slap_smack
slap_smack_563.wav,slap_smack,slap_smack
slap_smack_564.wav,slap_smack,slap_smack
slap_smack_565.wav,slap_smack,slap_smack
slap_smack_566.wav,slap_smack,slap_smack
slap_smack_567.wav,slap_smack,slap_smack
slap_smack_568.wav,slap_smack,slap_smack
slap_smack_569.wav,slap_smack,slap_smack
slap_smack_570.wav,slap_smack,slap_smack
slap_smack_571.wav,slap_smack,slap_smack
slap_smack_572.wav,slap_smack,slap_smack
slap_smack_573.wav,slap_smack,slap_smack
slap_smack_574.wav,slap_smack,slap_smack
slap_smack_575.wav,slap_smack,slap_smack
slap_smack_576.wav,slap_smack,slap_smack
slap_smack_577.wav,slap_smack,slap_smack
slap_smack_578.wav,slap_smack,slap_smack
slap_smack_579.wav,slap_smack,slap_smack
slap_smack_580.wav,slap_smack,slap_smack
slap_smack_581.wav,slap_smack,slap_smack
slap_smack_582.wav,slap_smack,slap_smack
slap_smack_583.wav,slap_smack,slap_smack
slap_smack_584.wav,slap_smack,slap_smack
slap_smack_585.wav,slap_smack,slap_smack
slap_smack_586.wav,slap_smack,slap_smack
slap_smack_587.wav,slap_smack,slap_smack
slap_smack_588.wav,slap_smack,slap_smack
slap_smack_589.wav,slap_smack,slap_smack
slap_smack_590.wav,slap_smack,slap_smack
slap_smack_591.wav,slap_smack,slap_smack
slap_smack_592.wav,slap_smack,slap_smack
slap_smack_593.wav,slap_smack,slap_smack
slap_smack_594.wav,slap_smack,slap_smack
slap_smack_595.wav,slap_smack,slap_smack
slap_smack_596.wav,slap_smack,slap_smack
slap_smack_597.wav,slap_smack,slap_smack
slap_smack_598.wav,slap_smack,slap_smack
slap_smack_599.wav,slap_smack,slap_smack
slap_smack_600.wav,slap_smack,slap_smack
slap_smack_601.wav,slap_smack,slap_smack
slap_smack_602.wav,slap_smack,slap_smack
slap_smack_603.wav,slap_smack,slap_smack
slap_smack_604.wav,slap_smack,slap_smack
slap_smack_605.wav,slap_smack,slap_smack
slap_smack_606.wav,slap_smack,slap_smack
slap_smack_607.wav,slap_smack,slap_smack
slap_smack_608.wav,slap_smack,slap_smack
slap_smack_609.wav,slap_smack,slap_smack
slap_smack_610.wav,slap_smack,slap_smack
slap_smack_611.wav,slap_smack,slap_smack
slap_smack_612.wav,slap_smack,slap_smack
slap_smack_613.wav,slap_smack,slap_smack
slap_smack_614.wav,slap_smack,slap_smack
slap_smack_615.wav,slap_smack,slap_smack
slap_smack_616.wav,slap_smack,slap_smack
slap_smack_617.wav,slap_smack,slap_smack
slap_smack_618.wav,slap_smack,slap_smack
slap_smack_619.wav,slap_smack,slap_smack
slap_smack_620.wav,slap_smack,slap_smack
slap_smack_621.wav,slap_smack,slap_smack
slap_smack_622.wav,slap_smack,slap_smack
slap_smack_623.wav,slap_smack,slap_smack
slap_smack_624.wav,slap_smack,slap_smack
slap_smack_625.wav,slap_smack,slap_smack
slap_smack_626.wav,slap_smack,slap_smack
slap_smack_627.wav,slap_smack,slap_smack
slap_smack_628.wav,slap_smack,slap_smack
slap_smack_629.wav,slap_smack,slap_smack
slap_smack_630.wav,slap_smack,slap_smack
slap_smack_631.wav,slap_smack,slap_smack
slap_smack_632.wav,slap_smack,slap_smack
slap_smack_633.wav,slap_smack,slap_smack
slap_smack_634.wav,slap_smack,slap_smack
slap_smack_635.wav,slap_smack,slap_smack
slap_smack_636.wav,slap_smack,slap_smack
slap_smack_637.wav,slap_smack,slap_smack
slap_smack_638.wav,slap_smack,slap_smack
slap_smack_639.wav,slap_smack,slap_smack
slap_smack_640.wav,slap_smack,slap_smack
slap_smack_641.wav,slap_smack,slap_smack
slap_smack_642.wav,slap_smack,slap_smack
slap_smack_643.wav,slap_smack,slap_smack
slap_smack_644.wav,slap_smack,slap_smack
slap_smack_645.wav,slap_smack,slap_smack
slap_smack_646.wav,slap_smack,slap_smack
slap_smack_647.wav,slap_smack,slap_smack
slap_smack_648.wav,slap_smack,slap_smack
slap_smack_649.wav,slap_smack,slap_smack
slap_smack_650.wav,slap_smack,slap_smack
slap_smack_651.wav,slap_smack,slap_smack
slap_smack_652.wav,slap_smack,slap_smack
slap_smack_653.wav,slap_smack,slap_smack
slap_smack_654.wav,slap_smack,slap_smack
slap_smack_655.wav,slap_smack,slap_smack
slap_smack_656.wav,slap_smack,slap_smack
slap_smack_657.wav,slap_smack,slap_smack
slap_smack_658.wav,slap_smack,slap_smack
slap_smack_659.wav,slap_smack,slap_smack
slap_smack_660.wav,slap_smack,slap_smack
slap_smack_661.wav,slap_smack,slap_smack
slap_smack_662.wav,slap_smack,slap_smack
slap_smack_663.wav,slap_smack,slap_smack
slap_smack_664.wav,slap_smack,slap_smack
slap_smack_665.wav,slap_smack,slap_smack
slap_smack_666.wav,slap_smack,slap_smack
slap_smack_667.wav,slap_smack,slap_smack
slap_smack_668.wav,slap_smack,slap_smack
slap_smack_669.wav,slap_smack,slap_smack
slap_smack_670.wav,slap_smack,slap_smack
slap_smack_671.wav,slap_smack,slap_smack
slap_smack_672.wav,slap_smack,slap_smack
slap_smack_673.wav,slap_smack,slap_smack
slap_smack_674.wav,slap_smack,slap_smack
slap_smack_675.wav,slap_smack,slap_smack
slap_smack_676.wav,slap_smack,slap_smack
slap_smack_677.wav,slap_smack,slap_smack
slap_smack_678.wav,slap_smack,slap_smack
slap_smack_679.wav,slap_smack,slap_smack
slap_smack_680.wav,slap_smack,slap_smack
slap_smack_681.wav,slap_smack,slap_smack
slap_smack_682.wav,slap_smack,slap_smack
slap_smack_683.wav,slap_smack,slap_smack
slap_smack_684.wav,slap_smack,slap_smack
slap_smack_685.wav,slap_smack,slap_smack
slap_smack_686.wav,slap_smack,slap_smack
slap_smack_687.wav,slap_smack,slap_smack
slap_smack_688.wav,slap_smack,slap_smack
slap_smack_689.wav,slap_smack,slap_smack
slap_smack_690.wav,slap_smack,slap_smack
slap_smack_691.wav,slap_smack,slap_smack
slap_smack_692.wav,slap_smack,slap_smack
slap_smack_693.wav,slap_smack,slap_smack
slap_smack_694.wav,slap_smack,slap_smack
slap_smack_695.wav,slap_smack,slap_smack
slap_smack_696.wav,slap_smack,slap_smack
slap_smack_697.wav,slap_smack,slap_smack
slap_smack_698.wav,slap_smack,slap_smack
slap_smack_699.wav,slap_smack,slap_smack
slap_smack_700.wav,slap_smack,slap_smack
slap_smack_701.wav,slap_smack,slap_smack
slap_smack_702.wav,slap_smack,slap_smack
slap_smack_703.wav,slap_smack,slap_smack
slap_smack_704.wav,slap_smack,slap_smack
slap_smack_705.wav,slap_smack,slap_smack
slap_smack_706.wav,slap_smack,slap_smack
slap_smack_707.wav,slap_smack,slap_smack
slap_smack_708.wav,slap_smack,slap_smack
slap_smack_709.wav,slap_smack,slap_smack
slap_smack_710.wav,slap_smack,slap_smack
slap_smack_711.wav,slap_smack,slap_smack
slap_smack_712.wav,slap_smack,slap_smack
slap_smack_713.wav,slap_smack,slap_smack
slap_smack_714.wav,slap_smack,slap_smack
slap_smack_715.wav,slap_smack,slap_smack
slap_smack_716.wav,slap_smack,slap_smack
slap_smack_717.wav,slap_smack,slap_smack
slap_smack_718.wav,slap_smack,slap_smack
slap_smack_719.wav,slap_smack,slap_smack
slap_smack_720.wav,slap_smack,slap_smack
slap_smack_721.wav,slap_smack,slap_smack
slap_smack_722.wav,slap_smack,slap_smack
slap_smack_723.wav,slap_smack,slap_smack
slap_smack_724.wav,slap_smack,slap_smack
slap_smack_725.wav,slap_smack,slap_smack
slap_smack_726.wav,slap_smack,slap_smack
slap_smack_727.wav,slap_smack,slap_smack
slap_smack_728.wav,slap_smack,slap_smack
slap_smack_729.wav,slap_smack,slap_smack
slap_smack_730.wav,slap_smack,slap_smack
slap_smack_731.wav,slap_smack,slap_smack
slap_smack_732.wav,slap_smack,slap_smack
slap_smack_733.wav,slap_smack,slap_smack
slap_smack_734.wav,slap_smack,slap_smack
slap_smack_735.wav,slap_smack,slap_smack
slap_smack_736.wav,slap_smack,slap_smack
slap_smack_737.wav,slap_smack,slap_smack
slap_smack_738.wav,slap_smack,slap_smack
slap_smack_739.wav,slap_smack,slap_smack
slap_smack_740.wav,slap_smack,slap_smack
slap_smack_741.wav,slap_smack,slap_smack
slap_smack_742.wav,slap_smack,slap_smack
slap_smack_743.wav,slap_smack,slap_smack
slap_smack_744.wav,slap_smack,slap_smack
slap_smack_745.wav,slap_smack,slap_smack
slap_smack_746.wav,slap_smack,slap_smack
slap_smack_747.wav,slap_smack,slap_smack
slap_smack_748.wav,slap_smack,slap_smack
slap_smack_749.wav,slap_smack,slap_smack
slap_smack_750.wav,slap_smack,slap_smack
slap_smack_751.wav,slap_smack,slap_smack
slap_smack_752.wav,slap_smack,slap_smack
slap_smack_753.wav,slap_smack,slap_smack
slap_smack_754.wav,slap_smack,slap_smack
slap_smack_755.wav,slap_smack,slap_smack
slap_smack_756.wav,slap_smack,slap_smack
slap_smack_757.wav,slap_smack,slap_smack
slap_smack_758.wav,slap_smack,slap_smack
slap_smack_759.wav,slap_smack,slap_smack
slap_smack_760.wav,slap_smack,slap_smack
slap_smack_761.wav,slap_smack,slap_smack
slap_smack_762.wav,slap_smack,slap_smack
slap_smack_763.wav,slap_smack,slap_smack
slap_smack_764.wav,slap_smack,slap_smack
slap_smack_765.wav,slap_smack,slap_smack
slap_smack_766.wav,slap_smack,slap_smack
slap_smack_767.wav,slap_smack,slap_smack
slap_smack_768.wav,slap_smack,slap_smack
slap_smack_769.wav,slap_smack,slap_smack
slap_smack_770.wav,slap_smack,slap_smack
slap_smack_771.wav,slap_smack,slap_smack
slap_smack_772.wav,slap_smack,slap_smack
slap_smack_773.wav,slap_smack,slap_smack
slap_smack_774.wav,slap_smack,slap_smack
slap_smack_775.wav,slap_smack,slap_smack
slap_smack_776.wav,slap_smack,slap_smack
slap_smack_777.wav,slap_smack,slap_smack
slap_smack_778.wav,slap_smack,slap_smack
slap_smack_779.wav,slap_smack,slap_smack
slap_smack_780.wav,slap_smack,slap_smack
slap_smack_781.wav,slap_smack,slap_smack
slap_smack_782.wav,slap_smack,slap_smack
slap_smack_783.wav,slap_smack,slap_smack
slap_smack_784.wav,slap_smack,slap_smack
slap_smack_785.wav,slap_smack,slap_smack
slap_smack_786.wav,slap_smack,slap_smack
slap_smack_787.wav,slap_smack,slap_smack
slap_smack_788.wav,slap_smack,slap_smack
slap_smack_789.wav,slap_smack,slap_smack
slap_smack_790.wav,slap_smack,slap_smack
slap_smack_791.wav,slap_smack,slap_smack
slap_smack_792.wav,slap_smack,slap_smack
slap_smack_793.wav,slap_smack,slap_smack
slap_smack_794.wav,slap_smack,slap_smack
slap_smack_795.wav,slap_smack,slap_smack
slap_smack_796.wav,slap_smack,slap_smack
slap_smack_797.wav,slap_smack,slap_smack
slap_smack_798.wav,slap_smack,slap_smack
slap_smack_799.wav,slap_smack,slap_smack
slap_smack_800.wav,slap_smack,slap_smack
slap_smack_801.wav,slap_smack,slap_smack
slap_smack_802.wav,slap_smack,slap_smack
slap_smack_803.wav,slap_smack,slap_smack
slap_smack_804.wav,slap_smack,slap_smack
slap_smack_805.wav,slap_smack,slap_smack
slap_smack_806.wav,slap_smack,slap_smack
slap_smack_807.wav,slap_smack,slap_smack
slap_smack_808.wav,slap_smack,slap_smack
slap_smack_809.wav,slap_smack,slap_smack
slap_smack_810.wav,slap_smack,slap_smack
slap_smack_811.wav,slap_smack,slap_smack
slap_smack_812.wav,slap_smack,slap_smack
slap_smack_813.wav,slap_smack,slap_smack
slap_smack_814.wav,slap_smack,slap_smack
slap_smack_815.wav,slap_smack,slap_smack
slap_smack_816.wav,slap_smack,slap_smack
slap_smack_817.wav,slap_smack,slap_smack
slap_smack_818.wav,slap_smack,slap_smack
slap_smack_819.wav,slap_smack,slap_smack
slap_smack_820.wav,slap_smack,slap_smack
slap_smack_821.wav,slap_smack,slap_smack
slap_smack_822.wav,slap_smack,slap_smack
slap_smack_823.wav,slap_smack,slap_smack
slap_smack_824.wav,slap_smack,slap_smack
slap_smack_825.wav,slap_smack,slap_smack
slap_smack_826.wav,slap_smack,slap_smack
slap_smack_827.wav,slap_smack,slap_smack
slap_smack_828.wav,slap_smack,slap_smack
slap_smack_829.wav,slap_smack,slap_smack
slap_smack_830.wav,slap_smack,slap_smack
slap_smack_831.wav,telephone_bell,slap_smack
slap_smack_832.wav,slap_smack,slap_smack
slap_smack_833.wav,slap_smack,slap_smack
slap_smack_834.wav,slap_smack,slap_smack
slap_smack_835.wav,slap_smack,slap_smack
slap_smack_836.wav,slap_smack,slap_smack
slap_smack_837.wav,slap_smack,slap_smack
slap_smack_838.wav,slap_smack,slap_smack
slap_smack_839.wav,slap_smack,slap_smack
slap_smack_840.wav,slap_smack,slap_smack
slap_smack_841.wav,slap_smack,slap_smack
slap_smack_842.wav,slap_smack,slap_smack
slap_smack_843.wav,slap_smack,slap_smack
slap_smack_844.wav,slap_smack,slap_smack
slap_smack_845.wav,slap_smack,slap_smack
slap_smack_846.wav,slap_smack,slap_smack
slap_smack_847.wav,slap_smack,slap_smack
slap_smack_848.wav,slap_smack,slap_smack
slap_smack_849.wav,slap_smack,slap_smack
slap_smack_850.wav,slap_smack,slap_smack
slap_smack_851.wav,slap_smack,slap_smack
slap_smack_852.wav,slap_smack,slap_smack
slap_smack_853.wav,slap_smack,slap_smack
slap_smack_854.wav,slap_smack,slap_smack
slap_smack_855.wav,slap_smack,slap_smack
slap_smack_856.wav,slap_smack,slap_smack
slap_smack_857.wav,slap_smack,slap_smack
slap_smack_858.wav,slap_smack,slap_smack
slap_smack_859.wav,slap_smack,slap_smack
slap_smack_860.wav,slap_smack,slap_smack
slap_smack_861.wav,slap_smack,slap_smack
slap_smack_862.wav,slap_smack,slap_smack
slap_smack_863.wav,slap_smack,slap_smack
slap_smack_864.wav,slap_smack,slap_smack
slap_smack_865.wav,slap_smack,slap_smack
slap_smack_866.wav,slap_smack,slap_smack
slap_smack_867.wav,slap_smack,slap_smack
slap_smack_868.wav,slap_smack,slap_smack
slap_smack_869.wav,slap_smack,slap_smack
slap_smack_870.wav,slap_smack,slap_smack
slap_smack_871.wav,slap_smack,slap_smack
slap_smack_872.wav,slap_smack,slap_smack
slap_smack_873.wav,slap_smack,slap_smack
slap_smack_874.wav,slap_smack,slap_smack
slap_smack_875.wav,slap_smack,slap_smack
slap_smack_876.wav,slap_smack,slap_smack
slap_smack_877.wav,slap_smack,slap_smack
slap_smack_878.wav,slap_smack,slap_smack
slap_smack_879.wav,slap_smack,slap_smack
slap_smack_880.wav,slap_smack,slap_smack
slap_smack_881.wav,slap_smack,slap_smack
slap_smack_882.wav,slap_smack,slap_smack
slap_smack_883.wav,slap_smack,slap_smack
slap_smack_884.wav,slap_smack,slap_smack
slap_smack_885.wav,slap_smack,slap_smack
slap_smack_886.wav,slap_smack,slap_smack
slap_smack_887.wav,slap_smack,slap_smack
slap_smack_888.wav,slap_smack,slap_smack
slap_smack_889.wav,slap_smack,slap_smack
slap_smack_890.wav,slap_smack,slap_smack
slap_smack_891.wav,slap_smack,slap_smack
slap_smack_892.wav,slap_smack,slap_smack
slap_smack_893.wav,slap_smack,slap_smack
slap_smack_894.wav,slap_smack,slap_smack
slap_smack_895.wav,slap_smack,slap_smack
slap_smack_896.wav,slap_smack,slap_smack
slap_smack_897.wav,slap_smack,slap_smack
slap_smack_898.wav,slap_smack,slap_smack
slap_smack_899.wav,slap_smack,slap_smack
slap_smack_900.wav,slap_smack,slap_smack
slap_smack_901.wav,slap_smack,slap_smack
slap_smack_902.wav,slap_smack,slap_smack
slap_smack_903.wav,slap_smack,slap_smack
slap_smack_904.wav,slap_smack,slap_smack
slap_smack_905.wav,slap_smack,slap_smack
slap_smack_906.wav,slap_smack,slap_smack
slap_smack_907.wav,slap_smack,slap_smack
slap_smack_908.wav,slap_smack,slap_smack
slap_smack_909.wav,slap_smack,slap_smack
slap_smack_910.wav,slap_smack,slap_smack
slap_smack_911.wav,slap_smack,slap_smack
slap_smack_912.wav,slap_smack,slap_smack
slap_smack_913.wav,slap_smack,slap_smack
slap_smack_914.wav,slap_smack,slap_smack
slap_smack_915.wav,slap_smack,slap_smack
slap_smack_916.wav,slap_smack,slap_smack
slap_smack_917.wav,slap_smack,slap_smack
slap_smack_918.wav,slap_smack,slap_smack
slap_smack_919.wav,slap_smack,slap_smack
slap_smack_920.wav,slap_smack,slap_smack
slap_smack_921.wav,slap_smack,slap_smack
slap_smack_922.wav,slap_smack,slap_smack
slap_smack_923.wav,slap_smack,slap_smack
slap_smack_924.wav,slap_smack,slap_smack
slap_smack_925.wav,slap_smack,slap_smack
slap_smack_926.wav,slap_smack,slap_smack
slap_smack_927.wav,slap_smack,slap_smack
slap_smack_928.wav,slap_smack,slap_smack
slap_smack_929.wav,slap_smack,slap_smack
slap_smack_930.wav,slap_smack,slap_smack
slap_smack_931.wav,slap_smack,slap_smack
slap_smack_932.wav,slap_smack,slap_smack
slap_smack_933.wav,slap_smack,slap_smack
slap_smack_934.wav,slap_smack,slap_smack
slap_smack_935.wav,slap_smack,slap_smack
slap_smack_936.wav,slap_smack,slap_smack
slap_smack_937.wav,slap_smack,slap_smack
slap_smack_938.wav,slap_smack,slap_smack
slap_smack_939.wav,slap_smack,slap_smack
slap_smack_940.wav,slap_smack,slap_smack
slap_smack_941.wav,slap_smack,slap_smack
slap_smack_942.wav,slap_smack,slap_smack
slap_smack_943.wav,slap_smack,slap_smack
slap_smack_944.wav,slap_smack,slap_smack
slap_smack_945.wav,slap_smack,slap_smack
slap_smack_946.wav,slap_smack,slap_smack
slap_smack_947.wav,slap_smack,slap_smack
slap_smack_948.wav,slap_smack,slap_smack
slap_smack_949.wav,slap_smack,slap_smack
slap_smack_950.wav,slap_smack,slap_smack
slap_smack_951.wav,slap_smack,slap_smack
slap_smack_952.wav,slap_smack,slap_smack
slap_smack_953.wav,slap_smack,slap_smack
slap_smack_954.wav,slap_smack,slap_smack
slap_smack_955.wav,slap_smack,slap_smack
slap_smack_956.wav,slap_smack,slap_smack
slap_smack_957.wav,slap_smack,slap_smack
slap_smack_958.wav,slap_smack,slap_smack
slap_smack_959.wav,slap_smack,slap_smack
slap_smack_960.wav,slap_smack,slap_smack
slap_smack_961.wav,slap_smack,slap_smack
slap_smack_962.wav,slap_smack,slap_smack
slap_smack_963.wav,slap_smack,slap_smack
slap_smack_964.wav,slap_smack,slap_smack
slap_smack_965.wav,slap_smack,slap_smack
slap_smack_966.wav,slap_smack,slap_smack
slap_smack_967.wav,slap_smack,slap_smack
slap_smack_968.wav,slap_smack,slap_smack
slap_smack_969.wav,slap_smack,slap_smack
slap_smack_970.wav,slap_smack,slap_smack
slap_smack_971.wav,slap_smack,slap_smack
slap_smack_972.wav,slap_smack,slap_smack
slap_smack_973.wav,slap_smack,slap_smack
slap_smack_974.wav,slap_smack,slap_smack
slap_smack_975.wav,slap_smack,slap_smack
slap_smack_976.wav,slap_smack,slap_smack
slap_smack_977.wav,slap_smack,slap_smack
slap_smack_978.wav,slap_smack,slap_smack
slap_smack_979.wav,slap_smack,slap_smack
slap_smack_980.wav,slap_smack,slap_smack
slap_smack_981.wav,slap_smack,slap_smack
slap_smack_982.wav,slap_smack,slap_smack
slap_smack_983.wav,slap_smack,slap_smack
slap_smack_984.wav,slap_smack,slap_smack
slap_smack_985.wav,slap_smack,slap_smack
slap_smack_986.wav,slap_smack,slap_smack
slap_smack_987.wav,slap_smack,slap_smack
slap_smack_988.wav,slap_smack,slap_smack
slap_smack_989.wav,slap_smack,slap_smack
slap_smack_990.wav,slap_smack,slap_smack
slap_smack_991.wav,slap_smack,slap_smack
slap_smack_992.wav,slap_smack,slap_smack
slap_smack_993.wav,slap_smack,slap_smack
slap_smack_994.wav,slap_smack,slap_smack
slap_smack_995.wav,slap_smack,slap_smack
slap_smack_996.wav,slap_smack,slap_smack
slap_smack_997.wav,slap_smack,slap_smack
slap_smack_998.wav,slap_smack,slap_smack
slap_smack_999.wav,slap_smack,slap_smack
slap_smack_1000.wav,slap_smack,slap_smack
cat_1.wav,cat,cat
cat_2.wav,cat,cat
cat_3.wav,cat,cat
cat_4.wav,cat,cat
cat_5.wav,cat,cat
cat_6.wav,cat,cat
cat_7.wav,cat,cat
cat_8.wav,cat,cat
cat_9.wav,cat,cat
cat_10.wav,cat,cat
cat_11.wav,cat,cat
cat_12.wav,cat,cat
cat_13.wav,cat,cat
cat_14.wav,cat,cat
cat_15.wav,cat,cat
cat_16.wav,cat,cat
cat_17.wav,cat,cat
cat_18.wav,cat,cat
cat_19.wav,cat,cat
cat_20.wav,cat,cat
cat_21.wav,cat,cat
cat_22.wav,cat,cat
cat_23.wav,cat,cat
cat_24.wav,cat,cat
cat_25.wav,cat,cat
cat_26.wav,cat,cat
cat_27.wav,cat,cat
cat_28.wav,cat,cat
cat_29.wav,cat,cat
cat_30.wav,cat,cat
cat_31.wav,cat,cat
cat_32.wav,cat,cat
cat_33.wav,cat,cat
cat_34.wav,cat,cat
cat_35.wav,cat,cat
cat_36.wav,cat,cat
cat_37.wav,cat,cat
cat_38.wav,cat,cat
cat_39.wav,cat,cat
cat_40.wav,cat,cat
cat_41.wav,cat,cat
cat_42.wav,cat,cat
cat_43.wav,cat,cat
cat_44.wav,cat,cat
cat_45.wav,cat,cat
cat_46.wav,cat,cat
cat_47.wav,cat,cat
cat_48.wav,cat,cat
cat_49.wav,cat,cat
cat_50.wav,cat,cat
cat_51.wav,cat,cat
cat_52.wav,cat,cat
cat_53.wav,cat,cat
cat_54.wav,cat,cat
cat_55.wav,cat,cat
cat_56.wav,cat,cat
cat_57.wav,cat,cat
cat_58.wav,cat,cat
cat_59.wav,cat,cat
cat_60.wav,cat,cat
cat_61.wav,cat,cat
cat_62.wav,cat,cat
cat_63.wav,cat,cat
cat_64.wav,cat,cat
cat_65.wav,cat,cat
cat_66.wav,cat,cat
cat_67.wav,cat,cat
cat_68.wav,cat,cat
cat_69.wav,cat,cat
cat_70.wav,cat,cat
cat_71.wav,cat,cat
cat_72.wav,cat,cat
cat_73.wav,cat,cat
cat_74.wav,cat,cat
cat_75.wav,cat,cat
cat_76.wav,cat,cat
cat_77.wav,cat,cat
cat_78.wav,cat,cat
cat_79.wav,cat,cat
cat_80.wav,cat,cat
cat_81.wav,cat,cat
cat_82.wav,cat,cat
cat_83.wav,cat,cat
cat_84.wav,cat,cat
cat_85.wav,cat,cat
cat_86.wav,cat,cat
cat_87.wav,cat,cat
cat_88.wav,cat,cat
cat_89.wav,cat,cat
cat_90.wav,cat,cat
cat_91.wav,cat,cat
cat_92.wav,cat,cat
cat_93.wav,cat,cat
cat_94.wav,cat,cat
cat_95.wav,cat,cat
cat_96.wav,cat,cat
cat_97.wav,cat,cat
cat_98.wav,cat,cat
cat_99.wav,cat,cat
cat_100.wav,cat,cat
cat_101.wav,cat,cat
cat_102.wav,cat,cat
cat_103.wav,cat,cat
cat_104.wav,cat,cat
cat_105.wav,cat,cat
cat_106.wav,cat,cat
cat_107.wav,cat,cat
cat_108.wav,cat,cat
cat_109.wav,cat,cat
cat_110.wav,cat,cat
cat_111.wav,cat,cat
cat_112.wav,cat,cat
cat_113.wav,cat,cat
cat_114.wav,cat,cat
cat_115.wav,cat,cat
cat_116.wav,cat,cat
cat_117.wav,cat,cat
cat_118.wav,cat,cat
cat_119.wav,cat,cat
cat_120.wav,cat,cat
cat_121.wav,cat,cat
cat_122.wav,cat,cat
cat_123.wav,cat,cat
cat_124.wav,cat,cat
cat_125.wav,cat,cat
cat_126.wav,cat,cat
cat_127.wav,cat,cat
cat_128.wav,cat,cat
cat_129.wav,cat,cat
cat_130.wav,cat,cat
cat_131.wav,cat,cat
cat_132.wav,cat,cat
cat_133.wav,cat,cat
cat_134.wav,cat,cat
cat_135.wav,cat,cat
cat_136.wav,cat,cat
cat_137.wav,cat,cat
cat_138.wav,cat,cat
cat_139.wav,cat,cat
cat_140.wav,cat,cat
cat_141.wav,cat,cat
cat_142.wav,cat,cat
cat_143.wav,cat,cat
cat_144.wav,cat,cat
cat_145.wav,cat,cat
cat_146.wav,cat,cat
cat_147.wav,cat,cat
cat_148.wav,cat,cat
cat_149.wav,cat,cat
cat_150.wav,cat,cat
cat_151.wav,cat,cat
cat_152.wav,cat,cat
cat_153.wav,cat,cat
cat_154.wav,cat,cat
cat_155.wav,cat,cat
cat_156.wav,cat,cat
cat_157.wav,cat,cat
cat_158.wav,cat,cat
cat_159.wav,cat,cat
cat_160.wav,cat,cat
cat_161.wav,cat,cat
cat_162.wav,cat,cat
cat_163.wav,cat,cat
cat_164.wav,cat,cat
cat_165.wav,cat,cat
cat_166.wav,cat,cat
cat_167.wav,cat,cat
cat_168.wav,cat,cat
cat_169.wav,cat,cat
cat_170.wav,cat,cat
cat_171.wav,cat,cat
cat_172.wav,cat,cat
cat_173.wav,cat,cat
cat_174.wav,cat,cat
cat_175.wav,cat,cat
cat_176.wav,cat,cat
cat_177.wav,cat,cat
cat_178.wav,cat,cat
cat_179.wav,cat,cat
cat_180.wav,cat,cat
cat_181.wav,cat,cat
cat_182.wav,cat,cat
cat_183.wav,cat,cat
cat_184.wav,cat,cat
cat_185.wav,cat,cat
cat_186.wav,cat,cat
cat_187.wav,cat,cat
cat_188.wav,cat,cat
cat_189.wav,cat,cat
cat_190.wav,cat,cat
cat_191.wav,cat,cat
cat_192.wav,cat,cat
cat_193.wav,cat,cat
cat_194.wav,cat,cat
cat_195.wav,cat,cat
cat_196.wav,cat,cat
cat_197.wav,cat,cat
cat_198.wav,cat,cat
cat_199.wav,cat,cat
cat_200.wav,cat,cat
cat_201.wav,cat,cat
cat_202.wav,cat,cat
cat_203.wav,cat,cat
cat_204.wav,cat,cat
cat_205.wav,cat,cat
cat_206.wav,cat,cat
cat_207.wav,cat,cat
cat_208.wav,cat,cat
cat_209.wav,cat,cat
cat_210.wav,cat,cat
cat_211.wav,cat,cat
cat_212.wav,cat,cat
cat_213.wav,cat,cat
cat_214.wav,cat,cat
cat_215.wav,cat,cat
cat_216.wav,cat,cat
cat_217.wav,cat,cat
cat_218.wav,cat,cat
cat_219.wav,cat,cat
cat_220.wav,cat,cat
cat_221.wav,cat,cat
cat_222.wav,cat,cat
cat_223.wav,cat,cat
cat_224.wav,cat,cat
cat_225.wav,cat,cat
cat_226.wav,cat,cat
cat_227.wav,cat,cat
cat_228.wav,cat,cat
cat_229.wav,cat,cat
cat_230.wav,cat,cat
cat_231.wav,cat,cat
cat_232.wav,cat,cat
cat_233.wav,cat,cat
cat_234.wav,cat,cat
cat_235.wav,cat,cat
cat_236.wav,cat,cat
cat_237.wav,cat,cat
cat_238.wav,cat,cat
cat_239.wav,cat,cat
cat_240.wav,cat,cat
cat_241.wav,cat,cat
cat_242.wav,cat,cat
cat_243.wav,cat,cat
cat_244.wav,cat,cat
cat_245.wav,cat,cat
cat_246.wav,cat,cat
cat_247.wav,cat,cat
cat_248.wav,cat,cat
cat_249.wav,cat,cat
cat_250.wav,cat,cat
cat_251.wav,cat,cat
cat_252.wav,cat,cat
cat_253.wav,cat,cat
cat_254.wav,cat,cat
cat_255.wav,cat,cat
cat_256.wav,cat,cat
cat_257.wav,cat,cat
cat_258.wav,cat,cat
cat_259.wav,cat,cat
cat_260.wav,cat,cat
cat_261.wav,cat,cat
cat_262.wav,cat,cat
cat_263.wav,cat,cat
cat_264.wav,cat,cat
cat_265.wav,cat,cat
cat_266.wav,cat,cat
cat_267.wav,cat,cat
cat_268.wav,cat,cat
cat_269.wav,cat,cat
cat_270.wav,cat,cat
cat_271.wav,cat,cat
cat_272.wav,cat,cat
cat_273.wav,cat,cat
cat_274.wav,cat,cat
cat_275.wav,cat,cat
cat_276.wav,cat,cat
cat_277.wav,cat,cat
cat_278.wav,cat,cat
cat_279.wav,cat,cat
cat_280.wav,cat,cat
cat_281.wav,cat,cat
cat_282.wav,cat,cat
cat_283.wav,cat,cat
cat_284.wav,cat,cat
cat_285.wav,cat,cat
cat_286.wav,cat,cat
cat_287.wav,cat,cat
cat_288.wav,cat,cat
cat_289.wav,cat,cat
cat_290.wav,cat,cat
cat_291.wav,cat,cat
cat_292.wav,cat,cat
cat_293.wav,cat,cat
cat_294.wav,cat,cat
cat_295.wav,cat,cat
cat_296.wav,cat,cat
cat_297.wav,cat,cat
cat_298.wav,cat,cat
cat_299.wav,cat,cat
cat_300.wav,cat,cat
cat_301.wav,cat,cat
cat_302.wav,cat,cat
cat_303.wav,cat,cat
cat_304.wav,cat,cat
cat_305.wav,cat,cat
cat_306.wav,cat,cat
cat_307.wav,cat,cat
cat_308.wav,cat,cat
cat_309.wav,cat,cat
cat_310.wav,cat,cat
cat_311.wav,cat,cat
cat_312.wav,cat,cat
cat_313.wav,cat,cat
cat_314.wav,cat,cat
cat_315.wav,cat,cat
cat_316.wav,cat,cat
cat_317.wav,cat,cat
cat_318.wav,cat,cat
cat_319.wav,cat,cat
cat_320.wav,cat,cat
cat_321.wav,cat,cat
cat_322.wav,cat,cat
cat_323.wav,cat,cat
cat_324.wav,cat,cat
cat_325.wav,cat,cat
cat_326.wav,cat,cat
cat_327.wav,cat,cat
cat_328.wav,cat,cat
cat_329.wav,cat,cat
cat_330.wav,cat,cat
cat_331.wav,cat,cat
cat_332.wav,cat,cat
cat_333.wav,cat,cat
cat_334.wav,cat,cat
cat_335.wav,cat,cat
cat_336.wav,cat,cat
cat_337.wav,cat,cat
cat_338.wav,cat,cat
cat_339.wav,cat,cat
cat_340.wav,cat,cat
cat_341.wav,cat,cat
cat_342.wav,cat,cat
cat_343.wav,cat,cat
cat_344.wav,cat,cat
cat_345.wav,cat,cat
cat_346.wav,cat,cat
cat_347.wav,cat,cat
cat_348.wav,cat,cat
cat_349.wav,cat,cat
cat_350.wav,cat,cat
cat_351.wav,cat,cat
cat_352.wav,cat,cat
cat_353.wav,cat,cat
cat_354.wav,cat,cat
cat_355.wav,cat,cat
cat_356.wav,cat,cat
cat_357.wav,cat,cat
cat_358.wav,cat,cat
cat_359.wav,cat,cat
cat_360.wav,cat,cat
cat_361.wav,cat,cat
cat_362.wav,cat,cat
cat_363.wav,cat,cat
cat_364.wav,cat,cat
cat_365.wav,cat,cat
cat_366.wav,cat,cat
cat_367.wav,cat,cat
cat_368.wav,cat,cat
cat_369.wav,cat,cat
cat_370.wav,cat,cat
cat_371.wav,cat,cat
cat_372.wav,cat,cat
cat_373.wav,cat,cat
cat_374.wav,cat,cat
cat_375.wav,cat,cat
cat_376.wav,cat,cat
cat_377.wav,cat,cat
cat_378.wav,cat,cat
cat_379.wav,cat,cat
cat_380.wav,cat,cat
cat_381.wav,cat,cat
cat_382.wav,cat,cat
cat_383.wav,cat,cat
cat_384.wav,cat,cat
cat_385.wav,cat,cat
cat_386.wav,cat,cat
cat_387.wav,cat,cat
cat_388.wav,cat,cat
cat_389.wav,cat,cat
cat_390.wav,cat,cat
cat_391.wav,cat,cat
cat_392.wav,cat,cat
cat_393.wav,cat,cat
cat_394.wav,cat,cat
cat_395.wav,cat,cat
cat_396.wav,cat,cat
cat_397.wav,cat,cat
cat_398.wav,cat,cat
cat_399.wav,cat,cat
cat_400.wav,cat,cat
cat_401.wav,cat,cat
cat_402.wav,cat,cat
cat_403.wav,cat,cat
cat_404.wav,cat,cat
cat_405.wav,cat,cat
cat_406.wav,cat,cat
cat_407.wav,cat,cat
cat_408.wav,cat,cat
cat_409.wav,cat,cat
cat_410.wav,cat,cat
cat_411.wav,cat,cat
cat_412.wav,cat,cat
cat_413.wav,cat,cat
cat_414.wav,cat,cat
cat_415.wav,cat,cat
cat_416.wav,cat,cat
cat_417.wav,cat,cat
cat_418.wav,cat,cat
cat_419.wav,cat,cat
cat_420.wav,cat,cat
cat_421.wav,cat,cat
cat_422.wav,cat,cat
cat_423.wav,cat,cat
cat_424.wav,cat,cat
cat_425.wav,cat,cat
cat_426.wav,cat,cat
cat_427.wav,cat,cat
cat_428.wav,cat,cat
cat_429.wav,cat,cat
cat_430.wav,cat,cat
cat_431.wav,cat,cat
cat_432.wav,cat,cat
cat_433.wav,cat,cat
cat_434.wav,cat,cat
cat_435.wav,cat,cat
cat_436.wav,cat,cat
cat_437.wav,cat,cat
cat_438.wav,cat,cat
cat_439.wav,cat,cat
cat_440.wav,cat,cat
cat_441.wav,cat,cat
cat_442.wav,cat,cat
cat_443.wav,cat,cat
cat_444.wav,cat,cat
cat_445.wav,cat,cat
cat_446.wav,cat,cat
cat_447.wav,cat,cat
cat_448.wav,cat,cat
cat_449.wav,cat,cat
cat_450.wav,cat,cat
cat_451.wav,cat,cat
cat_452.wav,cat,cat
cat_453.wav,cat,cat
cat_454.wav,cat,cat
cat_455.wav,cat,cat
cat_456.wav,cat,cat
cat_457.wav,cat,cat
cat_458.wav,cat,cat
cat_459.wav,cat,cat
cat_460.wav,cat,cat
cat_461.wav,cat,cat
cat_462.wav,cat,cat
cat_463.wav,cat,cat
cat_464.wav,cat,cat
cat_465.wav,cat,cat
cat_466.wav,cat,cat
cat_467.wav,cat,cat
cat_468.wav,cat,cat
cat_469.wav,cat,cat
cat_470.wav,cat,cat
cat_471.wav,cat,cat
cat_472.wav,cat,cat
cat_473.wav,cat,cat
cat_474.wav,cat,cat
cat_475.wav,cat,cat
cat_476.wav,cat,cat
cat_477.wav,cat,cat
cat_478.wav,cat,cat
cat_479.wav,cat,cat
cat_480.wav,cat,cat
cat_481.wav,cat,cat
cat_482.wav,cat,cat
cat_483.wav,cat,cat
cat_484.wav,cat,cat
cat_485.wav,cat,cat
cat_486.wav,cat,cat
cat_487.wav,cat,cat
cat_488.wav,cat,cat
cat_489.wav,cat,cat
cat_490.wav,cat,cat
cat_491.wav,cat,cat
cat_492.wav,cat,cat
cat_493.wav,cat,cat
cat_494.wav,cat,cat
cat_495.wav,cat,cat
cat_496.wav,cat,cat
cat_497.wav,cat,cat
cat_498.wav,cat,cat
cat_499.wav,cat,cat
cat_500.wav,cat,cat
cat_501.wav,cat,cat
cat_502.wav,cat,cat
cat_503.wav,cat,cat
cat_504.wav,cat,cat
cat_505.wav,cat,cat
cat_506.wav,cat,cat
cat_507.wav,cat,cat
cat_508.wav,cat,cat
cat_509.wav,cat,cat
cat_510.wav,cat,cat
cat_511.wav,cat,cat
cat_512.wav,cat,cat
cat_513.wav,cat,cat
cat_514.wav,cat,cat
cat_515.wav,cat,cat
cat_516.wav,cat,cat
cat_517.wav,cat,cat
cat_518.wav,cat,cat
cat_519.wav,cat,cat
cat_520.wav,cat,cat
cat_521.wav,cat,cat
cat_522.wav,cat,cat
cat_523.wav,cat,cat
cat_524.wav,cat,cat
cat_525.wav,cat,cat
cat_526.wav,cat,cat
cat_527.wav,cat,cat
cat_528.wav,cat,cat
cat_529.wav,cat,cat
cat_530.wav,cat,cat
cat_531.wav,cat,cat
cat_532.wav,cat,cat
cat_533.wav,cat,cat
cat_534.wav,cat,cat
cat_535.wav,cat,cat
cat_536.wav,cat,cat
cat_537.wav,cat,cat
cat_538.wav,cat,cat
cat_539.wav,cat,cat
cat_540.wav,cat,cat
cat_541.wav,cat,cat
cat_542.wav,cat,cat
cat_543.wav,cat,cat
cat_544.wav,cat,cat
cat_545.wav,cat,cat
cat_546.wav,cat,cat
cat_547.wav,cat,cat
cat_548.wav,cat,cat
cat_549.wav,cat,cat
cat_550.wav,cat,cat
cat_551.wav,cat,cat
cat_552.wav,cat,cat
cat_553.wav,cat,cat
cat_554.wav,cat,cat
cat_555.wav,cat,cat
cat_556.wav,cat,cat
cat_557.wav,cat,cat
cat_558.wav,cat,cat
cat_559.wav,cat,cat
cat_560.wav,cat,cat
cat_561.wav,cat,cat
cat_562.wav,cat,cat
cat_563.wav,cat,cat
cat_564.wav,cat,cat
cat_565.wav,cat,cat
cat_566.wav,cat,cat
cat_567.wav,cat,cat
cat_568.wav,cat,cat
cat_569.wav,cat,cat
cat_570.wav,cat,cat
cat_571.wav,cat,cat
cat_572.wav,cat,cat
cat_573.wav,cat,cat
cat_574.wav,cat,cat
cat_575.wav,cat,cat
cat_576.wav,cat,cat
cat_577.wav,cat,cat
cat_578.wav,cat,cat
cat_579.wav,cat,cat
cat_580.wav,cat,cat
cat_581.wav,cat,cat
cat_582.wav,cat,cat
cat_583.wav,cat,cat
cat_584.wav,cat,cat
cat_585.wav,cat,cat
cat_586.wav,cat,cat
cat_587.wav,cat,cat
cat_588.wav,cat,cat
cat_589.wav,cat,cat
cat_590.wav,cat,cat
cat_591.wav,cat,cat
cat_592.wav,cat,cat
cat_593.wav,cat,cat
cat_594.wav,cat,cat
cat_595.wav,cat,cat
cat_596.wav,cat,cat
cat_597.wav,cat,cat
cat_598.wav,cat,cat
cat_599.wav,cat,cat
cat_600.wav,cat,cat
cat_601.wav,cat,cat
cat_602.wav,cat,cat
cat_603.wav,cat,cat
cat_604.wav,cat,cat
cat_605.wav,cat,cat
cat_606.wav,cat,cat
cat_607.wav,cat,cat
cat_608.wav,cat,cat
cat_609.wav,cat,cat
cat_610.wav,cat,cat
cat_611.wav,cat,cat
cat_612.wav,cat,cat
cat_613.wav,cat,cat
cat_614.wav,cat,cat
cat_615.wav,cat,cat
cat_616.wav,cat,cat
cat_617.wav,cat,cat
cat_618.wav,cat,cat
cat_619.wav,cat,cat
cat_620.wav,cat,cat
cat_621.wav,cat,cat
cat_622.wav,cat,cat
cat_623.wav,cat,cat
cat_624.wav,cat,cat
cat_625.wav,cat,cat
cat_626.wav,cat,cat
cat_627.wav,cat,cat
cat_628.wav,cat,cat
cat_629.wav,cat,cat
cat_630.wav,cat,cat
cat_631.wav,cat,cat
cat_632.wav,cat,cat
cat_633.wav,cat,cat
cat_634.wav,cat,cat
cat_635.wav,cat,cat
cat_636.wav,cat,cat
cat_637.wav,cat,cat
cat_638.wav,cat,cat
cat_639.wav,cat,cat
cat_640.wav,cat,cat
cat_641.wav,cat,cat
cat_642.wav,cat,cat
cat_643.wav,cat,cat
cat_644.wav,cat,cat
cat_645.wav,cat,cat
cat_646.wav,cat,cat
cat_647.wav,cat,cat
cat_648.wav,cat,cat
cat_649.wav,cat,cat
cat_650.wav,cat,cat
cat_651.wav,cat,cat
cat_652.wav,cat,cat
cat_653.wav,cat,cat
cat_654.wav,cat,cat
cat_655.wav,cat,cat
cat_656.wav,cat,cat
cat_657.wav,cat,cat
cat_658.wav,cat,cat
cat_659.wav,cat,cat
cat_660.wav,cat,cat
cat_661.wav,cat,cat
cat_662.wav,cat,cat
cat_663.wav,cat,cat
cat_664.wav,cat,cat
cat_665.wav,cat,cat
cat_666.wav,cat,cat
cat_667.wav,cat,cat
cat_668.wav,cat,cat
cat_669.wav,cat,cat
cat_670.wav,cat,cat
cat_671.wav,cat,cat
cat_672.wav,cat,cat
cat_673.wav,cat,cat
cat_674.wav,cat,cat
cat_675.wav,cat,cat
cat_676.wav,cat,cat
cat_677.wav,cat,cat
cat_678.wav,cat,cat
cat_679.wav,cat,cat
cat_680.wav,cat,cat
cat_681.wav,cat,cat
cat_682.wav,cat,cat
cat_683.wav,cat,cat
cat_684.wav,cat,cat
cat_685.wav,cat,cat
cat_686.wav,cat,cat
cat_687.wav,cat,cat
cat_688.wav,cat,cat
cat_689.wav,cat,cat
cat_690.wav,cat,cat
cat_691.wav,cat,cat
cat_692.wav,cat,cat
cat_693.wav,cat,cat
cat_694.wav,cat,cat
cat_695.wav,cat,cat
cat_696.wav,cat,cat
cat_697.wav,cat,cat
cat_698.wav,cat,cat
cat_699.wav,cat,cat
cat_700.wav,cat,cat
cat_701.wav,cat,cat
cat_702.wav,cat,cat
cat_703.wav,cat,cat
cat_704.wav,cat,cat
cat_705.wav,cat,cat
cat_706.wav,cat,cat
cat_707.wav,cat,cat
cat_708.wav,cat,cat
cat_709.wav,cat,cat
cat_710.wav,cat,cat
cat_711.wav,cat,cat
cat_712.wav,cat,cat
cat_713.wav,cat,cat
cat_714.wav,cat,cat
cat_715.wav,cat,cat
cat_716.wav,cat,cat
cat_717.wav,cat,cat
cat_718.wav,cat,cat
cat_719.wav,cat,cat
cat_720.wav,cat,cat
cat_721.wav,cat,cat
cat_722.wav,cat,cat
cat_723.wav,cat,cat
cat_724.wav,cat,cat
cat_725.wav,cat,cat
cat_726.wav,cat,cat
cat_727.wav,cat,cat
cat_728.wav,cat,cat
cat_729.wav,cat,cat
cat_730.wav,cat,cat
cat_731.wav,cat,cat
cat_732.wav,cat,cat
cat_733.wav,cat,cat
cat_734.wav,cat,cat
cat_735.wav,cat,cat
cat_736.wav,cat,cat
cat_737.wav,cat,cat
cat_738.wav,cat,cat
cat_739.wav,cat,cat
cat_740.wav,cat,cat
cat_741.wav,cat,cat
cat_742.wav,cat,cat
cat_743.wav,cat,cat
cat_744.wav,cat,cat
cat_745.wav,cat,cat
cat_746.wav,cat,cat
cat_747.wav,cat,cat
cat_748.wav,cat,cat
cat_749.wav,cat,cat
cat_750.wav,cat,cat
cat_751.wav,cat,cat
cat_752.wav,cat,cat
cat_753.wav,cat,cat
cat_754.wav,cat,cat
cat_755.wav,cat,cat
cat_756.wav,cat,cat
cat_757.wav,cat,cat
cat_758.wav,cat,cat
cat_759.wav,cat,cat
cat_760.wav,cat,cat
cat_761.wav,cat,cat
cat_762.wav,cat,cat
cat_763.wav,cat,cat
cat_764.wav,cat,cat
cat_765.wav,cat,cat
cat_766.wav,cat,cat
cat_767.wav,cat,cat
cat_768.wav,cat,cat
cat_769.wav,cat,cat
cat_770.wav,cat,cat
cat_771.wav,cat,cat
cat_772.wav,cat,cat
cat_773.wav,cat,cat
cat_774.wav,cat,cat
cat_775.wav,cat,cat
cat_776.wav,cat,cat
cat_777.wav,cat,cat
cat_778.wav,cat,cat
cat_779.wav,cat,cat
cat_780.wav,cat,cat
cat_781.wav,cat,cat
cat_782.wav,cat,cat
cat_783.wav,cat,cat
cat_784.wav,cat,cat
cat_785.wav,cat,cat
cat_786.wav,cat,cat
cat_787.wav,cat,cat
cat_788.wav,cat,cat
cat_789.wav,cat,cat
cat_790.wav,cat,cat
cat_791.wav,cat,cat
cat_792.wav,cat,cat
cat_793.wav,cat,cat
cat_794.wav,cat,cat
cat_795.wav,cat,cat
cat_796.wav,cat,cat
cat_797.wav,cat,cat
cat_798.wav,cat,cat
cat_799.wav,cat,cat
cat_800.wav,cat,cat
cat_801.wav,cat,cat
cat_802.wav,cat,cat
cat_803.wav,cat,cat
cat_804.wav,cat,cat
cat_805.wav,cat,cat
cat_806.wav,cat,cat
cat_807.wav,cat,cat
cat_808.wav,cat,cat
cat_809.wav,cat,cat
cat_810.wav,cat,cat
cat_811.wav,cat,cat
cat_812.wav,cat,cat
cat_813.wav,cat,cat
cat_814.wav,cat,cat
cat_815.wav,cat,cat
cat_816.wav,cat,cat
cat_817.wav,cat,cat
cat_818.wav,cat,cat
cat_819.wav,cat,cat
cat_820.wav,cat,cat
cat_821.wav,cat,cat
cat_822.wav,cat,cat
cat_823.wav,cat,cat
cat_824.wav,cat,cat
cat_825.wav,cat,cat
cat_826.wav,cat,cat
cat_827.wav,cat,cat
cat_828.wav,cat,cat
cat_829.wav,cat,cat
cat_830.wav,cat,cat
cat_831.wav,cat,cat
cat_832.wav,cat,cat
cat_833.wav,cat,cat
cat_834.wav,cat,cat
cat_835.wav,cat,cat
cat_836.wav,cat,cat
cat_837.wav,cat,cat
cat_838.wav,cat,cat
cat_839.wav,cat,cat
cat_840.wav,cat,cat
cat_841.wav,cat,cat
cat_842.wav,cat,cat
cat_843.wav,cat,cat
cat_844.wav,cat,cat
cat_845.wav,cat,cat
cat_846.wav,cat,cat
cat_847.wav,cat,cat
cat_848.wav,cat,cat
cat_849.wav,cat,cat
cat_850.wav,cat,cat
cat_851.wav,cat,cat
cat_852.wav,cat,cat
cat_853.wav,cat,cat
cat_854.wav,cat,cat
cat_855.wav,cat,cat
cat_856.wav,cat,cat
cat_857.wav,cat,cat
cat_858.wav,cat,cat
cat_859.wav,cat,cat
cat_860.wav,cat,cat
cat_861.wav,cat,cat
cat_862.wav,cat,cat
cat_863.wav,cat,cat
cat_864.wav,cat,cat
cat_865.wav,cat,cat
cat_866.wav,cat,cat
cat_867.wav,cat,cat
cat_868.wav,cat,cat
cat_869.wav,cat,cat
cat_870.wav,cat,cat
cat_871.wav,cat,cat
cat_872.wav,cat,cat
cat_873.wav,cat,cat
cat_874.wav,cat,cat
cat_875.wav,cat,cat
cat_876.wav,cat,cat
cat_877.wav,cat,cat
cat_878.wav,cat,cat
cat_879.wav,cat,cat
cat_880.wav,cat,cat
cat_881.wav,cat,cat
cat_882.wav,cat,cat
cat_883.wav,cat,cat
cat_884.wav,cat,cat
cat_885.wav,cat,cat
cat_886.wav,cat,cat
cat_887.wav,cat,cat
cat_888.wav,cat,cat
cat_889.wav,cat,cat
cat_890.wav,cat,cat
cat_891.wav,cat,cat
cat_892.wav,cat,cat
cat_893.wav,cat,cat
cat_894.wav,cat,cat
cat_895.wav,cat,cat
cat_896.wav,cat,cat
cat_897.wav,cat,cat
cat_898.wav,cat,cat
cat_899.wav,cat,cat
cat_900.wav,cat,cat
cat_901.wav,cat,cat
cat_902.wav,cat,cat
cat_903.wav,cat,cat
cat_904.wav,cat,cat
cat_905.wav,cat,cat
cat_906.wav,cat,cat
cat_907.wav,cat,cat
cat_908.wav,cat,cat
cat_909.wav,cat,cat
cat_910.wav,cat,cat
cat_911.wav,cat,cat
cat_912.wav,cat,cat
cat_913.wav,cat,cat
cat_914.wav,cat,cat
cat_915.wav,cat,cat
cat_916.wav,cat,cat
cat_917.wav,cat,cat
cat_918.wav,cat,cat
cat_919.wav,cat,cat
cat_920.wav,cat,cat
cat_921.wav,cat,cat
cat_922.wav,cat,cat
cat_923.wav,cat,cat
cat_924.wav,cat,cat
cat_925.wav,cat,cat
cat_926.wav,cat,cat
cat_927.wav,cat,cat
cat_928.wav,cat,cat
cat_929.wav,cat,cat
cat_930.wav,cat,cat
cat_931.wav,cat,cat
cat_932.wav,cat,cat
cat_933.wav,cat,cat
cat_934.wav,cat,cat
cat_935.wav,cat,cat
cat_936.wav,cat,cat
cat_937.wav,cat,cat
cat_938.wav,cat,cat
cat_939.wav,cat,cat
cat_940.wav,cat,cat
cat_941.wav,cat,cat
cat_942.wav,cat,cat
cat_943.wav,cat,cat
cat_944.wav,cat,cat
cat_945.wav,cat,cat
cat_946.wav,cat,cat
cat_947.wav,cat,cat
cat_948.wav,cat,cat
cat_949.wav,cat,cat
cat_950.wav,cat,cat
cat_951.wav,cat,cat
cat_952.wav,cat,cat
cat_953.wav,cat,cat
cat_954.wav,cat,cat
cat_955.wav,cat,cat
cat_956.wav,cat,cat
cat_957.wav,cat,cat
cat_958.wav,cat,cat
cat_959.wav,cat,cat
cat_960.wav,cat,cat
cat_961.wav,cat,cat
cat_962.wav,cat,cat
cat_963.wav,cat,cat
cat_964.wav,cat,cat
cat_965.wav,cat,cat
cat_966.wav,cat,cat
cat_967.wav,cat,cat
cat_968.wav,cat,cat
cat_969.wav,cat,cat
cat_970.wav,cat,cat
cat_971.wav,cat,cat
cat_972.wav,cat,cat
cat_973.wav,cat,cat
cat_974.wav,cat,cat
cat_975.wav,cat,cat
cat_976.wav,cat,cat
cat_977.wav,cat,cat
cat_978.wav,cat,cat
cat_979.wav,cat,cat
cat_980.wav,cat,cat
cat_981.wav,cat,cat
cat_982.wav,cat,cat
cat_983.wav,cat,cat
cat_984.wav,cat,cat
cat_985.wav,cat,cat
cat_986.wav,cat,cat
cat_987.wav,cat,cat
cat_988.wav,cat,cat
cat_989.wav,cat,cat
cat_990.wav,cat,cat
cat_991.wav,cat,cat
cat_992.wav,cat,cat
cat_993.wav,cat,cat
cat_994.wav,cat,cat
cat_995.wav,cat,cat
cat_996.wav,cat,cat
cat_997.wav,cat,cat
cat_998.wav,cat,cat
cat_999.wav,cat,cat
cat_1000.wav,cat,cat
glass_1.wav,glass,glass
glass_2.wav,glass,glass
glass_3.wav,stone_rock,glass
glass_4.wav,glass,glass
glass_5.wav,glass,glass
glass_6.wav,glass,glass
glass_7.wav,glass,glass
glass_8.wav,glass,glass
glass_9.wav,glass,glass
glass_10.wav,glass,glass
glass_11.wav,glass,glass
glass_12.wav,glass,glass
glass_13.wav,glass,glass
glass_14.wav,glass,glass
glass_15.wav,glass,glass
glass_16.wav,glass,glass
glass_17.wav,glass,glass
glass_18.wav,glass,glass
glass_19.wav,glass,glass
glass_20.wav,glass,glass
glass_21.wav,glass,glass
glass_22.wav,glass,glass
glass_23.wav,glass,glass
glass_24.wav,glass,glass
glass_25.wav,glass,glass
glass_26.wav,metal,glass
glass_27.wav,glass,glass
glass_28.wav,glass,glass
glass_29.wav,glass,glass
glass_30.wav,glass,glass
glass_31.wav,glass,glass
glass_32.wav,glass,glass
glass_33.wav,glass,glass
glass_34.wav,glass,glass
glass_35.wav,glass,glass
glass_36.wav,glass,glass
glass_37.wav,glass,glass
glass_38.wav,glass,glass
glass_39.wav,glass,glass
glass_40.wav,glass,glass
glass_41.wav,glass,glass
glass_42.wav,glass,glass
glass_43.wav,glass,glass
glass_44.wav,glass,glass
glass_45.wav,glass,glass
glass_46.wav,glass,glass
glass_47.wav,glass,glass
glass_48.wav,glass,glass
glass_49.wav,glass,glass
glass_50.wav,stone_rock,glass
glass_51.wav,glass,glass
glass_52.wav,glass,glass
glass_53.wav,glass,glass
glass_54.wav,glass,glass
glass_55.wav,glass,glass
glass_56.wav,glass,glass
glass_57.wav,glass,glass
glass_58.wav,glass,glass
glass_59.wav,glass,glass
glass_60.wav,glass,glass
glass_61.wav,glass,glass
glass_62.wav,glass,glass
glass_63.wav,metal,glass
glass_64.wav,glass,glass
glass_65.wav,glass,glass
glass_66.wav,glass,glass
glass_67.wav,glass,glass
glass_68.wav,glass,glass
glass_69.wav,glass,glass
glass_70.wav,glass,glass
glass_71.wav,glass,glass
glass_72.wav,glass,glass
glass_73.wav,glass,glass
glass_74.wav,glass,glass
glass_75.wav,stone_rock,glass
glass_76.wav,glass,glass
glass_77.wav,glass,glass
glass_78.wav,glass,glass
glass_79.wav,glass,glass
glass_80.wav,glass,glass
glass_81.wav,glass,glass
glass_82.wav,glass,glass
glass_83.wav,stone_rock,glass
glass_84.wav,glass,glass
glass_85.wav,glass,glass
glass_86.wav,glass,glass
glass_87.wav,glass,glass
glass_88.wav,glass,glass
glass_89.wav,glass,glass
glass_90.wav,stone_rock,glass
glass_91.wav,glass,glass
glass_92.wav,glass,glass
glass_93.wav,metal,glass
glass_94.wav,glass,glass
glass_95.wav,glass,glass
glass_96.wav,glass,glass
glass_97.wav,glass,glass
glass_98.wav,metal,glass
glass_99.wav,glass,glass
glass_100.wav,glass,glass
glass_101.wav,glass,glass
glass_102.wav,glass,glass
glass_103.wav,metal,glass
glass_104.wav,glass,glass
glass_105.wav,glass,glass
glass_106.wav,glass,glass
glass_107.wav,glass,glass
glass_108.wav,metal,glass
glass_109.wav,glass,glass
glass_110.wav,glass,glass
glass_111.wav,glass,glass
glass_112.wav,glass,glass
glass_113.wav,glass,glass
glass_114.wav,glass,glass
glass_115.wav,glass,glass
glass_116.wav,metal,glass
glass_117.wav,glass,glass
glass_118.wav,metal,glass
glass_119.wav,glass,glass
glass_120.wav,glass,glass
glass_121.wav,glass,glass
glass_122.wav,glass,glass
glass_123.wav,glass,glass
glass_124.wav,glass,glass
glass_125.wav,glass,glass
glass_126.wav,glass,glass
glass_127.wav,glass,glass
glass_128.wav,glass,glass
glass_129.wav,glass,glass
glass_130.wav,glass,glass
glass_131.wav,glass,glass
glass_132.wav,glass,glass
glass_133.wav,metal,glass
glass_134.wav,glass,glass
glass_135.wav,glass,glass
glass_136.wav,glass,glass
glass_137.wav,glass,glass
glass_138.wav,glass,glass
glass_139.wav,metal,glass
glass_140.wav,glass,glass
glass_141.wav,metal,glass
glass_142.wav,glass,glass
glass_143.wav,glass,glass
glass_144.wav,metal,glass
glass_145.wav,glass,glass
glass_146.wav,glass,glass
glass_147.wav,glass,glass
glass_148.wav,glass,glass
glass_149.wav,metal,glass
glass_150.wav,glass,glass
glass_151.wav,glass,glass
glass_152.wav,glass,glass
glass_153.wav,glass,glass
glass_154.wav,glass,glass
glass_155.wav,glass,glass
glass_156.wav,glass,glass
glass_157.wav,glass,glass
glass_158.wav,glass,glass
glass_159.wav,glass,glass
glass_160.wav,glass,glass
glass_161.wav,glass,glass
glass_162.wav,glass,glass
glass_163.wav,glass,glass
glass_164.wav,metal,glass
glass_165.wav,glass,glass
glass_166.wav,glass,glass
glass_167.wav,glass,glass
glass_168.wav,metal,glass
glass_169.wav,glass,glass
glass_170.wav,glass,glass
glass_171.wav,glass,glass
glass_172.wav,glass,glass
glass_173.wav,glass,glass
glass_174.wav,glass,glass
glass_175.wav,glass,glass
glass_176.wav,glass,glass
glass_177.wav,glass,glass
glass_178.wav,metal,glass
glass_179.wav,glass,glass
glass_180.wav,plastic,glass
glass_181.wav,stone_rock,glass
glass_182.wav,glass,glass
glass_183.wav,glass,glass
glass_184.wav,glass,glass
glass_185.wav,glass,glass
glass_186.wav,glass,glass
glass_187.wav,glass,glass
glass_188.wav,glass,glass
glass_189.wav,glass,glass
glass_190.wav,glass,glass
glass_191.wav,glass,glass
glass_192.wav,glass,glass
glass_193.wav,glass,glass
glass_194.wav,glass,glass
glass_195.wav,glass,glass
glass_196.wav,glass,glass
glass_197.wav,glass,glass
glass_198.wav,glass,glass
glass_199.wav,metal,glass
glass_200.wav,glass,glass
glass_201.wav,glass,glass
glass_202.wav,glass,glass
glass_203.wav,glass,glass
glass_204.wav,glass,glass
glass_205.wav,glass,glass
glass_206.wav,glass,glass
glass_207.wav,glass,glass
glass_208.wav,glass,glass
glass_209.wav,glass,glass
glass_210.wav,glass,glass
glass_211.wav,stone_rock,glass
glass_212.wav,glass,glass
glass_213.wav,metal,glass
glass_214.wav,glass,glass
glass_215.wav,glass,glass
glass_216.wav,glass,glass
glass_217.wav,glass,glass
glass_218.wav,glass,glass
glass_219.wav,glass,glass
glass_220.wav,glass,glass
glass_221.wav,glass,glass
glass_222.wav,glass,glass
glass_223.wav,glass,glass
glass_224.wav,glass,glass
glass_225.wav,glass,glass
glass_226.wav,glass,glass
glass_227.wav,glass,glass
glass_228.wav,glass,glass
glass_229.wav,glass,glass
glass_230.wav,glass,glass
glass_231.wav,glass,glass
glass_232.wav,glass,glass
glass_233.wav,glass,glass
glass_234.wav,glass,glass
glass_235.wav,glass,glass
glass_236.wav,glass,glass
glass_237.wav,glass,glass
glass_238.wav,glass,glass
glass_239.wav,glass,glass
glass_240.wav,glass,glass
glass_241.wav,glass,glass
glass_242.wav,plastic,glass
glass_243.wav,glass,glass
glass_244.wav,glass,glass
glass_245.wav,glass,glass
glass_246.wav,glass,glass
glass_247.wav,metal,glass
glass_248.wav,glass,glass
glass_249.wav,glass,glass
glass_250.wav,glass,glass
glass_251.wav,glass,glass
glass_252.wav,glass,glass
glass_253.wav,glass,glass
glass_254.wav,glass,glass
glass_255.wav,glass,glass
glass_256.wav,glass,glass
glass_257.wav,glass,glass
glass_258.wav,glass,glass
glass_259.wav,glass,glass
glass_260.wav,glass,glass
glass_261.wav,glass,glass
glass_262.wav,glass,glass
glass_263.wav,glass,glass
glass_264.wav,glass,glass
glass_265.wav,glass,glass
glass_266.wav,metal,glass
glass_267.wav,metal,glass
glass_268.wav,glass,glass
glass_269.wav,glass,glass
glass_270.wav,glass,glass
glass_271.wav,glass,glass
glass_272.wav,glass,glass
glass_273.wav,glass,glass
glass_274.wav,glass,glass
glass_275.wav,glass,glass
glass_276.wav,glass,glass
glass_277.wav,glass,glass
glass_278.wav,glass,glass
glass_279.wav,glass,glass
glass_280.wav,glass,glass
glass_281.wav,glass,glass
glass_282.wav,glass,glass
glass_283.wav,metal,glass
glass_284.wav,glass,glass
glass_285.wav,glass,glass
glass_286.wav,glass,glass
glass_287.wav,glass,glass
glass_288.wav,glass,glass
glass_289.wav,glass,glass
glass_290.wav,glass,glass
glass_291.wav,glass,glass
glass_292.wav,metal,glass
glass_293.wav,glass,glass
glass_294.wav,glass,glass
glass_295.wav,glass,glass
glass_296.wav,glass,glass
glass_297.wav,glass,glass
glass_298.wav,glass,glass
glass_299.wav,glass,glass
glass_300.wav,glass,glass
glass_301.wav,glass,glass
glass_302.wav,glass,glass
glass_303.wav,glass,glass
glass_304.wav,glass,glass
glass_305.wav,glass,glass
glass_306.wav,glass,glass
glass_307.wav,glass,glass
glass_308.wav,glass,glass
glass_309.wav,glass,glass
glass_310.wav,glass,glass
glass_311.wav,glass,glass
glass_312.wav,glass,glass
glass_313.wav,glass,glass
glass_314.wav,glass,glass
glass_315.wav,glass,glass
glass_316.wav,glass,glass
glass_317.wav,stone_rock,glass
glass_318.wav,glass,glass
glass_319.wav,glass,glass
glass_320.wav,metal,glass
glass_321.wav,glass,glass
glass_322.wav,glass,glass
glass_323.wav,glass,glass
glass_324.wav,glass,glass
glass_325.wav,glass,glass
glass_326.wav,glass,glass
glass_327.wav,slap_smack,glass
glass_328.wav,plastic,glass
glass_329.wav,glass,glass
glass_330.wav,glass,glass
glass_331.wav,glass,glass
glass_332.wav,glass,glass
glass_333.wav,glass,glass
glass_334.wav,glass,glass
glass_335.wav,glass,glass
glass_336.wav,glass,glass
glass_337.wav,metal,glass
glass_338.wav,glass,glass
glass_339.wav,glass,glass
glass_340.wav,glass,glass
glass_341.wav,metal,glass
glass_342.wav,glass,glass
glass_343.wav,glass,glass
glass_344.wav,glass,glass
glass_345.wav,glass,glass
glass_346.wav,metal,glass
glass_347.wav,metal,glass
glass_348.wav,glass,glass
glass_349.wav,glass,glass
glass_350.wav,glass,glass
glass_351.wav,metal,glass
glass_352.wav,glass,glass
glass_353.wav,glass,glass
glass_354.wav,glass,glass
glass_355.wav,glass,glass
glass_356.wav,glass,glass
glass_357.wav,glass,glass
glass_358.wav,glass,glass
glass_359.wav,glass,glass
glass_360.wav,glass,glass
glass_361.wav,glass,glass
glass_362.wav,glass,glass
glass_363.wav,glass,glass
glass_364.wav,stone_rock,glass
glass_365.wav,glass,glass
glass_366.wav,glass,glass
glass_367.wav,glass,glass
glass_368.wav,stone_rock,glass
glass_369.wav,stone_rock,glass
glass_370.wav,glass,glass
glass_371.wav,glass,glass
glass_372.wav,glass,glass
glass_373.wav,glass,glass
glass_374.wav,glass,glass
glass_375.wav,glass,glass
glass_376.wav,glass,glass
glass_377.wav,glass,glass
glass_378.wav,glass,glass
glass_379.wav,glass,glass
glass_380.wav,glass,glass
glass_381.wav,glass,glass
glass_382.wav,glass,glass
glass_383.wav,glass,glass
glass_384.wav,stone_rock,glass
glass_385.wav,glass,glass
glass_386.wav,glass,glass
glass_387.wav,glass,glass
glass_388.wav,glass,glass
glass_389.wav,glass,glass
glass_390.wav,glass,glass
glass_391.wav,glass,glass
glass_392.wav,glass,glass
glass_393.wav,glass,glass
glass_394.wav,glass,glass
glass_395.wav,glass,glass
glass_396.wav,glass,glass
glass_397.wav,glass,glass
glass_398.wav,glass,glass
glass_399.wav,glass,glass
glass_400.wav,glass,glass
glass_401.wav,glass,glass
glass_402.wav,glass,glass
glass_403.wav,glass,glass
glass_404.wav,glass,glass
glass_405.wav,glass,glass
glass_406.wav,slap_smack,glass
glass_407.wav,glass,glass
glass_408.wav,glass,glass
glass_409.wav,glass,glass
glass_410.wav,glass,glass
glass_411.wav,glass,glass
glass_412.wav,glass,glass
glass_413.wav,glass,glass
glass_414.wav,metal,glass
glass_415.wav,glass,glass
glass_416.wav,glass,glass
glass_417.wav,glass,glass
glass_418.wav,stone_rock,glass
glass_419.wav,glass,glass
glass_420.wav,glass,glass
glass_421.wav,glass,glass
glass_422.wav,glass,glass
glass_423.wav,glass,glass
glass_424.wav,glass,glass
glass_425.wav,glass,glass
glass_426.wav,glass,glass
glass_427.wav,glass,glass
glass_428.wav,glass,glass
glass_429.wav,glass,glass
glass_430.wav,glass,glass
glass_431.wav,glass,glass
glass_432.wav,glass,glass
glass_433.wav,glass,glass
glass_434.wav,glass,glass
glass_435.wav,glass,glass
glass_436.wav,glass,glass
glass_437.wav,glass,glass
glass_438.wav,glass,glass
glass_439.wav,metal,glass
glass_440.wav,stone_rock,glass
glass_441.wav,glass,glass
glass_442.wav,glass,glass
glass_443.wav,glass,glass
glass_444.wav,glass,glass
glass_445.wav,glass,glass
glass_446.wav,metal,glass
glass_447.wav,metal,glass
glass_448.wav,glass,glass
glass_449.wav,glass,glass
glass_450.wav,glass,glass
glass_451.wav,glass,glass
glass_452.wav,glass,glass
glass_453.wav,glass,glass
glass_454.wav,glass,glass
glass_455.wav,glass,glass
glass_456.wav,glass,glass
glass_457.wav,glass,glass
glass_458.wav,glass,glass
glass_459.wav,glass,glass
glass_460.wav,glass,glass
glass_461.wav,glass,glass
glass_462.wav,glass,glass
glass_463.wav,plastic,glass
glass_464.wav,glass,glass
glass_465.wav,glass,glass
glass_466.wav,glass,glass
glass_467.wav,glass,glass
glass_468.wav,glass,glass
glass_469.wav,glass,glass
glass_470.wav,glass,glass
glass_471.wav,glass,glass
glass_472.wav,glass,glass
glass_473.wav,glass,glass
glass_474.wav,glass,glass
glass_475.wav,glass,glass
glass_476.wav,glass,glass
glass_477.wav,glass,glass
glass_478.wav,glass,glass
glass_479.wav,glass,glass
glass_480.wav,glass,glass
glass_481.wav,glass,glass
glass_482.wav,metal,glass
glass_483.wav,glass,glass
glass_484.wav,glass,glass
glass_485.wav,glass,glass
glass_486.wav,glass,glass
glass_487.wav,glass,glass
glass_488.wav,glass,glass
glass_489.wav,glass,glass
glass_490.wav,glass,glass
glass_491.wav,glass,glass
glass_492.wav,glass,glass
glass_493.wav,glass,glass
glass_494.wav,glass,glass
glass_495.wav,glass,glass
glass_496.wav,glass,glass
glass_497.wav,glass,glass
glass_498.wav,glass,glass
glass_499.wav,glass,glass
glass_500.wav,glass,glass
glass_501.wav,stone_rock,glass
glass_502.wav,glass,glass
glass_503.wav,glass,glass
glass_504.wav,glass,glass
glass_505.wav,glass,glass
glass_506.wav,glass,glass
glass_507.wav,glass,glass
glass_508.wav,glass,glass
glass_509.wav,glass,glass
glass_510.wav,glass,glass
glass_511.wav,glass,glass
glass_512.wav,metal,glass
glass_513.wav,glass,glass
glass_514.wav,glass,glass
glass_515.wav,glass,glass
glass_516.wav,glass,glass
glass_517.wav,slap_smack,glass
glass_518.wav,glass,glass
glass_519.wav,metal,glass
glass_520.wav,metal,glass
glass_521.wav,glass,glass
glass_522.wav,glass,glass
glass_523.wav,glass,glass
glass_524.wav,glass,glass
glass_525.wav,glass,glass
glass_526.wav,glass,glass
glass_527.wav,glass,glass
glass_528.wav,glass,glass
glass_529.wav,glass,glass
glass_530.wav,glass,glass
glass_531.wav,glass,glass
glass_532.wav,glass,glass
glass_533.wav,metal,glass
glass_534.wav,glass,glass
glass_535.wav,plastic,glass
glass_536.wav,glass,glass
glass_537.wav,glass,glass
glass_538.wav,glass,glass
glass_539.wav,glass,glass
glass_540.wav,glass,glass
glass_541.wav,glass,glass
glass_542.wav,glass,glass
glass_543.wav,glass,glass
glass_544.wav,glass,glass
glass_545.wav,glass,glass
glass_546.wav,glass,glass
glass_547.wav,glass,glass
glass_548.wav,glass,glass
glass_549.wav,metal,glass
glass_550.wav,glass,glass
glass_551.wav,glass,glass
glass_552.wav,glass,glass
glass_553.wav,glass,glass
glass_554.wav,glass,glass
glass_555.wav,metal,glass
glass_556.wav,glass,glass
glass_557.wav,metal,glass
glass_558.wav,glass,glass
glass_559.wav,metal,glass
glass_560.wav,glass,glass
glass_561.wav,glass,glass
glass_562.wav,glass,glass
glass_563.wav,glass,glass
glass_564.wav,glass,glass
glass_565.wav,glass,glass
glass_566.wav,glass,glass
glass_567.wav,glass,glass
glass_568.wav,glass,glass
glass_569.wav,glass,glass
glass_570.wav,glass,glass
glass_571.wav,stone_rock,glass
glass_572.wav,glass,glass
glass_573.wav,glass,glass
glass_574.wav,glass,glass
glass_575.wav,stone_rock,glass
glass_576.wav,glass,glass
glass_577.wav,glass,glass
glass_578.wav,glass,glass
glass_579.wav,glass,glass
glass_580.wav,metal,glass
glass_581.wav,glass,glass
glass_582.wav,glass,glass
glass_583.wav,plastic,glass
glass_584.wav,glass,glass
glass_585.wav,glass,glass
glass_586.wav,glass,glass
glass_587.wav,glass,glass
glass_588.wav,glass,glass
glass_589.wav,glass,glass
glass_590.wav,glass,glass
glass_591.wav,glass,glass
glass_592.wav,glass,glass
glass_593.wav,glass,glass
glass_594.wav,slap_smack,glass
glass_595.wav,glass,glass
glass_596.wav,glass,glass
glass_597.wav,glass,glass
glass_598.wav,glass,glass
glass_599.wav,glass,glass
glass_600.wav,glass,glass
glass_601.wav,glass,glass
glass_602.wav,glass,glass
glass_603.wav,glass,glass
glass_604.wav,glass,glass
glass_605.wav,glass,glass
glass_606.wav,glass,glass
glass_607.wav,glass,glass
glass_608.wav,glass,glass
glass_609.wav,glass,glass
glass_610.wav,glass,glass
glass_611.wav,glass,glass
glass_612.wav,glass,glass
glass_613.wav,glass,glass
glass_614.wav,glass,glass
glass_615.wav,glass,glass
glass_616.wav,glass,glass
glass_617.wav,glass,glass
glass_618.wav,glass,glass
glass_619.wav,glass,glass
glass_620.wav,glass,glass
glass_621.wav,glass,glass
glass_622.wav,glass,glass
glass_623.wav,glass,glass
glass_624.wav,metal,glass
glass_625.wav,glass,glass
glass_626.wav,glass,glass
glass_627.wav,glass,glass
glass_628.wav,glass,glass
glass_629.wav,glass,glass
glass_630.wav,glass,glass
glass_631.wav,glass,glass
glass_632.wav,metal,glass
glass_633.wav,glass,glass
glass_634.wav,glass,glass
glass_635.wav,glass,glass
glass_636.wav,glass,glass
glass_637.wav,glass,glass
glass_638.wav,glass,glass
glass_639.wav,glass,glass
glass_640.wav,glass,glass
glass_641.wav,glass,glass
glass_642.wav,glass,glass
glass_643.wav,stone_rock,glass
glass_644.wav,glass,glass
glass_645.wav,glass,glass
glass_646.wav,glass,glass
glass_647.wav,glass,glass
glass_648.wav,metal,glass
glass_649.wav,stone_rock,glass
glass_650.wav,glass,glass
glass_651.wav,glass,glass
glass_652.wav,glass,glass
glass_653.wav,glass,glass
glass_654.wav,glass,glass
glass_655.wav,glass,glass
glass_656.wav,glass,glass
glass_657.wav,glass,glass
glass_658.wav,glass,glass
glass_659.wav,glass,glass
glass_660.wav,glass,glass
glass_661.wav,glass,glass
glass_662.wav,glass,glass
glass_663.wav,glass,glass
glass_664.wav,stone_rock,glass
glass_665.wav,glass,glass
glass_666.wav,glass,glass
glass_667.wav,glass,glass
glass_668.wav,glass,glass
glass_669.wav,glass,glass
glass_670.wav,glass,glass
glass_671.wav,glass,glass
glass_672.wav,glass,glass
glass_673.wav,glass,glass
glass_674.wav,metal,glass
glass_675.wav,glass,glass
glass_676.wav,glass,glass
glass_677.wav,glass,glass
glass_678.wav,glass,glass
glass_679.wav,glass,glass
glass_680.wav,glass,glass
glass_681.wav,glass,glass
glass_682.wav,glass,glass
glass_683.wav,glass,glass
glass_684.wav,glass,glass
glass_685.wav,glass,glass
glass_686.wav,glass,glass
glass_687.wav,glass,glass
glass_688.wav,metal,glass
glass_689.wav,glass,glass
glass_690.wav,glass,glass
glass_691.wav,glass,glass
glass_692.wav,glass,glass
glass_693.wav,glass,glass
glass_694.wav,glass,glass
glass_695.wav,glass,glass
glass_696.wav,glass,glass
glass_697.wav,glass,glass
glass_698.wav,glass,glass
glass_699.wav,glass,glass
glass_700.wav,glass,glass
glass_701.wav,glass,glass
glass_702.wav,glass,glass
glass_703.wav,glass,glass
glass_704.wav,glass,glass
glass_705.wav,glass,glass
glass_706.wav,glass,glass
glass_707.wav,glass,glass
glass_708.wav,glass,glass
glass_709.wav,glass,glass
glass_710.wav,glass,glass
glass_711.wav,glass,glass
glass_712.wav,glass,glass
glass_713.wav,glass,glass
glass_714.wav,glass,glass
glass_715.wav,glass,glass
glass_716.wav,glass,glass
glass_717.wav,glass,glass
glass_718.wav,glass,glass
glass_719.wav,glass,glass
glass_720.wav,glass,glass
glass_721.wav,glass,glass
glass_722.wav,glass,glass
glass_723.wav,glass,glass
glass_724.wav,glass,glass
glass_725.wav,glass,glass
glass_726.wav,glass,glass
glass_727.wav,glass,glass
glass_728.wav,metal,glass
glass_729.wav,glass,glass
glass_730.wav,glass,glass
glass_731.wav,glass,glass
glass_732.wav,glass,glass
glass_733.wav,glass,glass
glass_734.wav,glass,glass
glass_735.wav,glass,glass
glass_736.wav,metal,glass
glass_737.wav,glass,glass
glass_738.wav,glass,glass
glass_739.wav,glass,glass
glass_740.wav,glass,glass
glass_741.wav,glass,glass
glass_742.wav,metal,glass
glass_743.wav,metal,glass
glass_744.wav,glass,glass
glass_745.wav,glass,glass
glass_746.wav,glass,glass
glass_747.wav,slap_smack,glass
glass_748.wav,glass,glass
glass_749.wav,glass,glass
glass_750.wav,glass,glass
glass_751.wav,glass,glass
glass_752.wav,stone_rock,glass
glass_753.wav,glass,glass
glass_754.wav,glass,glass
glass_755.wav,glass,glass
glass_756.wav,glass,glass
glass_757.wav,glass,glass
glass_758.wav,glass,glass
glass_759.wav,glass,glass
glass_760.wav,glass,glass
glass_761.wav,glass,glass
glass_762.wav,glass,glass
glass_763.wav,glass,glass
glass_764.wav,glass,glass
glass_765.wav,glass,glass
glass_766.wav,glass,glass
glass_767.wav,glass,glass
glass_768.wav,glass,glass
glass_769.wav,glass,glass
glass_770.wav,glass,glass
glass_771.wav,glass,glass
glass_772.wav,glass,glass
glass_773.wav,glass,glass
glass_774.wav,glass,glass
glass_775.wav,glass,glass
glass_776.wav,glass,glass
glass_777.wav,glass,glass
glass_778.wav,glass,glass
glass_779.wav,glass,glass
glass_780.wav,glass,glass
glass_781.wav,glass,glass
glass_782.wav,glass,glass
glass_783.wav,glass,glass
glass_784.wav,glass,glass
glass_785.wav,glass,glass
glass_786.wav,glass,glass
glass_787.wav,glass,glass
glass_788.wav,glass,glass
glass_789.wav,glass,glass
glass_790.wav,glass,glass
glass_791.wav,metal,glass
glass_792.wav,stone_rock,glass
glass_793.wav,glass,glass
glass_794.wav,glass,glass
glass_795.wav,glass,glass
glass_796.wav,glass,glass
glass_797.wav,stone_rock,glass
glass_798.wav,glass,glass
glass_799.wav,glass,glass
glass_800.wav,glass,glass
glass_801.wav,glass,glass
glass_802.wav,glass,glass
glass_803.wav,metal,glass
glass_804.wav,glass,glass
glass_805.wav,plastic,glass
glass_806.wav,glass,glass
glass_807.wav,glass,glass
glass_808.wav,glass,glass
glass_809.wav,glass,glass
glass_810.wav,stone_rock,glass
glass_811.wav,glass,glass
glass_812.wav,glass,glass
glass_813.wav,glass,glass
glass_814.wav,glass,glass
glass_815.wav,glass,glass
glass_816.wav,glass,glass
glass_817.wav,glass,glass
glass_818.wav,glass,glass
glass_819.wav,glass,glass
glass_820.wav,glass,glass
glass_821.wav,glass,glass
glass_822.wav,glass,glass
glass_823.wav,metal,glass
glass_824.wav,glass,glass
glass_825.wav,metal,glass
glass_826.wav,glass,glass
glass_827.wav,glass,glass
glass_828.wav,glass,glass
glass_829.wav,glass,glass
glass_830.wav,glass,glass
glass_831.wav,glass,glass
glass_832.wav,glass,glass
glass_833.wav,glass,glass
glass_834.wav,glass,glass
glass_835.wav,glass,glass
glass_836.wav,glass,glass
glass_837.wav,metal,glass
glass_838.wav,metal,glass
glass_839.wav,glass,glass
glass_840.wav,glass,glass
glass_841.wav,glass,glass
glass_842.wav,glass,glass
glass_843.wav,glass,glass
glass_844.wav,glass,glass
glass_845.wav,glass,glass
glass_846.wav,glass,glass
glass_847.wav,glass,glass
glass_848.wav,glass,glass
glass_849.wav,glass,glass
glass_850.wav,glass,glass
glass_851.wav,glass,glass
glass_852.wav,glass,glass
glass_853.wav,glass,glass
glass_854.wav,glass,glass
glass_855.wav,glass,glass
glass_856.wav,glass,glass
glass_857.wav,glass,glass
glass_858.wav,glass,glass
glass_859.wav,glass,glass
glass_860.wav,glass,glass
glass_861.wav,glass,glass
glass_862.wav,glass,glass
glass_863.wav,glass,glass
glass_864.wav,glass,glass
glass_865.wav,glass,glass
glass_866.wav,glass,glass
glass_867.wav,glass,glass
glass_868.wav,glass,glass
glass_869.wav,glass,glass
glass_870.wav,glass,glass
glass_871.wav,glass,glass
glass_872.wav,glass,glass
glass_873.wav,glass,glass
glass_874.wav,metal,glass
glass_875.wav,glass,glass
glass_876.wav,glass,glass
glass_877.wav,glass,glass
glass_878.wav,glass,glass
glass_879.wav,stone_rock,glass
glass_880.wav,glass,glass
glass_881.wav,metal,glass
glass_882.wav,glass,glass
glass_883.wav,glass,glass
glass_884.wav,glass,glass
glass_885.wav,glass,glass
glass_886.wav,glass,glass
glass_887.wav,glass,glass
glass_888.wav,glass,glass
glass_889.wav,glass,glass
glass_890.wav,glass,glass
glass_891.wav,glass,glass
glass_892.wav,glass,glass
glass_893.wav,glass,glass
glass_894.wav,metal,glass
glass_895.wav,metal,glass
glass_896.wav,glass,glass
glass_897.wav,glass,glass
glass_898.wav,metal,glass
glass_899.wav,glass,glass
glass_900.wav,glass,glass
glass_901.wav,glass,glass
glass_902.wav,glass,glass
glass_903.wav,glass,glass
glass_904.wav,glass,glass
glass_905.wav,glass,glass
glass_906.wav,glass,glass
glass_907.wav,glass,glass
glass_908.wav,glass,glass
glass_909.wav,glass,glass
glass_910.wav,glass,glass
glass_911.wav,glass,glass
glass_912.wav,glass,glass
glass_913.wav,glass,glass
glass_914.wav,glass,glass
glass_915.wav,glass,glass
glass_916.wav,glass,glass
glass_917.wav,glass,glass
glass_918.wav,glass,glass
glass_919.wav,glass,glass
glass_920.wav,glass,glass
glass_921.wav,glass,glass
glass_922.wav,metal,glass
glass_923.wav,glass,glass
glass_924.wav,metal,glass
glass_925.wav,glass,glass
glass_926.wav,glass,glass
glass_927.wav,glass,glass
glass_928.wav,glass,glass
glass_929.wav,glass,glass
glass_930.wav,glass,glass
glass_931.wav,glass,glass
glass_932.wav,glass,glass
glass_933.wav,glass,glass
glass_934.wav,glass,glass
glass_935.wav,glass,glass
glass_936.wav,glass,glass
glass_937.wav,glass,glass
glass_938.wav,glass,glass
glass_939.wav,glass,glass
glass_940.wav,glass,glass
glass_941.wav,glass,glass
glass_942.wav,stone_rock,glass
glass_943.wav,glass,glass
glass_944.wav,glass,glass
glass_945.wav,glass,glass
glass_946.wav,glass,glass
glass_947.wav,glass,glass
glass_948.wav,glass,glass
glass_949.wav,glass,glass
glass_950.wav,glass,glass
glass_951.wav,glass,glass
glass_952.wav,glass,glass
glass_953.wav,glass,glass
glass_954.wav,glass,glass
glass_955.wav,glass,glass
glass_956.wav,glass,glass
glass_957.wav,glass,glass
glass_958.wav,glass,glass
glass_959.wav,glass,glass
glass_960.wav,glass,glass
glass_961.wav,glass,glass
glass_962.wav,stone_rock,glass
glass_963.wav,glass,glass
glass_964.wav,glass,glass
glass_965.wav,glass,glass
glass_966.wav,glass,glass
glass_967.wav,glass,glass
glass_968.wav,glass,glass
glass_969.wav,glass,glass
glass_970.wav,glass,glass
glass_971.wav,metal,glass
glass_972.wav,metal,glass
glass_973.wav,glass,glass
glass_974.wav,glass,glass
glass_975.wav,metal,glass
glass_976.wav,glass,glass
glass_977.wav,metal,glass
glass_978.wav,metal,glass
glass_979.wav,glass,glass
glass_980.wav,glass,glass
glass_981.wav,glass,glass
glass_982.wav,stone_rock,glass
glass_983.wav,metal,glass
glass_984.wav,glass,glass
glass_985.wav,glass,glass
glass_986.wav,glass,glass
glass_987.wav,glass,glass
glass_988.wav,glass,glass
glass_989.wav,glass,glass
glass_990.wav,glass,glass
glass_991.wav,glass,glass
glass_992.wav,glass,glass
glass_993.wav,glass,glass
glass_994.wav,glass,glass
glass_995.wav,glass,glass
glass_996.wav,glass,glass
glass_997.wav,glass,glass
glass_998.wav,glass,glass
glass_999.wav,glass,glass
glass_1000.wav,glass,glass
water_1.wav,water,water
water_2.wav,water,water
water_3.wav,water,water
water_4.wav,water,water
water_5.wav,water,water
water_6.wav,water,water
water_7.wav,water,water
water_8.wav,water,water
water_9.wav,water,water
water_10.wav,water,water
water_11.wav,water,water
water_12.wav,water,water
water_13.wav,water,water
water_14.wav,water,water
water_15.wav,water,water
water_16.wav,water,water
water_17.wav,water,water
water_18.wav,water,water
water_19.wav,water,water
water_20.wav,water,water
water_21.wav,water,water
water_22.wav,water,water
water_23.wav,water,water
water_24.wav,water,water
water_25.wav,water,water
water_26.wav,water,water
water_27.wav,water,water
water_28.wav,water,water
water_29.wav,water,water
water_30.wav,water,water
water_31.wav,water,water
water_32.wav,water,water
water_33.wav,water,water
water_34.wav,water,water
water_35.wav,water,water
water_36.wav,water,water
water_37.wav,water,water
water_38.wav,water,water
water_39.wav,water,water
water_40.wav,water,water
water_41.wav,water,water
water_42.wav,water,water
water_43.wav,water,water
water_44.wav,water,water
water_45.wav,water,water
water_46.wav,water,water
water_47.wav,water,water
water_48.wav,water,water
water_49.wav,water,water
water_50.wav,water,water
water_51.wav,water,water
water_52.wav,water,water
water_53.wav,water,water
water_54.wav,water,water
water_55.wav,water,water
water_56.wav,water,water
water_57.wav,water,water
water_58.wav,water,water
water_59.wav,water,water
water_60.wav,water,water
water_61.wav,water,water
water_62.wav,water,water
water_63.wav,water,water
water_64.wav,water,water
water_65.wav,water,water
water_66.wav,water,water
water_67.wav,water,water
water_68.wav,water,water
water_69.wav,water,water
water_70.wav,water,water
water_71.wav,water,water
water_72.wav,water,water
water_73.wav,water,water
water_74.wav,water,water
water_75.wav,water,water
water_76.wav,water,water
water_77.wav,water,water
water_78.wav,water,water
water_79.wav,water,water
water_80.wav,water,water
water_81.wav,water,water
water_82.wav,water,water
water_83.wav,water,water
water_84.wav,water,water
water_85.wav,water,water
water_86.wav,water,water
water_87.wav,water,water
water_88.wav,water,water
water_89.wav,water,water
water_90.wav,water,water
water_91.wav,water,water
water_92.wav,water,water
water_93.wav,water,water
water_94.wav,water,water
water_95.wav,water,water
water_96.wav,water,water
water_97.wav,water,water
water_98.wav,water,water
water_99.wav,water,water
water_100.wav,water,water
water_101.wav,water,water
water_102.wav,water,water
water_103.wav,water,water
water_104.wav,water,water
water_105.wav,water,water
water_106.wav,water,water
water_107.wav,water,water
water_108.wav,water,water
water_109.wav,water,water
water_110.wav,water,water
water_111.wav,water,water
water_112.wav,water,water
water_113.wav,water,water
water_114.wav,water,water
water_115.wav,water,water
water_116.wav,water,water
water_117.wav,water,water
water_118.wav,water,water
water_119.wav,water,water
water_120.wav,water,water
water_121.wav,water,water
water_122.wav,water,water
water_123.wav,water,water
water_124.wav,water,water
water_125.wav,water,water
water_126.wav,water,water
water_127.wav,water,water
water_128.wav,water,water
water_129.wav,water,water
water_130.wav,water,water
water_131.wav,water,water
water_132.wav,water,water
water_133.wav,water,water
water_134.wav,water,water
water_135.wav,water,water
water_136.wav,water,water
water_137.wav,water,water
water_138.wav,water,water
water_139.wav,water,water
water_140.wav,water,water
water_141.wav,water,water
water_142.wav,water,water
water_143.wav,water,water
water_144.wav,water,water
water_145.wav,water,water
water_146.wav,water,water
water_147.wav,water,water
water_148.wav,water,water
water_149.wav,water,water
water_150.wav,water,water
water_151.wav,water,water
water_152.wav,water,water
water_153.wav,water,water
water_154.wav,water,water
water_155.wav,water,water
water_156.wav,water,water
water_157.wav,water,water
water_158.wav,water,water
water_159.wav,water,water
water_160.wav,water,water
water_161.wav,water,water
water_162.wav,water,water
water_163.wav,water,water
water_164.wav,water,water
water_165.wav,water,water
water_166.wav,water,water
water_167.wav,water,water
water_168.wav,water,water
water_169.wav,water,water
water_170.wav,water,water
water_171.wav,water,water
water_172.wav,water,water
water_173.wav,water,water
water_174.wav,water,water
water_175.wav,water,water
water_176.wav,water,water
water_177.wav,water,water
water_178.wav,water,water
water_179.wav,water,water
water_180.wav,water,water
water_181.wav,water,water
water_182.wav,water,water
water_183.wav,water,water
water_184.wav,water,water
water_185.wav,water,water
water_186.wav,water,water
water_187.wav,water,water
water_188.wav,water,water
water_189.wav,water,water
water_190.wav,water,water
water_191.wav,water,water
water_192.wav,water,water
water_193.wav,water,water
water_194.wav,water,water
water_195.wav,water,water
water_196.wav,water,water
water_197.wav,water,water
water_198.wav,water,water
water_199.wav,water,water
water_200.wav,water,water
water_201.wav,water,water
water_202.wav,water,water
water_203.wav,water,water
water_204.wav,water,water
water_205.wav,water,water
water_206.wav,water,water
water_207.wav,water,water
water_208.wav,water,water
water_209.wav,water,water
water_210.wav,water,water
water_211.wav,water,water
water_212.wav,water,water
water_213.wav,water,water
water_214.wav,water,water
water_215.wav,water,water
water_216.wav,water,water
water_217.wav,water,water
water_218.wav,water,water
water_219.wav,water,water
water_220.wav,water,water
water_221.wav,water,water
water_222.wav,water,water
water_223.wav,water,water
water_224.wav,water,water
water_225.wav,water,water
water_226.wav,water,water
water_227.wav,water,water
water_228.wav,water,water
water_229.wav,water,water
water_230.wav,water,water
water_231.wav,water,water
water_232.wav,water,water
water_233.wav,water,water
water_234.wav,water,water
water_235.wav,water,water
water_236.wav,water,water
water_237.wav,water,water
water_238.wav,water,water
water_239.wav,water,water
water_240.wav,water,water
water_241.wav,water,water
water_242.wav,water,water
water_243.wav,water,water
water_244.wav,water,water
water_245.wav,water,water
water_246.wav,water,water
water_247.wav,water,water
water_248.wav,water,water
water_249.wav,water,water
water_250.wav,water,water
water_251.wav,water,water
water_252.wav,water,water
water_253.wav,water,water
water_254.wav,water,water
water_255.wav,water,water
water_256.wav,water,water
water_257.wav,water,water
water_258.wav,water,water
water_259.wav,water,water
water_260.wav,water,water
water_261.wav,water,water
water_262.wav,water,water
water_263.wav,water,water
water_264.wav,water,water
water_265.wav,water,water
water_266.wav,water,water
water_267.wav,water,water
water_268.wav,water,water
water_269.wav,water,water
water_270.wav,water,water
water_271.wav,water,water
water_272.wav,water,water
water_273.wav,water,water
water_274.wav,water,water
water_275.wav,water,water
water_276.wav,water,water
water_277.wav,water,water
water_278.wav,water,water
water_279.wav,water,water
water_280.wav,water,water
water_281.wav,water,water
water_282.wav,water,water
water_283.wav,water,water
water_284.wav,water,water
water_285.wav,water,water
water_286.wav,water,water
water_287.wav,water,water
water_288.wav,water,water
water_289.wav,water,water
water_290.wav,water,water
water_291.wav,water,water
water_292.wav,water,water
water_293.wav,water,water
water_294.wav,water,water
water_295.wav,water,water
water_296.wav,water,water
water_297.wav,water,water
water_298.wav,water,water
water_299.wav,water,water
water_300.wav,water,water
water_301.wav,water,water
water_302.wav,water,water
water_303.wav,water,water
water_304.wav,water,water
water_305.wav,water,water
water_306.wav,water,water
water_307.wav,water,water
water_308.wav,water,water
water_309.wav,water,water
water_310.wav,water,water
water_311.wav,water,water
water_312.wav,water,water
water_313.wav,water,water
water_314.wav,water,water
water_315.wav,water,water
water_316.wav,water,water
water_317.wav,water,water
water_318.wav,water,water
water_319.wav,water,water
water_320.wav,water,water
water_321.wav,water,water
water_322.wav,water,water
water_323.wav,water,water
water_324.wav,water,water
water_325.wav,water,water
water_326.wav,water,water
water_327.wav,water,water
water_328.wav,water,water
water_329.wav,water,water
water_330.wav,water,water
water_331.wav,water,water
water_332.wav,water,water
water_333.wav,water,water
water_334.wav,water,water
water_335.wav,water,water
water_336.wav,water,water
water_337.wav,water,water
water_338.wav,water,water
water_339.wav,water,water
water_340.wav,water,water
water_341.wav,water,water
water_342.wav,water,water
water_343.wav,water,water
water_344.wav,water,water
water_345.wav,water,water
water_346.wav,water,water
water_347.wav,water,water
water_348.wav,water,water
water_349.wav,water,water
water_350.wav,water,water
water_351.wav,water,water
water_352.wav,water,water
water_353.wav,water,water
water_354.wav,water,water
water_355.wav,water,water
water_356.wav,water,water
water_357.wav,water,water
water_358.wav,water,water
water_359.wav,water,water
water_360.wav,water,water
water_361.wav,water,water
water_362.wav,water,water
water_363.wav,water,water
water_364.wav,water,water
water_365.wav,water,water
water_366.wav,water,water
water_367.wav,water,water
water_368.wav,water,water
water_369.wav,water,water
water_370.wav,water,water
water_371.wav,water,water
water_372.wav,water,water
water_373.wav,water,water
water_374.wav,water,water
water_375.wav,water,water
water_376.wav,water,water
water_377.wav,water,water
water_378.wav,water,water
water_379.wav,water,water
water_380.wav,water,water
water_381.wav,water,water
water_382.wav,water,water
water_383.wav,water,water
water_384.wav,water,water
water_385.wav,water,water
water_386.wav,water,water
water_387.wav,water,water
water_388.wav,water,water
water_389.wav,engine,water
water_390.wav,water,water
water_391.wav,water,water
water_392.wav,water,water
water_393.wav,water,water
water_394.wav,water,water
water_395.wav,water,water
water_396.wav,water,water
water_397.wav,water,water
water_398.wav,water,water
water_399.wav,water,water
water_400.wav,water,water
water_401.wav,water,water
water_402.wav,water,water
water_403.wav,water,water
water_404.wav,water,water
water_405.wav,water,water
water_406.wav,water,water
water_407.wav,water,water
water_408.wav,water,water
water_409.wav,water,water
water_410.wav,water,water
water_411.wav,water,water
water_412.wav,water,water
water_413.wav,water,water
water_414.wav,water,water
water_415.wav,water,water
water_416.wav,water,water
water_417.wav,water,water
water_418.wav,water,water
water_419.wav,water,water
water_420.wav,water,water
water_421.wav,water,water
water_422.wav,water,water
water_423.wav,water,water
water_424.wav,water,water
water_425.wav,water,water
water_426.wav,water,water
water_427.wav,water,water
water_428.wav,water,water
water_429.wav,water,water
water_430.wav,water,water
water_431.wav,water,water
water_432.wav,water,water
water_433.wav,water,water
water_434.wav,water,water
water_435.wav,water,water
water_436.wav,water,water
water_437.wav,water,water
water_438.wav,water,water
water_439.wav,water,water
water_440.wav,water,water
water_441.wav,water,water
water_442.wav,water,water
water_443.wav,water,water
water_444.wav,water,water
water_445.wav,water,water
water_446.wav,water,water
water_447.wav,water,water
water_448.wav,water,water
water_449.wav,water,water
water_450.wav,water,water
water_451.wav,water,water
water_452.wav,water,water
water_453.wav,water,water
water_454.wav,water,water
water_455.wav,water,water
water_456.wav,water,water
water_457.wav,water,water
water_458.wav,water,water
water_459.wav,water,water
water_460.wav,water,water
water_461.wav,water,water
water_462.wav,water,water
water_463.wav,water,water
water_464.wav,water,water
water_465.wav,water,water
water_466.wav,water,water
water_467.wav,water,water
water_468.wav,water,water
water_469.wav,water,water
water_470.wav,water,water
water_471.wav,water,water
water_472.wav,water,water
water_473.wav,water,water
water_474.wav,water,water
water_475.wav,water,water
water_476.wav,water,water
water_477.wav,water,water
water_478.wav,water,water
water_479.wav,water,water
water_480.wav,water,water
water_481.wav,water,water
water_482.wav,water,water
water_483.wav,water,water
water_484.wav,water,water
water_485.wav,water,water
water_486.wav,water,water
water_487.wav,water,water
water_488.wav,water,water
water_489.wav,water,water
water_490.wav,water,water
water_491.wav,water,water
water_492.wav,water,water
water_493.wav,water,water
water_494.wav,water,water
water_495.wav,water,water
water_496.wav,water,water
water_497.wav,water,water
water_498.wav,water,water
water_499.wav,water,water
water_500.wav,water,water
water_501.wav,water,water
water_502.wav,water,water
water_503.wav,water,water
water_504.wav,water,water
water_505.wav,water,water
water_506.wav,water,water
water_507.wav,water,water
water_508.wav,water,water
water_509.wav,water,water
water_510.wav,water,water
water_511.wav,water,water
water_512.wav,water,water
water_513.wav,water,water
water_514.wav,water,water
water_515.wav,water,water
water_516.wav,water,water
water_517.wav,water,water
water_518.wav,water,water
water_519.wav,water,water
water_520.wav,water,water
water_521.wav,water,water
water_522.wav,water,water
water_523.wav,water,water
water_524.wav,water,water
water_525.wav,rain,water
water_526.wav,water,water
water_527.wav,water,water
water_528.wav,water,water
water_529.wav,water,water
water_530.wav,water,water
water_531.wav,water,water
water_532.wav,water,water
water_533.wav,water,water
water_534.wav,water,water
water_535.wav,water,water
water_536.wav,water,water
water_537.wav,water,water
water_538.wav,water,water
water_539.wav,water,water
water_540.wav,water,water
water_541.wav,water,water
water_542.wav,water,water
water_543.wav,water,water
water_544.wav,water,water
water_545.wav,water,water
water_546.wav,water,water
water_547.wav,water,water
water_548.wav,water,water
water_549.wav,water,water
water_550.wav,water,water
water_551.wav,water,water
water_552.wav,water,water
water_553.wav,water,water
water_554.wav,water,water
water_555.wav,water,water
water_556.wav,water,water
water_557.wav,water,water
water_558.wav,water,water
water_559.wav,water,water
water_560.wav,water,water
water_561.wav,water,water
water_562.wav,water,water
water_563.wav,water,water
water_564.wav,water,water
water_565.wav,water,water
water_566.wav,water,water
water_567.wav,water,water
water_568.wav,water,water
water_569.wav,water,water
water_570.wav,water,water
water_571.wav,water,water
water_572.wav,water,water
water_573.wav,water,water
water_574.wav,water,water
water_575.wav,water,water
water_576.wav,water,water
water_577.wav,water,water
water_578.wav,water,water
water_579.wav,water,water
water_580.wav,water,water
water_581.wav,water,water
water_582.wav,water,water
water_583.wav,water,water
water_584.wav,water,water
water_585.wav,water,water
water_586.wav,water,water
water_587.wav,water,water
water_588.wav,water,water
water_589.wav,water,water
water_590.wav,water,water
water_591.wav,water,water
water_592.wav,water,water
water_593.wav,water,water
water_594.wav,water,water
water_595.wav,water,water
water_596.wav,water,water
water_597.wav,wood,water
water_598.wav,water,water
water_599.wav,water,water
water_600.wav,water,water
water_601.wav,water,water
water_602.wav,water,water
water_603.wav,water,water
water_604.wav,water,water
water_605.wav,water,water
water_606.wav,water,water
water_607.wav,water,water
water_608.wav,water,water
water_609.wav,water,water
water_610.wav,water,water
water_611.wav,water,water
water_612.wav,water,water
water_613.wav,water,water
water_614.wav,water,water
water_615.wav,water,water
water_616.wav,water,water
water_617.wav,water,water
water_618.wav,water,water
water_619.wav,water,water
water_620.wav,water,water
water_621.wav,water,water
water_622.wav,water,water
water_623.wav,water,water
water_624.wav,water,water
water_625.wav,water,water
water_626.wav,water,water
water_627.wav,water,water
water_628.wav,water,water
water_629.wav,water,water
water_630.wav,water,water
water_631.wav,water,water
water_632.wav,water,water
water_633.wav,water,water
water_634.wav,water,water
water_635.wav,water,water
water_636.wav,water,water
water_637.wav,water,water
water_638.wav,water,water
water_639.wav,water,water
water_640.wav,water,water
water_641.wav,water,water
water_642.wav,water,water
water_643.wav,water,water
water_644.wav,water,water
water_645.wav,water,water
water_646.wav,water,water
water_647.wav,water,water
water_648.wav,water,water
water_649.wav,water,water
water_650.wav,water,water
water_651.wav,water,water
water_652.wav,water,water
water_653.wav,water,water
water_654.wav,water,water
water_655.wav,water,water
water_656.wav,water,water
water_657.wav,water,water
water_658.wav,water,water
water_659.wav,water,water
water_660.wav,water,water
water_661.wav,water,water
water_662.wav,water,water
water_663.wav,water,water
water_664.wav,water,water
water_665.wav,water,water
water_666.wav,water,water
water_667.wav,water,water
water_668.wav,water,water
water_669.wav,water,water
water_670.wav,water,water
water_671.wav,water,water
water_672.wav,water,water
water_673.wav,water,water
water_674.wav,water,water
water_675.wav,water,water
water_676.wav,water,water
water_677.wav,water,water
water_678.wav,water,water
water_679.wav,water,water
water_680.wav,water,water
water_681.wav,water,water
water_682.wav,water,water
water_683.wav,water,water
water_684.wav,water,water
water_685.wav,water,water
water_686.wav,water,water
water_687.wav,water,water
water_688.wav,water,water
water_689.wav,water,water
water_690.wav,water,water
water_691.wav,water,water
water_692.wav,water,water
water_693.wav,water,water
water_694.wav,water,water
water_695.wav,water,water
water_696.wav,water,water
water_697.wav,water,water
water_698.wav,water,water
water_699.wav,water,water
water_700.wav,water,water
water_701.wav,water,water
water_702.wav,water,water
water_703.wav,water,water
water_704.wav,water,water
water_705.wav,water,water
water_706.wav,water,water
water_707.wav,water,water
water_708.wav,water,water
water_709.wav,water,water
water_710.wav,water,water
water_711.wav,water,water
water_712.wav,water,water
water_713.wav,water,water
water_714.wav,water,water
water_715.wav,water,water
water_716.wav,water,water
water_717.wav,water,water
water_718.wav,water,water
water_719.wav,water,water
water_720.wav,water,water
water_721.wav,water,water
water_722.wav,water,water
water_723.wav,water,water
water_724.wav,water,water
water_725.wav,water,water
water_726.wav,water,water
water_727.wav,water,water
water_728.wav,water,water
water_729.wav,water,water
water_730.wav,water,water
water_731.wav,water,water
water_732.wav,water,water
water_733.wav,water,water
water_734.wav,water,water
water_735.wav,water,water
water_736.wav,water,water
water_737.wav,water,water
water_738.wav,water,water
water_739.wav,water,water
water_740.wav,water,water
water_741.wav,water,water
water_742.wav,water,water
water_743.wav,water,water
water_744.wav,water,water
water_745.wav,water,water
water_746.wav,water,water
water_747.wav,water,water
water_748.wav,water,water
water_749.wav,water,water
water_750.wav,water,water
water_751.wav,water,water
water_752.wav,water,water
water_753.wav,water,water
water_754.wav,water,water
water_755.wav,water,water
water_756.wav,water,water
water_757.wav,water,water
water_758.wav,water,water
water_759.wav,water,water
water_760.wav,water,water
water_761.wav,water,water
water_762.wav,water,water
water_763.wav,water,water
water_764.wav,water,water
water_765.wav,water,water
water_766.wav,water,water
water_767.wav,water,water
water_768.wav,water,water
water_769.wav,water,water
water_770.wav,water,water
water_771.wav,water,water
water_772.wav,water,water
water_773.wav,water,water
water_774.wav,water,water
water_775.wav,water,water
water_776.wav,water,water
water_777.wav,water,water
water_778.wav,water,water
water_779.wav,water,water
water_780.wav,water,water
water_781.wav,water,water
water_782.wav,water,water
water_783.wav,water,water
water_784.wav,water,water
water_785.wav,water,water
water_786.wav,water,water
water_787.wav,water,water
water_788.wav,water,water
water_789.wav,water,water
water_790.wav,water,water
water_791.wav,water,water
water_792.wav,water,water
water_793.wav,water,water
water_794.wav,water,water
water_795.wav,water,water
water_796.wav,water,water
water_797.wav,water,water
water_798.wav,water,water
water_799.wav,water,water
water_800.wav,water,water
water_801.wav,water,water
water_802.wav,water,water
water_803.wav,water,water
water_804.wav,water,water
water_805.wav,water,water
water_806.wav,water,water
water_807.wav,water,water
water_808.wav,water,water
water_809.wav,water,water
water_810.wav,water,water
water_811.wav,water,water
water_812.wav,water,water
water_813.wav,water,water
water_814.wav,water,water
water_815.wav,water,water
water_816.wav,water,water
water_817.wav,water,water
water_818.wav,water,water
water_819.wav,water,water
water_820.wav,water,water
water_821.wav,water,water
water_822.wav,water,water
water_823.wav,water,water
water_824.wav,water,water
water_825.wav,water,water
water_826.wav,water,water
water_827.wav,water,water
water_828.wav,water,water
water_829.wav,water,water
water_830.wav,water,water
water_831.wav,water,water
water_832.wav,water,water
water_833.wav,water,water
water_834.wav,water,water
water_835.wav,water,water
water_836.wav,water,water
water_837.wav,water,water
water_838.wav,water,water
water_839.wav,water,water
water_840.wav,water,water
water_841.wav,water,water
water_842.wav,water,water
water_843.wav,water,water
water_844.wav,water,water
water_845.wav,water,water
water_846.wav,water,water
water_847.wav,water,water
water_848.wav,water,water
water_849.wav,water,water
water_850.wav,water,water
water_851.wav,water,water
water_852.wav,water,water
water_853.wav,water,water
water_854.wav,water,water
water_855.wav,water,water
water_856.wav,water,water
water_857.wav,water,water
water_858.wav,water,water
water_859.wav,water,water
water_860.wav,water,water
water_861.wav,water,water
water_862.wav,water,water
water_863.wav,water,water
water_864.wav,water,water
water_865.wav,water,water
water_866.wav,water,water
water_867.wav,water,water
water_868.wav,water,water
water_869.wav,water,water
water_870.wav,water,water
water_871.wav,water,water
water_872.wav,water,water
water_873.wav,water,water
water_874.wav,water,water
water_875.wav,water,water
water_876.wav,water,water
water_877.wav,water,water
water_878.wav,water,water
water_879.wav,water,water
water_880.wav,water,water
water_881.wav,water,water
water_882.wav,water,water
water_883.wav,water,water
water_884.wav,water,water
water_885.wav,water,water
water_886.wav,water,water
water_887.wav,water,water
water_888.wav,water,water
water_889.wav,water,water
water_890.wav,water,water
water_891.wav,water,water
water_892.wav,water,water
water_893.wav,water,water
water_894.wav,water,water
water_895.wav,water,water
water_896.wav,water,water
water_897.wav,water,water
water_898.wav,water,water
water_899.wav,water,water
water_900.wav,water,water
water_901.wav,water,water
water_902.wav,water,water
water_903.wav,water,water
water_904.wav,water,water
water_905.wav,water,water
water_906.wav,water,water
water_907.wav,water,water
water_908.wav,water,water
water_909.wav,water,water
water_910.wav,water,water
water_911.wav,water,water
water_912.wav,water,water
water_913.wav,water,water
water_914.wav,water,water
water_915.wav,water,water
water_916.wav,water,water
water_917.wav,water,water
water_918.wav,water,water
water_919.wav,water,water
water_920.wav,water,water
water_921.wav,water,water
water_922.wav,water,water
water_923.wav,water,water
water_924.wav,water,water
water_925.wav,water,water
water_926.wav,water,water
water_927.wav,water,water
water_928.wav,water,water
water_929.wav,water,water
water_930.wav,water,water
water_931.wav,water,water
water_932.wav,water,water
water_933.wav,water,water
water_934.wav,water,water
water_935.wav,water,water
water_936.wav,water,water
water_937.wav,water,water
water_938.wav,water,water
water_939.wav,water,water
water_940.wav,water,water
water_941.wav,water,water
water_942.wav,water,water
water_943.wav,rain,water
water_944.wav,water,water
water_945.wav,water,water
water_946.wav,water,water
water_947.wav,water,water
water_948.wav,water,water
water_949.wav,water,water
water_950.wav,water,water
water_951.wav,water,water
water_952.wav,water,water
water_953.wav,water,water
water_954.wav,water,water
water_955.wav,water,water
water_956.wav,water,water
water_957.wav,water,water
water_958.wav,water,water
water_959.wav,water,water
water_960.wav,water,water
water_961.wav,water,water
water_962.wav,water,water
water_963.wav,water,water
water_964.wav,water,water
water_965.wav,water,water
water_966.wav,water,water
water_967.wav,water,water
water_968.wav,water,water
water_969.wav,water,water
water_970.wav,water,water
water_971.wav,water,water
water_972.wav,water,water
water_973.wav,water,water
water_974.wav,water,water
water_975.wav,water,water
water_976.wav,water,water
water_977.wav,water,water
water_978.wav,water,water
water_979.wav,water,water
water_980.wav,water,water
water_981.wav,tools,water
water_982.wav,water,water
water_983.wav,water,water
water_984.wav,water,water
water_985.wav,water,water
water_986.wav,water,water
water_987.wav,water,water
water_988.wav,water,water
water_989.wav,water,water
water_990.wav,water,water
water_991.wav,water,water
water_992.wav,water,water
water_993.wav,water,water
water_994.wav,water,water
water_995.wav,water,water
water_996.wav,water,water
water_997.wav,water,water
water_998.wav,water,water
water_999.wav,water,water
water_1000.wav,water,water
